country,year,gender,age,bin,midp_bin_res_1yr_log_chg_distr,dens_bin_res_1yr_log_chg_distr,midp_bin_res_5yr_log_chg_distr,dens_bin_res_5yr_log_chg_distr,midp_bin_log_inc_distr,dens_bin_log_inc_distr
IRL,2005,All genders,25-55,1,-4.7841377,.00016679001,-5.8110952,.000098210003,7.6603928,.0082461201
IRL,2005,All genders,25-55,2,-4.7637811,.00019177,-5.7875581,.00012179,7.679461,.01224591
IRL,2005,All genders,25-55,3,-4.7434249,0,-5.7640204,.00011388,7.6985297,.01662311
IRL,2005,All genders,25-55,4,-4.7230687,0,-5.7404833,.000074470001,7.717598,.02119755
IRL,2005,All genders,25-55,5,-4.7027121,0,-5.7169456,3.5600001e-06,7.7366662,.025807779
IRL,2005,All genders,25-55,6,-4.6823559,0,-5.693408,0,7.7557349,.030287281
IRL,2005,All genders,25-55,7,-4.6619992,.000084040003,-5.6698709,0,7.7748032,.034331199
IRL,2005,All genders,25-55,8,-4.641643,.00020811,-5.6463332,0,7.7938714,.038003061
IRL,2005,All genders,25-55,9,-4.6212864,.00010978,-5.6227961,0,7.8129401,.04097297
IRL,2005,All genders,25-55,10,-4.6009302,.00028378001,-5.5992584,0,7.8320084,.04315925
IRL,2005,All genders,25-55,11,-4.580574,.00038243999,-5.5757208,0,7.8510766,.044291802
IRL,2005,All genders,25-55,12,-4.5602174,.000097470001,-5.5521836,0,7.8701453,.04489043
IRL,2005,All genders,25-55,13,-4.5398612,0,-5.528646,0,7.8892136,.045710489
IRL,2005,All genders,25-55,14,-4.5195045,0,-5.5051088,0,7.9082823,.046684269
IRL,2005,All genders,25-55,15,-4.4991484,0,-5.4815712,0,7.9273505,.047815342
IRL,2005,All genders,25-55,16,-4.4787917,.00009645,-5.4580336,0,7.9464188,.048863921
IRL,2005,All genders,25-55,17,-4.4584355,.00020849,-5.4344964,0,7.9654875,.049882531
IRL,2005,All genders,25-55,18,-4.4380794,.00026211,-5.4109588,0,7.9845557,.050782971
IRL,2005,All genders,25-55,19,-4.4177227,.00032801001,-5.3874216,0,8.003624,.051475622
IRL,2005,All genders,25-55,20,-4.3973665,.00020523999,-5.363884,0,8.0226927,.052094821
IRL,2005,All genders,25-55,21,-4.3770099,.000052449999,-5.3403468,0,8.0417604,.05276683
IRL,2005,All genders,25-55,22,-4.3566537,0,-5.3168092,0,8.0608292,.05366613
IRL,2005,All genders,25-55,23,-4.336297,0,-5.2932715,0,8.0798979,.054551732
IRL,2005,All genders,25-55,24,-4.3159409,0,-5.2697344,0,8.0989666,.055501308
IRL,2005,All genders,25-55,25,-4.2955842,0,-5.2461967,0,8.1180344,.056554262
IRL,2005,All genders,25-55,26,-4.275228,0,-5.2226596,0,8.1371031,.05771469
IRL,2005,All genders,25-55,27,-4.2548718,0,-5.199122,0,8.1561718,.0591406
IRL,2005,All genders,25-55,28,-4.2345152,.00017422999,-5.1755843,0,8.1752396,.06066224
IRL,2005,All genders,25-55,29,-4.214159,.00018647,-5.1520472,.000070069997,8.1943083,.062272921
IRL,2005,All genders,25-55,30,-4.1938024,0,-5.1285095,.00011194,8.213377,.063846119
IRL,2005,All genders,25-55,31,-4.1734462,.00026199,-5.1049724,.00012231,8.2324448,.065254867
IRL,2005,All genders,25-55,32,-4.1530895,.00040834001,-5.0814347,.00016349999,8.2515135,.066690691
IRL,2005,All genders,25-55,33,-4.1327333,.00023313001,-5.0578971,.00017426,8.2705822,.068098493
IRL,2005,All genders,25-55,34,-4.1123772,.00020676,-5.0343599,.00020587,8.28965,.069430843
IRL,2005,All genders,25-55,35,-4.0920205,.000067859997,-5.0108223,.00025501,8.3087187,.070895091
IRL,2005,All genders,25-55,36,-4.0716643,.0001966,-4.9872851,.00026907999,8.3277874,.072270431
IRL,2005,All genders,25-55,37,-4.0513077,.00051167997,-4.9637475,.00021152,8.3468552,.073856592
IRL,2005,All genders,25-55,38,-4.0309515,.00038000001,-4.9402099,.00014814999,8.3659239,.075222701
IRL,2005,All genders,25-55,39,-4.0105948,.000089130001,-4.9166727,.000082519997,8.3849926,.076565273
IRL,2005,All genders,25-55,40,-3.9902387,0,-4.8931351,.00001643,8.4040604,.077718049
IRL,2005,All genders,25-55,41,-3.9698822,0,-4.8695979,0,8.4231291,.079178236
IRL,2005,All genders,25-55,42,-3.9495258,0,-4.8460603,0,8.4421978,.080606312
IRL,2005,All genders,25-55,43,-3.9291694,0,-4.8225231,0,8.4612656,.082082354
IRL,2005,All genders,25-55,44,-3.908813,0,-4.7989855,0,8.4803343,.083362073
IRL,2005,All genders,25-55,45,-3.8884566,0,-4.7754478,0,8.499403,.084185041
IRL,2005,All genders,25-55,46,-3.8681004,.00015545,-4.7519107,0,8.5184708,.085212417
IRL,2005,All genders,25-55,47,-3.847744,.00034606,-4.7283731,.000071119997,8.5375395,.086524911
IRL,2005,All genders,25-55,48,-3.8273876,.00021856,-4.7048359,.00011241,8.5566082,.088280782
IRL,2005,All genders,25-55,49,-3.8070312,.000043460001,-4.6812983,.0001222,8.575676,.090397634
IRL,2005,All genders,25-55,50,-3.7866747,.0003358,-4.6577606,.0001005,8.5947447,.09219832
IRL,2005,All genders,25-55,51,-3.7663183,.00054263999,-4.6342235,.0000473,8.6138134,.094158418
IRL,2005,All genders,25-55,52,-3.7459619,.00026433001,-4.6106858,0,8.6328812,.095831789
IRL,2005,All genders,25-55,53,-3.7256055,.00039612001,-4.5871487,0,8.6519499,.097269326
IRL,2005,All genders,25-55,54,-3.7052493,.00065577001,-4.563611,.000069369999,8.6710186,.098692372
IRL,2005,All genders,25-55,55,-3.6848929,.00067808002,-4.5400734,.00011162,8.6900873,.10048254
IRL,2005,All genders,25-55,56,-3.6645365,.00041129999,-4.5165362,.00012932,8.7091551,.10241986
IRL,2005,All genders,25-55,57,-3.6441801,.0004547,-4.4929986,.00020354999,8.7282238,.10448995
IRL,2005,All genders,25-55,58,-3.6238236,.00094706001,-4.4694614,.00029846001,8.7472925,.10685252
IRL,2005,All genders,25-55,59,-3.6034672,.00142809,-4.4459238,.00046161001,8.7663603,.10881766
IRL,2005,All genders,25-55,60,-3.5831108,.00127846,-4.4223862,.00062715,8.785429,.11078601
IRL,2005,All genders,25-55,61,-3.5627544,.00070725998,-4.398849,.00060372002,8.8044977,.11290902
IRL,2005,All genders,25-55,62,-3.5423982,.00057078002,-4.3753114,.00043881999,8.8235655,.11545385
IRL,2005,All genders,25-55,63,-3.5220418,.00043720001,-4.3517742,.00031726999,8.8426342,.11829337
IRL,2005,All genders,25-55,64,-3.5016854,.00066267001,-4.3282366,.00029386999,8.8617029,.12083362
IRL,2005,All genders,25-55,65,-3.481329,.00084851001,-4.3046994,.00042659999,8.8807707,.12318561
IRL,2005,All genders,25-55,66,-3.4609725,.00051878998,-4.2811618,.00052402,8.8998394,.12530696
IRL,2005,All genders,25-55,67,-3.4406161,.00077073998,-4.2576241,.00059151999,8.9189081,.12722094
IRL,2005,All genders,25-55,68,-3.4202597,.00161504,-4.234087,.00058385998,8.9379759,.12932932
IRL,2005,All genders,25-55,69,-3.3999033,.0018841299,-4.2105494,.00058436999,8.9570446,.13147447
IRL,2005,All genders,25-55,70,-3.3795471,.00131313,-4.1870122,.00057292002,8.9761133,.13392255
IRL,2005,All genders,25-55,71,-3.3591907,.00128489,-4.1634746,.00062763999,8.9951811,.136774
IRL,2005,All genders,25-55,72,-3.3388343,.0013708801,-4.1399369,.00063056999,9.0142498,.13993219
IRL,2005,All genders,25-55,73,-3.3184779,.00141286,-4.1163998,.0007413,9.0333185,.14288035
IRL,2005,All genders,25-55,74,-3.2981215,.0022088899,-4.0928621,.00083236001,9.0523863,.14573739
IRL,2005,All genders,25-55,75,-3.277765,.00193806,-4.069325,.00097245001,9.071455,.14841369
IRL,2005,All genders,25-55,76,-3.2574086,.0014059,-4.0457873,.00115583,9.0905237,.15108472
IRL,2005,All genders,25-55,77,-3.2370522,.00191727,-4.0222497,.00125756,9.1095915,.1554364
IRL,2005,All genders,25-55,78,-3.2166958,.00165292,-3.9987125,.00144447,9.1286602,.16007674
IRL,2005,All genders,25-55,79,-3.1963396,.00106034,-3.9751749,.00152837,9.1477289,.1645029
IRL,2005,All genders,25-55,80,-3.1759832,.00137035,-3.9516375,.00153696,9.1667967,.16838837
IRL,2005,All genders,25-55,81,-3.1556268,.0015649,-3.9281001,.0015712,9.1858654,.17166474
IRL,2005,All genders,25-55,82,-3.1352704,.00130738,-3.9045627,.00200472,9.2049341,.17537351
IRL,2005,All genders,25-55,83,-3.1149139,.0017897401,-3.8810253,.0024733299,9.2240019,.17840979
IRL,2005,All genders,25-55,84,-3.0945575,.0025957299,-3.8574879,.0029593401,9.2430706,.18122311
IRL,2005,All genders,25-55,85,-3.0742011,.0031107799,-3.8339503,.00301113,9.2621393,.18457167
IRL,2005,All genders,25-55,86,-3.0538449,.00285135,-3.8104129,.0026274701,9.281208,.18769093
IRL,2005,All genders,25-55,87,-3.0334885,.0030743901,-3.7868755,.00221634,9.3002758,.19066368
IRL,2005,All genders,25-55,88,-3.0131321,.0033227501,-3.7633381,.0020778601,9.3193445,.19306785
IRL,2005,All genders,25-55,89,-2.9927757,.00263818,-3.7398007,.0021970801,9.3384132,.19476075
IRL,2005,All genders,25-55,90,-2.9724193,.0027282301,-3.7162633,.00283068,9.357481,.19597666
IRL,2005,All genders,25-55,91,-2.9520628,.0036679599,-3.6927257,.00339561,9.3765497,.19861731
IRL,2005,All genders,25-55,92,-2.9317064,.0037636,-3.6691883,.0037207,9.3956184,.20207728
IRL,2005,All genders,25-55,93,-2.91135,.0029512299,-3.6456509,.0041121799,9.4146862,.2059606
IRL,2005,All genders,25-55,94,-2.8909938,.0040743002,-3.6221135,.00451606,9.4337549,.20980848
IRL,2005,All genders,25-55,95,-2.8706374,.0045920098,-3.5985761,.0044829501,9.4528236,.21317343
IRL,2005,All genders,25-55,96,-2.850281,.0042979601,-3.5750384,.0044705099,9.4718914,.21737604
IRL,2005,All genders,25-55,97,-2.8299246,.0037912901,-3.551501,.0043000998,9.4909601,.22166409
IRL,2005,All genders,25-55,98,-2.8095682,.00379319,-3.5279636,.0041374099,9.5100288,.22578831
IRL,2005,All genders,25-55,99,-2.7892118,.0048543401,-3.5044262,.0043606702,9.5290966,.23027144
IRL,2005,All genders,25-55,100,-2.7688553,.0050727902,-3.4808888,.0049098302,9.5481653,.23498119
IRL,2005,All genders,25-55,101,-2.7484989,.00447628,-3.4573512,.0056419098,9.567234,.2400011
IRL,2005,All genders,25-55,102,-2.7281427,.0047769998,-3.4338138,.0062785,9.5863018,.24474689
IRL,2005,All genders,25-55,103,-2.7077863,.0044731498,-3.4102764,.0062651602,9.6053705,.24973594
IRL,2005,All genders,25-55,104,-2.6874299,.0048614498,-3.386739,.0062346202,9.6244392,.25564399
IRL,2005,All genders,25-55,105,-2.6670735,.0059626801,-3.3632016,.00586642,9.643507,.26211798
IRL,2005,All genders,25-55,106,-2.6467171,.0052205399,-3.339664,.00563558,9.6625757,.26955882
IRL,2005,All genders,25-55,107,-2.6263607,.00520575,-3.3161266,.0057332399,9.6816444,.27778584
IRL,2005,All genders,25-55,108,-2.6060042,.0051821098,-3.2925892,.0061197798,9.7007122,.28674272
IRL,2005,All genders,25-55,109,-2.5856481,.0057149301,-3.2690518,.0067610699,9.7197809,.29655594
IRL,2005,All genders,25-55,110,-2.5652916,.0063112401,-3.2455144,.0077148001,9.7388496,.30655682
IRL,2005,All genders,25-55,111,-2.5449352,.0066974298,-3.221977,.0082648303,9.7579174,.31666806
IRL,2005,All genders,25-55,112,-2.5245788,.0086316504,-3.1984396,.0088959103,9.7769861,.32670236
IRL,2005,All genders,25-55,113,-2.5042224,.0089586396,-3.1749022,.0088911401,9.7960548,.33701012
IRL,2005,All genders,25-55,114,-2.483866,.0079170195,-3.1513646,.0090044299,9.8151226,.34832036
IRL,2005,All genders,25-55,115,-2.4635096,.0073140101,-3.1278272,.0089396201,9.8341913,.35944617
IRL,2005,All genders,25-55,116,-2.4431531,.0073372098,-3.1042898,.0086881798,9.85326,.36916745
IRL,2005,All genders,25-55,117,-2.422797,.0078501496,-3.0807524,.0089089004,9.8723288,.3787334
IRL,2005,All genders,25-55,118,-2.4024405,.0079781199,-3.0572147,.0090824803,9.8913965,.38850433
IRL,2005,All genders,25-55,119,-2.3820841,.0079900604,-3.0336773,.0090474105,9.9104652,.3981224
IRL,2005,All genders,25-55,120,-2.3617277,.00842751,-3.0101399,.0091538699,9.929534,.40763396
IRL,2005,All genders,25-55,121,-2.3413713,.0078385901,-2.9866025,.0091780601,9.9486017,.41745427
IRL,2005,All genders,25-55,122,-2.3210149,.00747394,-2.9630651,.0099438298,9.9676704,.42691609
IRL,2005,All genders,25-55,123,-2.3006585,.0084936703,-2.9395275,.01143483,9.9867392,.43682599
IRL,2005,All genders,25-55,124,-2.280302,.0095962696,-2.9159901,.0123953,10.005807,.44658092
IRL,2005,All genders,25-55,125,-2.2599459,.0097215297,-2.8924527,.01268529,10.024876,.45634514
IRL,2005,All genders,25-55,126,-2.2395895,.00969561,-2.8689153,.01201575,10.043944,.4662928
IRL,2005,All genders,25-55,127,-2.219233,.01027095,-2.8453779,.01170914,10.063012,.47645786
IRL,2005,All genders,25-55,128,-2.1988766,.01094956,-2.8218403,.01189689,10.082081,.48804358
IRL,2005,All genders,25-55,129,-2.1785202,.01146402,-2.7983029,.01256585,10.101149,.50008398
IRL,2005,All genders,25-55,130,-2.1581638,.01119011,-2.7747655,.01400487,10.120218,.51129818
IRL,2005,All genders,25-55,131,-2.1378074,.01035188,-2.7512281,.01475774,10.139286,.5227868
IRL,2005,All genders,25-55,132,-2.1174512,.0096121198,-2.7276907,.01503104,10.158354,.53437358
IRL,2005,All genders,25-55,133,-2.0970948,.01147929,-2.7041533,.01482031,10.177423,.54670829
IRL,2005,All genders,25-55,134,-2.0767384,.01348364,-2.6806159,.01481729,10.196491,.5583477
IRL,2005,All genders,25-55,135,-2.0563819,.01423521,-2.6570785,.01479612,10.21556,.56990445
IRL,2005,All genders,25-55,136,-2.0360255,.01406914,-2.6335409,.01584211,10.234628,.57987118
IRL,2005,All genders,25-55,137,-2.0156691,.01356933,-2.6100035,.01723109,10.253696,.58793002
IRL,2005,All genders,25-55,138,-1.9953127,.01361163,-2.5864661,.018114099,10.272765,.59447211
IRL,2005,All genders,25-55,139,-1.9749563,.01395832,-2.5629287,.01862845,10.291833,.60015988
IRL,2005,All genders,25-55,140,-1.9546,.01441114,-2.5393913,.019481611,10.310902,.6048615
IRL,2005,All genders,25-55,141,-1.9342436,.0128137,-2.5158536,.01956295,10.32997,.60783809
IRL,2005,All genders,25-55,142,-1.9138871,.01450104,-2.4923162,.01942116,10.349039,.60992509
IRL,2005,All genders,25-55,143,-1.8935308,.016357571,-2.4687788,.019745169,10.368107,.61169958
IRL,2005,All genders,25-55,144,-1.8731744,.01476098,-2.4452415,.02014094,10.387175,.6126076
IRL,2005,All genders,25-55,145,-1.852818,.017487319,-2.4217041,.019913649,10.406244,.61309046
IRL,2005,All genders,25-55,146,-1.8324616,.017445691,-2.3981664,.02048173,10.425312,.61265963
IRL,2005,All genders,25-55,147,-1.8121053,.01513784,-2.374629,.02077641,10.444381,.61287063
IRL,2005,All genders,25-55,148,-1.7917489,.01696624,-2.3510916,.02082862,10.463449,.61320156
IRL,2005,All genders,25-55,149,-1.7713925,.016111409,-2.3275542,.021765901,10.482517,.61371869
IRL,2005,All genders,25-55,150,-1.751036,.01436855,-2.3040166,.022110339,10.501586,.61413389
IRL,2005,All genders,25-55,151,-1.7306798,.01593262,-2.2804792,.02209802,10.520654,.61354017
IRL,2005,All genders,25-55,152,-1.7103233,.019143131,-2.2569418,.02214328,10.539723,.61195266
IRL,2005,All genders,25-55,153,-1.6899669,.019434091,-2.2334044,.022427641,10.558791,.60979271
IRL,2005,All genders,25-55,154,-1.6696105,.01893786,-2.209867,.022632809,10.577859,.60641038
IRL,2005,All genders,25-55,155,-1.6492542,.019929981,-2.1863296,.022475399,10.596928,.60101104
IRL,2005,All genders,25-55,156,-1.6288978,.02202771,-2.1627922,.022128209,10.615996,.59378076
IRL,2005,All genders,25-55,157,-1.6085414,.02370723,-2.1392548,.02170659,10.635065,.58469743
IRL,2005,All genders,25-55,158,-1.588185,.02335663,-2.1157172,.02210439,10.654133,.57406628
IRL,2005,All genders,25-55,159,-1.5678287,.022559879,-2.0921798,.023256211,10.673201,.56184131
IRL,2005,All genders,25-55,160,-1.5474722,.02189975,-2.0686424,.02469123,10.69227,.54800123
IRL,2005,All genders,25-55,161,-1.5271158,.0247871,-2.045105,.025969259,10.711338,.53368342
IRL,2005,All genders,25-55,162,-1.5067594,.026430611,-2.0215676,.027377,10.730407,.51931643
IRL,2005,All genders,25-55,163,-1.4864031,.024524691,-1.9980299,.028316541,10.749475,.50526375
IRL,2005,All genders,25-55,164,-1.4660467,.02758869,-1.9744925,.02925512,10.768544,.49226204
IRL,2005,All genders,25-55,165,-1.4456903,.026330261,-1.9509552,.03066903,10.787612,.48027673
IRL,2005,All genders,25-55,166,-1.4253339,.022695171,-1.9274178,.031457718,10.80668,.46864352
IRL,2005,All genders,25-55,167,-1.4049774,.02540385,-1.9038804,.031790812,10.825749,.45743129
IRL,2005,All genders,25-55,168,-1.3846211,.02555084,-1.8803428,.03180635,10.844817,.44683224
IRL,2005,All genders,25-55,169,-1.3642647,.02757524,-1.8568054,.031578641,10.863886,.43666321
IRL,2005,All genders,25-55,170,-1.3439084,.03201025,-1.8332679,.031722859,10.882954,.42669287
IRL,2005,All genders,25-55,171,-1.323552,.033782411,-1.8097305,.0335517,10.902022,.41593075
IRL,2005,All genders,25-55,172,-1.3031956,.0336072,-1.7861931,.035211239,10.921091,.40412802
IRL,2005,All genders,25-55,173,-1.2828392,.03437525,-1.7626556,.03552198,10.940159,.39159614
IRL,2005,All genders,25-55,174,-1.2624828,.033964939,-1.7391182,.036742151,10.959228,.37864569
IRL,2005,All genders,25-55,175,-1.2421263,.033463761,-1.7155807,.037172981,10.978296,.36491317
IRL,2005,All genders,25-55,176,-1.22177,.033036061,-1.6920433,.037251391,10.997364,.35069567
IRL,2005,All genders,25-55,177,-1.2014136,.032135408,-1.6685059,.03829268,11.016433,.33659813
IRL,2005,All genders,25-55,178,-1.1810573,.03382729,-1.6449684,.038447831,11.035501,.32239667
IRL,2005,All genders,25-55,179,-1.1607009,.03455966,-1.621431,.039188981,11.05457,.30848175
IRL,2005,All genders,25-55,180,-1.1403445,.036455441,-1.5978935,.041141801,11.073638,.2947416
IRL,2005,All genders,25-55,181,-1.1199881,.03899876,-1.5743561,.042422239,11.092706,.28076914
IRL,2005,All genders,25-55,182,-1.0996317,.040880699,-1.5508186,.04314699,11.111775,.26676431
IRL,2005,All genders,25-55,183,-1.0792753,.04061649,-1.5272812,.043002181,11.130843,.25289735
IRL,2005,All genders,25-55,184,-1.058919,.042737029,-1.5037438,.043116979,11.149912,.23910896
IRL,2005,All genders,25-55,185,-1.0385627,.04540696,-1.4802063,.044464491,11.16898,.225486
IRL,2005,All genders,25-55,186,-1.0182062,.043714289,-1.4566689,.046522848,11.188049,.21207482
IRL,2005,All genders,25-55,187,-.99784976,.043490991,-1.4331315,.048437469,11.207117,.19929267
IRL,2005,All genders,25-55,188,-.97749341,.049154751,-1.4095941,.050134759,11.226185,.18732226
IRL,2005,All genders,25-55,189,-.95713699,.048606452,-1.3860565,.051419701,11.245254,.17582075
IRL,2005,All genders,25-55,190,-.93678063,.04525755,-1.3625191,.052439708,11.264322,.1646689
IRL,2005,All genders,25-55,191,-.91642421,.05071995,-1.3389817,.054016951,11.283391,.15424819
IRL,2005,All genders,25-55,192,-.89606786,.053700171,-1.3154442,.05545916,11.302459,.14431673
IRL,2005,All genders,25-55,193,-.87571144,.054482359,-1.2919068,.055454992,11.321527,.13480449
IRL,2005,All genders,25-55,194,-.85535508,.057849839,-1.2683694,.057841491,11.340596,.12589188
IRL,2005,All genders,25-55,195,-.83499867,.064568147,-1.2448319,.060113572,11.359664,.1174838
IRL,2005,All genders,25-55,196,-.81464231,.06211248,-1.2212945,.062501848,11.378733,.10989828
IRL,2005,All genders,25-55,197,-.79428589,.063456252,-1.197757,.065792903,11.397801,.10274499
IRL,2005,All genders,25-55,198,-.77392954,.066547871,-1.1742196,.06755849,11.416869,.095890127
IRL,2005,All genders,25-55,199,-.75357312,.070752129,-1.1506822,.06968879,11.435938,.089385591
IRL,2005,All genders,25-55,200,-.73321676,.077678584,-1.1271447,.072661839,11.455006,.083361633
IRL,2005,All genders,25-55,201,-.71286035,.072685972,-1.1036073,.075949021,11.474075,.077947222
IRL,2005,All genders,25-55,202,-.69250399,.072080538,-1.0800698,.079494603,11.493143,.072893791
IRL,2005,All genders,25-55,203,-.67214757,.082100891,-1.0565324,.080477871,11.512212,.068579301
IRL,2005,All genders,25-55,204,-.65179121,.0865352,-1.032995,.081019692,11.53128,.064541548
IRL,2005,All genders,25-55,205,-.6314348,.083536692,-1.0094575,.08157602,11.550348,.060611121
IRL,2005,All genders,25-55,206,-.61107844,.07972531,-.98592007,.081951499,11.569417,.05715001
IRL,2005,All genders,25-55,207,-.59072202,.08511436,-.96238261,.083920293,11.588485,.053947479
IRL,2005,All genders,25-55,208,-.57036567,.095806614,-.93884522,.089026533,11.607554,.050643921
IRL,2005,All genders,25-55,209,-.55000925,.1065215,-.91530776,.09437523,11.626622,.047334012
IRL,2005,All genders,25-55,210,-.52965289,.11097833,-.8917703,.10091377,11.64569,.0443804
IRL,2005,All genders,25-55,211,-.50929648,.10938395,-.86823285,.10508639,11.664759,.041644581
IRL,2005,All genders,25-55,212,-.48894012,.11423007,-.84469545,.10801411,11.683827,.039092649
IRL,2005,All genders,25-55,213,-.46858373,.12326765,-.82115799,.10986756,11.702896,.036795449
IRL,2005,All genders,25-55,214,-.44822732,.13019311,-.79762053,.11344277,11.721964,.034703221
IRL,2005,All genders,25-55,215,-.42787093,.13642067,-.77408314,.12001,11.741032,.032865342
IRL,2005,All genders,25-55,216,-.40751457,.14408787,-.75054568,.12793049,11.760101,.03117438
IRL,2005,All genders,25-55,217,-.38715816,.14882539,-.72700822,.13699456,11.779169,.0297995
IRL,2005,All genders,25-55,218,-.36680177,.14990672,-.70347077,.14502528,11.798238,.0285419
IRL,2005,All genders,25-55,219,-.34644541,.15457562,-.67993337,.15032493,11.817306,.0272223
IRL,2005,All genders,25-55,220,-.32608902,.1667285,-.65639591,.15498982,11.836374,.026225129
IRL,2005,All genders,25-55,221,-.30573261,.17575039,-.63285846,.16114062,11.855443,.02532763
IRL,2005,All genders,25-55,222,-.28537625,.1920176,-.609321,.16737357,11.874511,.024357481
IRL,2005,All genders,25-55,223,-.26501986,.21891782,-.5857836,.17690931,11.89358,.023230489
IRL,2005,All genders,25-55,224,-.24466346,.2376986,-.56224614,.18793376,11.912648,.02207385
IRL,2005,All genders,25-55,225,-.22430708,.25603735,-.53870869,.1970211,11.931717,.02085967
IRL,2005,All genders,25-55,226,-.20395069,.28116736,-.51517129,.20664594,11.950785,.019589061
IRL,2005,All genders,25-55,227,-.1835943,.30870521,-.49163383,.21317402,11.969853,.01840481
IRL,2005,All genders,25-55,228,-.16323791,.33927846,-.46809638,.21962319,11.988922,.01743231
IRL,2005,All genders,25-55,229,-.14288153,.37476382,-.44455895,.2287109,12.00799,.01662435
IRL,2005,All genders,25-55,230,-.12252514,.43993038,-.42102149,.24588145,12.027059,.015891811
IRL,2005,All genders,25-55,231,-.10216875,.5438143,-.39748406,.26720616,12.046127,.01522497
IRL,2005,All genders,25-55,232,-.081812367,.64958143,-.37394661,.2906532,12.065195,.01457012
IRL,2005,All genders,25-55,233,-.06145598,.80901837,-.35040918,.31325322,12.084264,.01385499
IRL,2005,All genders,25-55,234,-.041099589,1.0506146,-.32687172,.33693957,12.103332,.01316459
IRL,2005,All genders,25-55,235,-.02074321,1.4022732,-.3033343,.36222529,12.122401,.01251095
IRL,2005,All genders,25-55,236,-.00038682,1.8876768,-.27979684,.39346609,12.141469,.01176828
IRL,2005,All genders,25-55,237,.01996957,2.4629791,-.25625941,.43083221,12.160537,.01099355
IRL,2005,All genders,25-55,238,.040325951,3.0638411,-.23272197,.47486931,12.179606,.0102887
IRL,2005,All genders,25-55,239,.060682341,3.4772687,-.20918453,.52688295,12.198674,.0095865801
IRL,2005,All genders,25-55,240,.081038728,3.4918051,-.18564709,.58643287,12.217743,.0088590598
IRL,2005,All genders,25-55,241,.10139511,3.1088235,-.16210964,.65349096,12.236811,.0081496099
IRL,2005,All genders,25-55,242,.1217515,2.5402849,-.13857222,.73282152,12.255879,.007584
IRL,2005,All genders,25-55,243,.14210789,2.0207751,-.11503477,.83087844,12.274948,.0070625101
IRL,2005,All genders,25-55,244,.16246428,1.5953925,-.091497332,.94207799,12.294016,.0066364901
IRL,2005,All genders,25-55,245,.18282066,1.2778101,-.06795989,1.0642239,12.313085,.0062784301
IRL,2005,All genders,25-55,246,.20317705,1.0371422,-.044422451,1.1900784,12.332153,.0060026501
IRL,2005,All genders,25-55,247,.22353344,.87866116,-.020885009,1.3051137,12.351222,.0057040402
IRL,2005,All genders,25-55,248,.24388982,.75603068,.00265243,1.4039698,12.37029,.00538221
IRL,2005,All genders,25-55,249,.2642462,.63977188,.02618988,1.477428,12.389358,.0051030898
IRL,2005,All genders,25-55,250,.28460261,.55199754,.049727321,1.5070184,12.408427,.00475507
IRL,2005,All genders,25-55,251,.30495897,.47909093,.073264763,1.4960705,12.427495,.00438991
IRL,2005,All genders,25-55,252,.32531536,.42523754,.096802197,1.4550558,12.446564,.00409859
IRL,2005,All genders,25-55,253,.34567177,.38699281,.12033964,1.3905118,12.465632,.0037839301
IRL,2005,All genders,25-55,254,.36602813,.34951907,.14387707,1.295472,12.4847,.0034304601
IRL,2005,All genders,25-55,255,.38638452,.31794313,.16741452,1.1869755,12.503769,.0030679
IRL,2005,All genders,25-55,256,.40674093,.29372156,.19095196,1.0723298,12.522837,.0027985601
IRL,2005,All genders,25-55,257,.42709729,.27267009,.2144894,.95896232,12.541906,.0025169801
IRL,2005,All genders,25-55,258,.44745368,.24570346,.23802684,.86135828,12.560974,.0022879899
IRL,2005,All genders,25-55,259,.46781009,.22786687,.26156428,.77598876,12.580042,.00208275
IRL,2005,All genders,25-55,260,.48816645,.21641283,.28510171,.69612265,12.599111,.00194248
IRL,2005,All genders,25-55,261,.50852287,.20129298,.30863917,.6242075,12.618179,.00177169
IRL,2005,All genders,25-55,262,.52887923,.18743572,.3321766,.558038,12.637248,.00163056
IRL,2005,All genders,25-55,263,.54923564,.1722718,.35571405,.50388026,12.656316,.00156649
IRL,2005,All genders,25-55,264,.569592,.1627415,.37925148,.45927095,12.675384,.0014957601
IRL,2005,All genders,25-55,265,.58994842,.15771028,.40278894,.42255327,12.694453,.00144826
IRL,2005,All genders,25-55,266,.61030477,.15292114,.42632636,.390239,12.713521,.00143888
IRL,2005,All genders,25-55,267,.63066119,.14485738,.44986382,.3552672,12.73259,.00140617
IRL,2005,All genders,25-55,268,.65101755,.13962713,.47340125,.31797862,12.751658,.00136215
IRL,2005,All genders,25-55,269,.67137396,.14062633,.49693868,.28449938,12.770727,.00131925
IRL,2005,All genders,25-55,270,.69173032,.12853266,.5204761,.25989333,12.789795,.00131609
IRL,2005,All genders,25-55,271,.71208674,.11730348,.54401356,.24391367,12.808863,.00132068
IRL,2005,All genders,25-55,272,.73244309,.1150992,.56755102,.23184527,12.827932,.0012897
IRL,2005,All genders,25-55,273,.75279951,.10969423,.59108847,.22058795,12.847,.00123917
IRL,2005,All genders,25-55,274,.77315587,.10395719,.61462587,.20914964,12.866069,.0012285101
IRL,2005,All genders,25-55,275,.79351228,.099514604,.63816333,.19492529,12.885137,.0011907
IRL,2005,All genders,25-55,276,.81386864,.0963393,.66170079,.18248114,12.904205,.00112436
IRL,2005,All genders,25-55,277,.83422506,.091706492,.68523818,.17177434,12.923274,.00105627
IRL,2005,All genders,25-55,278,.85458142,.092296928,.70877564,.16002557,12.942342,.00098244997
IRL,2005,All genders,25-55,279,.87493783,.091118403,.7323131,.15005559,12.961411,.00089544
IRL,2005,All genders,25-55,280,.89529419,.087220043,.75585055,.14233179,12.980479,.00083874998
IRL,2005,All genders,25-55,281,.91565061,.0828152,.77938795,.13425617,12.999547,.00077808998
IRL,2005,All genders,25-55,282,.93600696,.076837137,.80292541,.1259862,13.018616,.00072526
IRL,2005,All genders,25-55,283,.95636338,.075842619,.82646286,.11738266,13.037684,.00066005002
IRL,2005,All genders,25-55,284,.97671974,.070209242,.85000032,.10962246,13.056753,.00059502001
IRL,2005,All genders,25-55,285,.99707615,.068972498,.87353772,.10196036,13.075821,.00055361999
IRL,2005,All genders,25-55,286,1.0174325,.068900891,.89707518,.097139671,13.09489,.00048054999
IRL,2005,All genders,25-55,287,1.0377889,.06894891,.92061263,.094318911,13.113958,.00040274
IRL,2005,All genders,25-55,288,1.0581453,.06881018,.94415003,.09189038,13.133026,.00035116999
IRL,2005,All genders,25-55,289,1.0785017,.062228039,.96768749,.089312449,13.152095,.00031331999
IRL,2005,All genders,25-55,290,1.0988581,.057033431,.99122494,.087744452,13.171163,.00026952001
IRL,2005,All genders,25-55,291,1.1192145,.05613406,1.0147624,.084795438,13.190232,.00022065001
IRL,2005,All genders,25-55,292,1.1395708,.058869518,1.0382998,.083609827,13.2093,.00017268999
IRL,2005,All genders,25-55,293,1.1599272,.05916905,1.0618373,.081547357,13.228368,.00013879999
IRL,2005,All genders,25-55,294,1.1802835,.058537912,1.0853747,.079376742,13.247437,.0001396
IRL,2005,All genders,25-55,295,1.20064,.0595579,1.1089121,.073815592,13.266505,.00015271
IRL,2005,All genders,25-55,296,1.2209964,.06023559,1.1324496,.069492482,13.285574,.00017025
IRL,2005,All genders,25-55,297,1.2413528,.061902128,1.155987,.065820239,13.304642,.00019577
IRL,2005,All genders,25-55,298,1.2617092,.056235708,1.1795245,.065660372,13.32371,.00022397
IRL,2005,All genders,25-55,299,1.2820656,.050789159,1.2030619,.065058358,13.342779,.00024960999
IRL,2005,All genders,25-55,300,1.3024219,.053300329,1.2265993,.064708211,13.361847,.00027667001
IRL,2005,All genders,25-55,301,1.3227783,.048712581,1.2501369,.061640151,13.380916,.00029785
IRL,2005,All genders,25-55,302,1.3431346,.046044368,1.2736742,.05825204,13.399984,.00031278
IRL,2005,All genders,25-55,303,1.3634911,.046448711,1.2972116,.054324981,13.419052,.00032026001
IRL,2005,All genders,25-55,304,1.3838475,.04351636,1.320749,.051552892,13.438121,.00031236999
IRL,2005,All genders,25-55,305,1.4042039,.043551441,1.3442866,.049315222,13.457189,.00029808001
IRL,2005,All genders,25-55,306,1.4245603,.04087181,1.367824,.047367781,13.476258,.00026797
IRL,2005,All genders,25-55,307,1.4449166,.036593601,1.3913614,.046005499,13.495326,.00023586
IRL,2005,All genders,25-55,308,1.465273,.034087442,1.4148989,.046036441,13.514395,.00021696
IRL,2005,All genders,25-55,309,1.4856294,.036783859,1.4384363,.04484877,13.533463,.00019223
IRL,2005,All genders,25-55,310,1.5059859,.03741264,1.4619738,.043130681,13.552531,.00016331
IRL,2005,All genders,25-55,311,1.5263422,.033787541,1.4855112,.041489929,13.5716,.00014095999
IRL,2005,All genders,25-55,312,1.5466986,.032345708,1.5090486,.04001376,13.590668,.00012036
IRL,2005,All genders,25-55,313,1.567055,.031628411,1.5325861,.039379451,13.609737,.00009573
IRL,2005,All genders,25-55,314,1.5874114,.032218121,1.5561235,.039580621,13.628805,.000077949997
IRL,2005,All genders,25-55,315,1.6077677,.03167836,1.579661,.03880832,13.647873,.000065569999
IRL,2005,All genders,25-55,316,1.6281241,.02735512,1.6031984,.036819439,13.666942,.000067419998
IRL,2005,All genders,25-55,317,1.6484805,.025298839,1.6267358,.034663372,13.68601,.000066400004
IRL,2005,All genders,25-55,318,1.668837,.02492933,1.6502733,.033000611,13.705079,.00006088
IRL,2005,All genders,25-55,319,1.6891932,.02682592,1.6738107,.03110243,13.724147,.000064569998
IRL,2005,All genders,25-55,320,1.7095497,.02554075,1.6973482,.030424111,13.743215,.000072969997
IRL,2005,All genders,25-55,321,1.7299061,.02332776,1.7208856,.029844031,13.762284,.000076550001
IRL,2005,All genders,25-55,322,1.7502624,.024339801,1.744423,.028976411,13.781352,.000087909997
IRL,2005,All genders,25-55,323,1.7706188,.02144059,1.7679605,.028158469,13.800421,.00010389
IRL,2005,All genders,25-55,324,1.7909752,.018451409,1.7914979,.02706291,13.819489,.00012136
IRL,2005,All genders,25-55,325,1.8113316,.018248631,1.8150353,.025709551,13.838557,.00013239001
IRL,2005,All genders,25-55,326,1.831688,.02078085,1.8385727,.025175501,13.857626,.00013699
IRL,2005,All genders,25-55,327,1.8520443,.02109899,1.8621103,.024082379,13.876694,.00013515999
IRL,2005,All genders,25-55,328,1.8724008,.01723058,1.8856477,.022721151,13.895763,.00012690001
IRL,2005,All genders,25-55,329,1.8927572,.016439641,1.9091851,.0215644,13.914831,.00011222
IRL,2005,All genders,25-55,330,1.9131135,.016895941,1.9327226,.02088703,13.9339,.00010058
IRL,2005,All genders,25-55,331,1.9334699,.01615005,1.95626,.020020969,13.952968,.000086389999
IRL,2005,All genders,25-55,332,1.9538263,.01711187,1.9797974,.01934872,13.972036,.000067380002
IRL,2005,All genders,25-55,333,1.9741827,.01923159,2.003335,.01933044,13.991105,.00004544
IRL,2005,All genders,25-55,334,1.9945391,.01668326,2.0268724,.01914159,14.010173,.000029139999
IRL,2005,All genders,25-55,335,2.0148954,.01565961,2.0504098,.019330909,14.029242,9.6229996e-06
IRL,2005,All genders,25-55,336,2.0352519,.01543094,2.0739472,.0192858,14.04831,0
IRL,2005,All genders,25-55,337,2.0556083,.01334512,2.0974846,.018163299,14.067378,0
IRL,2005,All genders,25-55,338,2.0759647,.01104029,2.121022,.01650768,14.086447,0
IRL,2005,All genders,25-55,339,2.0963211,.0086011896,2.1445594,.01449291,14.105515,0
IRL,2005,All genders,25-55,340,2.1166773,.01101652,2.168097,.01288042,14.124584,0
IRL,2005,All genders,25-55,341,2.1370337,.01165364,2.1916344,.011864,14.143652,0
IRL,2005,All genders,25-55,342,2.1573901,.01060256,2.2151718,.01094759,14.16272,9.9239996e-06
IRL,2005,All genders,25-55,343,2.1777465,.0095713502,2.2387092,.01041612,14.181789,.00001888
IRL,2005,All genders,25-55,344,2.198103,.0090037696,2.2622466,.0097789904,14.200857,.000026240001
IRL,2005,All genders,25-55,345,2.2184594,.0079875402,2.2857842,.0092073204,14.219926,.000031979998
IRL,2005,All genders,25-55,346,2.2388158,.0074470802,2.3093216,.0096166404,14.238994,.00003612
IRL,2005,All genders,25-55,347,2.2591722,.0079580303,2.332859,.00983766,14.258063,.00003865
IRL,2005,All genders,25-55,348,2.2795286,.0078612603,2.3563964,.0096019497,14.277131,.000039570001
IRL,2005,All genders,25-55,349,2.2998848,.0073220301,2.3799338,.0087331003,14.296199,.00003888
IRL,2005,All genders,25-55,350,2.3202412,.0074454602,2.4034715,.0073090601,14.315268,.000036590001
IRL,2005,All genders,25-55,351,2.3405976,.0079115704,2.4270089,.0059694899,14.334336,.000032690001
IRL,2005,All genders,25-55,352,2.360954,.0066802702,2.4505463,.0053673401,14.353405,.00002718
IRL,2005,All genders,25-55,353,2.3813105,.0056109298,2.4740837,.0051559699,14.372473,.00002007
IRL,2005,All genders,25-55,354,2.4016669,.0047412999,2.4976211,.0051269801,14.391541,.00001135
IRL,2005,All genders,25-55,355,2.4220233,.0040124701,2.5211587,.0051146601,14.41061,1.0160001e-06
IRL,2005,All genders,25-55,356,2.4423797,.0040728599,2.5446961,.0051703202,14.429678,0
IRL,2005,All genders,25-55,357,2.4627359,.0032875999,2.5682335,.00532044,14.448747,0
IRL,2005,All genders,25-55,358,2.4830923,.00329326,2.5917709,.0055184802,14.467815,0
IRL,2005,All genders,25-55,359,2.5034487,.0036831801,2.6153083,.0053194799,14.486883,0
IRL,2005,All genders,25-55,360,2.5238051,.0032283401,2.6388457,.0048162402,14.505952,0
IRL,2005,All genders,25-55,361,2.5441616,.0040307902,2.6623833,.0040295301,14.52502,0
IRL,2005,All genders,25-55,362,2.564518,.0050218101,2.6859207,.00347643,14.544089,0
IRL,2005,All genders,25-55,363,2.5848744,.0044863201,2.7094581,.0031632299,14.563157,0
IRL,2005,All genders,25-55,364,2.6052308,.00292861,2.7329955,.0031629701,14.582225,0
IRL,2005,All genders,25-55,365,2.625587,.00192354,2.7565329,.00309652,14.601294,0
IRL,2005,All genders,25-55,366,2.6459434,.0020570899,2.7800703,.00301544,14.620362,0
IRL,2005,All genders,25-55,367,2.6662998,.0020697,2.8036079,.0031071799,14.639431,0
IRL,2005,All genders,25-55,368,2.6866562,.0019613199,2.8271453,.0033265201,14.658499,7.5190001e-06
IRL,2005,All genders,25-55,369,2.7070127,.0021031001,2.8506827,.0037174399,14.677568,.000016870001
IRL,2005,All genders,25-55,370,2.7273691,.0023378001,2.8742201,.00386411,14.696636,.000024610001
IRL,2005,All genders,25-55,371,2.7477255,.0021067101,2.8977575,.0033762001,14.715704,.000030740001
IRL,2005,All genders,25-55,372,2.7680819,.00125418,2.9212952,.0029698201,14.734773,.000035270001
IRL,2005,All genders,25-55,373,2.7884381,.0016758899,2.9448326,.0026197,14.753841,.000038179998
IRL,2005,All genders,25-55,374,2.8087945,.00145438,2.96837,.00201941,14.77291,.000039490002
IRL,2005,All genders,25-55,375,2.8291509,.00096461002,2.9919074,.00164014,14.791978,.0000392
IRL,2005,All genders,25-55,376,2.8495073,.00151197,3.0154448,.00119212,14.811046,.000037289999
IRL,2005,All genders,25-55,377,2.8698637,.00123672,3.0389824,.00091076002,14.830115,.000033780001
IRL,2005,All genders,25-55,378,2.8902202,.00109576,3.0625198,.00072024,14.849183,.000028660001
IRL,2005,All genders,25-55,379,2.9105766,.00103972,3.0860572,.00078361999,14.868252,.00002193
IRL,2005,All genders,25-55,380,2.930933,.00054827001,3.1095946,.00081303,14.88732,.0000136
IRL,2005,All genders,25-55,381,2.9512894,.00088541,3.133132,.00079938001,14.906388,3.6590000e-06
IRL,2005,All genders,25-55,382,2.9716456,.00085135998,3.1566696,.00067029998,14.925457,0
IRL,2005,All genders,25-55,383,2.992002,.00036442999,3.180207,.00066695001,14.944525,.00001045
IRL,2005,All genders,25-55,384,3.0123584,.00030498,3.2037444,.00056349998,14.963594,.000019319999
IRL,2005,All genders,25-55,385,3.0327148,.00027441001,3.2272818,.00057532999,14.982662,.00002659
IRL,2005,All genders,25-55,386,3.0530713,.00031654999,3.2508192,.00063065003,15.00173,.000032249998
IRL,2005,All genders,25-55,387,3.0734277,.00033556999,3.2743566,.00060437003,15.020799,.0000363
IRL,2005,All genders,25-55,388,3.0937841,.00025879999,3.297894,.00043156001,15.039867,.00003874
IRL,2005,All genders,25-55,389,3.1141405,.00014975001,3.3214316,.00028708001,15.058936,.000039570001
IRL,2005,All genders,25-55,390,3.1344967,.00040257,3.344969,.0002215,15.078004,.000040530002
IRL,2005,All genders,25-55,391,3.1548531,.00026842,3.3685064,.00023164001,15.097073,.000048379999
IRL,2005,All genders,25-55,392,3.1752095,0,3.3920438,.00024191001,15.116141,.000053010001
IRL,2005,All genders,25-55,393,3.1955659,0,3.4155812,.00022813999,15.135209,.000054429998
IRL,2005,All genders,25-55,394,3.2159224,0,3.4391189,.00015139001,15.154278,.000052629999
IRL,2005,All genders,25-55,395,3.2362788,0,3.4626563,.00002202,15.173346,.00004762
IRL,2005,All genders,25-55,396,3.2566352,.00018382999,3.4861937,3.5600001e-06,15.192415,.000039390001
IRL,2005,All genders,25-55,397,3.2769916,.00017735,3.5097311,.000074470001,15.211483,.00003956
IRL,2005,All genders,25-55,398,3.2973478,.00013914,3.5332685,.00011388,15.230551,.000038530001
IRL,2005,All genders,25-55,399,3.3177042,.00039534,3.5568061,.00012179,15.24962,.000035900001
IRL,2005,All genders,25-55,400,3.3380606,.00021237999,3.5803435,.000098210003,15.268688,.000031660002
IRL,2010,All genders,25-55,1,-4.8010044,.00020800999,-4.9760733,.00010154,7.6715055,.0076769101
IRL,2010,All genders,25-55,2,-4.7798624,.00020010999,-4.9511685,.00012685001,7.6895795,.01105372
IRL,2010,All genders,25-55,3,-4.7587209,0,-4.9262638,.0001068,7.707654,.01476665
IRL,2010,All genders,25-55,4,-4.7375793,0,-4.9013591,.00004141,7.725728,.01880837
IRL,2010,All genders,25-55,5,-4.7164378,0,-4.8764544,0,7.7438021,.02302281
IRL,2010,All genders,25-55,6,-4.6952963,0,-4.8515501,0,7.7618761,.02727009
IRL,2010,All genders,25-55,7,-4.6741543,0,-4.8266454,0,7.7799506,.031496421
IRL,2010,All genders,25-55,8,-4.6530128,0,-4.8017406,0,7.7980247,.035664301
IRL,2010,All genders,25-55,9,-4.6318712,0,-4.7768359,0,7.8160987,.039233949
IRL,2010,All genders,25-55,10,-4.6107297,.00022341,-4.7519312,0,7.8341727,.042181231
IRL,2010,All genders,25-55,11,-4.5895877,.00018079,-4.7270265,0,7.8522472,.044308931
IRL,2010,All genders,25-55,12,-4.5684462,0,-4.7021222,0,7.8703213,.045613889
IRL,2010,All genders,25-55,13,-4.5473046,0,-4.6772175,0,7.8883953,.046596799
IRL,2010,All genders,25-55,14,-4.5261631,0,-4.6523128,0,7.9064693,.047647942
IRL,2010,All genders,25-55,15,-4.5050216,0,-4.627408,.00014098,7.9245434,.048812568
IRL,2010,All genders,25-55,16,-4.4838796,0,-4.6025033,.00023804999,7.9426179,.04988854
IRL,2010,All genders,25-55,17,-4.462738,0,-4.5775986,.0002444,7.9606919,.050918221
IRL,2010,All genders,25-55,18,-4.4415965,0,-4.5526943,.00016005999,7.978766,.05184472
IRL,2010,All genders,25-55,19,-4.420455,.000052830001,-4.5277896,9.3669996e-06,7.9968405,.052808471
IRL,2010,All genders,25-55,20,-4.3993134,.0002597,-4.5028849,0,8.0149145,.053802341
IRL,2010,All genders,25-55,21,-4.3781719,.00001953,-4.4779801,0,8.0329885,.054747239
IRL,2010,All genders,25-55,22,-4.3570299,0,-4.4530754,0,8.0510626,.055613261
IRL,2010,All genders,25-55,23,-4.3358884,0,-4.4281707,0,8.0691366,.05673996
IRL,2010,All genders,25-55,24,-4.3147469,0,-4.403266,.00002876,8.0872107,.057688259
IRL,2010,All genders,25-55,25,-4.2936053,.00001985,-4.3783617,.00011115,8.1052856,.058470249
IRL,2010,All genders,25-55,26,-4.2724633,.00025971001,-4.353457,.00021748,8.1233597,.059185941
IRL,2010,All genders,25-55,27,-4.2513218,.000052529998,-4.3285522,.00028124999,8.1414337,.060081702
IRL,2010,All genders,25-55,28,-4.2301803,.00013877,-4.3036475,.00026802,8.1595078,.060848761
IRL,2010,All genders,25-55,29,-4.2090387,.00024448999,-4.2787428,.00026063001,8.1775818,.061134011
IRL,2010,All genders,25-55,30,-4.1878972,0,-4.2538381,.00021879,8.1956558,.06137934
IRL,2010,All genders,25-55,31,-4.1667552,0,-4.2289338,.00014482001,8.2137299,.061909061
IRL,2010,All genders,25-55,32,-4.1456137,0,-4.2040291,.00024682001,8.2318039,.062582582
IRL,2010,All genders,25-55,33,-4.1244721,.00032603001,-4.1791244,.00033857001,8.2498779,.06324815
IRL,2010,All genders,25-55,34,-4.1033306,.00045744001,-4.1542196,.00037051001,8.2679529,.064050332
IRL,2010,All genders,25-55,35,-4.0821891,0,-4.1293149,.00033708001,8.286027,.064874656
IRL,2010,All genders,25-55,36,-4.0610471,0,-4.1044102,.00020369,8.304101,.065698057
IRL,2010,All genders,25-55,37,-4.0399055,.00042868001,-4.0795059,.00025904001,8.322175,.066355079
IRL,2010,All genders,25-55,38,-4.018764,.00049465999,-4.0546012,.00036889,8.3402491,.067182139
IRL,2010,All genders,25-55,39,-3.9976225,.00026482,-4.0296965,.00043158999,8.3583231,.068226591
IRL,2010,All genders,25-55,40,-3.9764807,.00048660001,-4.0047917,.00048531001,8.3763971,.069158882
IRL,2010,All genders,25-55,41,-3.9553392,.0010009001,-3.979887,.00046278001,8.3944721,.070319213
IRL,2010,All genders,25-55,42,-3.9341974,.00038904999,-3.9549825,.00040545,8.4125462,.071939811
IRL,2010,All genders,25-55,43,-3.9130559,.00051007001,-3.9300778,.00047977999,8.4306202,.073597953
IRL,2010,All genders,25-55,44,-3.8919141,.000068009998,-3.9051731,.00074272999,8.4486942,.075100288
IRL,2010,All genders,25-55,45,-3.8707726,.00039174,-3.8802686,.00129858,8.4667683,.076604761
IRL,2010,All genders,25-55,46,-3.8496311,.00042634,-3.8553638,.00169322,8.4848423,.078678921
IRL,2010,All genders,25-55,47,-3.8284893,.00025792999,-3.8304591,.00168922,8.5029163,.081275716
IRL,2010,All genders,25-55,48,-3.8073478,.00025888,-3.8055544,.00127559,8.5209904,.083659589
IRL,2010,All genders,25-55,49,-3.786206,.000067059998,-3.7806499,.00074908999,8.5390654,.086052693
IRL,2010,All genders,25-55,50,-3.7650645,.00018341999,-3.7557452,.00064311002,8.5571394,.088088587
IRL,2010,All genders,25-55,51,-3.7439227,.00095894001,-3.7308404,.00079212,8.5752134,.090156712
IRL,2010,All genders,25-55,52,-3.7227812,.00075881003,-3.705936,.00107556,8.5932875,.091765039
IRL,2010,All genders,25-55,53,-3.7016397,.000026670001,-3.6810312,.00125674,8.6113615,.093240768
IRL,2010,All genders,25-55,54,-3.6804979,.000095809999,-3.6561265,.0012528,8.6294355,.094822623
IRL,2010,All genders,25-55,55,-3.6593564,.00080794003,-3.631222,.00149916,8.6475096,.096117817
IRL,2010,All genders,25-55,56,-3.6382146,.00080191001,-3.6063173,.00198002,8.6655836,.09725102
IRL,2010,All genders,25-55,57,-3.6170731,.00071683002,-3.5814126,.0025080801,8.6836586,.098533861
IRL,2010,All genders,25-55,58,-3.5959313,.00066269998,-3.5565081,.00270567,8.7017326,.0995676
IRL,2010,All genders,25-55,59,-3.5747898,.00066997,-3.5316033,.0023014799,8.7198067,.10043609
IRL,2010,All genders,25-55,60,-3.5536482,.00109552,-3.5066986,.00205598,8.7378807,.10125914
IRL,2010,All genders,25-55,61,-3.5325067,.00062131998,-3.4817941,.0022825501,8.7559547,.10269481
IRL,2010,All genders,25-55,62,-3.5113649,.00112981,-3.4568894,.0023932201,8.7740288,.10422976
IRL,2010,All genders,25-55,63,-3.4902234,.00091911998,-3.4319847,.0024729201,8.7921028,.10556652
IRL,2010,All genders,25-55,64,-3.4690816,.00041611999,-3.4070802,.00226979,8.8101768,.10667153
IRL,2010,All genders,25-55,65,-3.4479401,.00134722,-3.3821754,.0021842599,8.8282518,.1076679
IRL,2010,All genders,25-55,66,-3.4267983,.00160368,-3.3572707,.00242629,8.8463259,.10887377
IRL,2010,All genders,25-55,67,-3.4056568,.00193514,-3.332366,.0028014299,8.8643999,.11011143
IRL,2010,All genders,25-55,68,-3.3845153,.00291415,-3.3074615,.00394759,8.8824739,.11141566
IRL,2010,All genders,25-55,69,-3.3633735,.0028757099,-3.2825568,.0048458502,8.900548,.11353571
IRL,2010,All genders,25-55,70,-3.342232,.0026035199,-3.2576523,.0053914399,8.918622,.11566042
IRL,2010,All genders,25-55,71,-3.3210902,.0033672301,-3.2327476,.0052491701,8.9366961,.11777443
IRL,2010,All genders,25-55,72,-3.2999487,.0028037,-3.2078428,.0048317299,8.9547701,.12028634
IRL,2010,All genders,25-55,73,-3.2788069,.00187001,-3.1829381,.0048963502,8.9728451,.12294947
IRL,2010,All genders,25-55,74,-3.2576654,.0027664099,-3.1580336,.0047626998,8.9909191,.12558895
IRL,2010,All genders,25-55,75,-3.2365239,.00330321,-3.1331289,.0048795999,9.0089931,.12880646
IRL,2010,All genders,25-55,76,-3.2153821,.0031123899,-3.1082242,.0049954099,9.0270672,.13242161
IRL,2010,All genders,25-55,77,-3.1942406,.0037617399,-3.0833197,.0050123902,9.0451412,.1363899
IRL,2010,All genders,25-55,78,-3.1730988,.0029963299,-3.0584149,.0053702001,9.0632153,.14038862
IRL,2010,All genders,25-55,79,-3.1519573,.0028551801,-3.0335102,.0058512301,9.0812893,.14417444
IRL,2010,All genders,25-55,80,-3.1308155,.00300472,-3.0086057,.0066567999,9.0993633,.14752889
IRL,2010,All genders,25-55,81,-3.109674,.0038322101,-2.983701,.0071773599,9.1174383,.15048449
IRL,2010,All genders,25-55,82,-3.0885324,.00376877,-2.9587963,.0066949399,9.1355124,.15311238
IRL,2010,All genders,25-55,83,-3.0673909,.0022209601,-2.9338918,.0058939499,9.1535864,.1558613
IRL,2010,All genders,25-55,84,-3.0462492,.00284197,-2.908987,.0059153498,9.1716604,.15864174
IRL,2010,All genders,25-55,85,-3.0251074,.0053681699,-2.8840823,.0066550002,9.1897345,.16207854
IRL,2010,All genders,25-55,86,-3.0039659,.00450555,-2.8591776,.00725555,9.2078085,.16553539
IRL,2010,All genders,25-55,87,-2.9828243,.00217139,-2.8342731,.0078061302,9.2258825,.16887785
IRL,2010,All genders,25-55,88,-2.9616826,.00215414,-2.8093684,.0083487602,9.2439566,.17222704
IRL,2010,All genders,25-55,89,-2.940541,.00502455,-2.7844639,.0087897796,9.2620316,.17687817
IRL,2010,All genders,25-55,90,-2.9193995,.0044879098,-2.7595592,.0084836604,9.2801056,.18250057
IRL,2010,All genders,25-55,91,-2.8982577,.00377609,-2.7346544,.0076346202,9.2981796,.18831895
IRL,2010,All genders,25-55,92,-2.8771162,.0044359802,-2.7097497,.0073013999,9.3162537,.1939636
IRL,2010,All genders,25-55,93,-2.8559744,.0044632498,-2.6848452,.0077067399,9.3343277,.19943208
IRL,2010,All genders,25-55,94,-2.8348329,.0050762999,-2.6599405,.0084241498,9.3524017,.20423432
IRL,2010,All genders,25-55,95,-2.8136911,.0048020501,-2.635036,.0088647399,9.3704758,.20858966
IRL,2010,All genders,25-55,96,-2.7925496,.0055523599,-2.6101313,.0097596301,9.3885508,.21274123
IRL,2010,All genders,25-55,97,-2.7714081,.0056758099,-2.5852265,.01056536,9.4066248,.21705014
IRL,2010,All genders,25-55,98,-2.7502663,.00638885,-2.5603218,.01030478,9.4246988,.22114763
IRL,2010,All genders,25-55,99,-2.7291248,.0043535298,-2.5354173,.0094531504,9.4427729,.22400475
IRL,2010,All genders,25-55,100,-2.707983,.0052759,-2.5105126,.0087666204,9.4608469,.22681229
IRL,2010,All genders,25-55,101,-2.6868415,.0082985004,-2.4856079,.0087456303,9.4789209,.22889636
IRL,2010,All genders,25-55,102,-2.6656997,.0060767299,-2.4607034,.0096444301,9.496995,.23062848
IRL,2010,All genders,25-55,103,-2.6445582,.0076110498,-2.4357986,.01017944,9.515069,.23310287
IRL,2010,All genders,25-55,104,-2.6234167,.0063438299,-2.4108939,.01006719,9.533144,.23766045
IRL,2010,All genders,25-55,105,-2.6022749,.0062558502,-2.3859892,.0102043,9.551218,.24360691
IRL,2010,All genders,25-55,106,-2.5811334,.0072627799,-2.3610847,.01063591,9.5692921,.24924591
IRL,2010,All genders,25-55,107,-2.5599916,.0081073996,-2.33618,.0117278,9.5873661,.25476593
IRL,2010,All genders,25-55,108,-2.5388501,.01009801,-2.3112755,.01335988,9.6054401,.26073551
IRL,2010,All genders,25-55,109,-2.5177085,.0087407399,-2.2863708,.01529225,9.6235142,.26633054
IRL,2010,All genders,25-55,110,-2.4965668,.00905017,-2.261466,.01664459,9.6415882,.27141917
IRL,2010,All genders,25-55,111,-2.4754252,.01005306,-2.2365613,.01755988,9.6596622,.27730018
IRL,2010,All genders,25-55,112,-2.4542837,.0083467597,-2.2116568,.01759227,9.6777372,.28448209
IRL,2010,All genders,25-55,113,-2.4331419,.01011828,-2.1867521,.017386621,9.6958113,.2922295
IRL,2010,All genders,25-55,114,-2.4120004,.0090834703,-2.1618476,.016411981,9.7138853,.30084878
IRL,2010,All genders,25-55,115,-2.3908587,.0090503003,-2.1369429,.016118851,9.7319593,.31053925
IRL,2010,All genders,25-55,116,-2.3697171,.0094826296,-2.1120381,.01583674,9.7500334,.32086229
IRL,2010,All genders,25-55,117,-2.3485754,.0083818901,-2.0871334,.01620234,9.7681074,.33169901
IRL,2010,All genders,25-55,118,-2.3274338,.0109244,-2.0622289,.01772896,9.7861814,.34284857
IRL,2010,All genders,25-55,119,-2.3062923,.0098740198,-2.0373242,.01858783,9.8042555,.35442218
IRL,2010,All genders,25-55,120,-2.2851505,.01022073,-2.0124197,.01988133,9.8223305,.36639914
IRL,2010,All genders,25-55,121,-2.264009,.01249154,-1.9875149,.0205607,9.8404045,.37814268
IRL,2010,All genders,25-55,122,-2.2428672,.01193386,-1.9626102,.020109311,9.8584785,.38951421
IRL,2010,All genders,25-55,123,-2.2217257,.01059992,-1.9377056,.019509761,9.8765526,.401077
IRL,2010,All genders,25-55,124,-2.2005842,.01149944,-1.9128009,.020071819,9.8946266,.41188952
IRL,2010,All genders,25-55,125,-2.1794424,.01152983,-1.8878963,.0223819,9.9127007,.42098269
IRL,2010,All genders,25-55,126,-2.1583009,.01514835,-1.8629916,.024691841,9.9307747,.42895195
IRL,2010,All genders,25-55,127,-2.1371591,.01329778,-1.838087,.02500358,9.9488487,.43574348
IRL,2010,All genders,25-55,128,-2.1160176,.01215788,-1.8131824,.024663771,9.9669237,.44270146
IRL,2010,All genders,25-55,129,-2.0948758,.01346961,-1.7882777,.024966801,9.9849977,.4501068
IRL,2010,All genders,25-55,130,-2.0737343,.016471639,-1.763373,.026650179,10.003072,.45854655
IRL,2010,All genders,25-55,131,-2.0525928,.01487033,-1.7384684,.027498901,10.021146,.46770847
IRL,2010,All genders,25-55,132,-2.031451,.01589041,-1.7135637,.02607011,10.03922,.47742245
IRL,2010,All genders,25-55,133,-2.0103095,.018014669,-1.6886591,.0256411,10.057294,.48675773
IRL,2010,All genders,25-55,134,-1.9891678,.0151544,-1.6637543,.026271589,10.075368,.49638686
IRL,2010,All genders,25-55,135,-1.9680262,.018156789,-1.6388499,.02785361,10.093442,.50621831
IRL,2010,All genders,25-55,136,-1.9468845,.01962948,-1.6139451,.029246859,10.111517,.51701581
IRL,2010,All genders,25-55,137,-1.9257429,.015982371,-1.5890405,.02765264,10.129591,.52663922
IRL,2010,All genders,25-55,138,-1.9046013,.01617503,-1.5641358,.02640664,10.147665,.53564036
IRL,2010,All genders,25-55,139,-1.8834596,.01632712,-1.5392312,.026701329,10.165739,.54411119
IRL,2010,All genders,25-55,140,-1.862318,.01858161,-1.5143265,.02973683,10.183813,.55194044
IRL,2010,All genders,25-55,141,-1.8411764,.01840963,-1.4894218,.033157371,10.201887,.55880666
IRL,2010,All genders,25-55,142,-1.8200347,.01882666,-1.4645172,.033877891,10.219961,.56462681
IRL,2010,All genders,25-55,143,-1.7988931,.02084551,-1.4396126,.034252431,10.238036,.57069957
IRL,2010,All genders,25-55,144,-1.7777514,.019594179,-1.4147079,.03604871,10.25611,.57624823
IRL,2010,All genders,25-55,145,-1.7566099,.02157902,-1.3898033,.03827554,10.274184,.58044714
IRL,2010,All genders,25-55,146,-1.7354683,.02133465,-1.3648986,.040871572,10.292258,.58350724
IRL,2010,All genders,25-55,147,-1.7143266,.020805281,-1.339994,.04108372,10.310332,.58603799
IRL,2010,All genders,25-55,148,-1.693185,.0210966,-1.3150893,.040204171,10.328406,.58794987
IRL,2010,All genders,25-55,149,-1.6720434,.024220809,-1.2901846,.041031539,10.346481,.5894385
IRL,2010,All genders,25-55,150,-1.6509017,.021953849,-1.26528,.042471681,10.364555,.59149724
IRL,2010,All genders,25-55,151,-1.6297601,.01882839,-1.2403753,.044346359,10.382629,.59372646
IRL,2010,All genders,25-55,152,-1.6086185,.022976341,-1.2154707,.04613952,10.400703,.59571946
IRL,2010,All genders,25-55,153,-1.5874768,.024936279,-1.1905659,.04578035,10.418777,.59648526
IRL,2010,All genders,25-55,154,-1.5663352,.02078167,-1.1656615,.04516552,10.436851,.59747082
IRL,2010,All genders,25-55,155,-1.5451936,.021152141,-1.1407567,.04722248,10.454926,.59915352
IRL,2010,All genders,25-55,156,-1.524052,.023488769,-1.1158521,.050363772,10.473,.60145372
IRL,2010,All genders,25-55,157,-1.5029104,.025001099,-1.0909474,.054381739,10.491074,.60397232
IRL,2010,All genders,25-55,158,-1.4817687,.02490283,-1.0660428,.057317019,10.509148,.60664839
IRL,2010,All genders,25-55,159,-1.4606271,.023912599,-1.0411381,.05988295,10.527222,.60910183
IRL,2010,All genders,25-55,160,-1.4394855,.02429598,-1.0162334,.064889148,10.545296,.61052161
IRL,2010,All genders,25-55,161,-1.4183438,.02649837,-.99132884,.068310007,10.56337,.61046249
IRL,2010,All genders,25-55,162,-1.3972023,.02963331,-.96642417,.069165841,10.581445,.60870159
IRL,2010,All genders,25-55,163,-1.3760606,.031874228,-.9415195,.068724111,10.599519,.60508841
IRL,2010,All genders,25-55,164,-1.354919,.034036569,-.91661483,.071382523,10.617593,.60009891
IRL,2010,All genders,25-55,165,-1.3337773,.041468371,-.89171022,.076344751,10.635667,.59390742
IRL,2010,All genders,25-55,166,-1.3126357,.040258311,-.86680555,.08266075,10.653741,.58650249
IRL,2010,All genders,25-55,167,-1.2914941,.03505196,-.84190089,.086371697,10.671815,.57738441
IRL,2010,All genders,25-55,168,-1.2703525,.033845279,-.81699628,.088988401,10.68989,.56649822
IRL,2010,All genders,25-55,169,-1.2492108,.0323462,-.79209161,.091862202,10.707964,.55481225
IRL,2010,All genders,25-55,170,-1.2280692,.036566459,-.76718694,.095548227,10.726038,.54303634
IRL,2010,All genders,25-55,171,-1.2069277,.03826705,-.74228227,.10051986,10.744112,.5309065
IRL,2010,All genders,25-55,172,-1.1857859,.035908829,-.71737766,.10450375,10.762186,.51922709
IRL,2010,All genders,25-55,173,-1.1646442,.038352329,-.69247299,.10844247,10.78026,.50677049
IRL,2010,All genders,25-55,174,-1.1435027,.040387731,-.66756833,.11554921,10.798334,.49458101
IRL,2010,All genders,25-55,175,-1.1223611,.03778173,-.64266372,.12628128,10.816409,.48221198
IRL,2010,All genders,25-55,176,-1.1012194,.04089826,-.61775905,.13544545,10.834483,.46953151
IRL,2010,All genders,25-55,177,-1.0800778,.03610665,-.59285438,.14279956,10.852557,.45641971
IRL,2010,All genders,25-55,178,-1.0589362,.03681764,-.56794971,.14693464,10.870631,.44241366
IRL,2010,All genders,25-55,179,-1.0377946,.044358559,-.5430451,.15611023,10.888705,.42753139
IRL,2010,All genders,25-55,180,-1.0166529,.046801951,-.51814044,.17093952,10.906779,.41220769
IRL,2010,All genders,25-55,181,-.99551129,.048868369,-.49323577,.18022221,10.924854,.39677089
IRL,2010,All genders,25-55,182,-.97436965,.049852449,-.46833113,.18575104,10.942928,.38041282
IRL,2010,All genders,25-55,183,-.95322806,.049714331,-.44342646,.18727657,10.961002,.36412251
IRL,2010,All genders,25-55,184,-.93208641,.052217081,-.41852182,.1927696,10.979076,.34811959
IRL,2010,All genders,25-55,185,-.91094482,.056531191,-.39361718,.20823176,10.99715,.33199921
IRL,2010,All genders,25-55,186,-.88980317,.059513941,-.36871251,.22954449,11.015224,.31647408
IRL,2010,All genders,25-55,187,-.86866152,.058421612,-.34380785,.25379041,11.033299,.30196881
IRL,2010,All genders,25-55,188,-.84751993,.06003039,-.31890321,.27863023,11.051373,.28794146
IRL,2010,All genders,25-55,189,-.82637829,.061963338,-.29399857,.30658635,11.069447,.27462602
IRL,2010,All genders,25-55,190,-.80523664,.066740267,-.2690939,.3381072,11.087521,.26216722
IRL,2010,All genders,25-55,191,-.78409505,.074518584,-.24418926,.37513876,11.105595,.2509672
IRL,2010,All genders,25-55,192,-.7629534,.073469378,-.21928459,.4225347,11.123669,.24102376
IRL,2010,All genders,25-55,193,-.74181175,.078802198,-.19437996,.47651374,11.141743,.23100261
IRL,2010,All genders,25-55,194,-.72067016,.083390579,-.1694753,.54386693,11.159818,.22090116
IRL,2010,All genders,25-55,195,-.69952852,.080169082,-.14457065,.61881208,11.177892,.21084455
IRL,2010,All genders,25-55,196,-.67838687,.085640334,-.119666,.69747108,11.195966,.20085062
IRL,2010,All genders,25-55,197,-.65724528,.07898023,-.094761342,.80485153,11.21404,.19084926
IRL,2010,All genders,25-55,198,-.63610363,.084738977,-.069856688,.93415678,11.232114,.18120408
IRL,2010,All genders,25-55,199,-.61496198,.096798763,-.044952039,1.0816123,11.250188,.1716256
IRL,2010,All genders,25-55,200,-.59382039,.097913548,-.020047391,1.2180628,11.268263,.16184983
IRL,2010,All genders,25-55,201,-.57267874,.097872481,.0048572598,1.3313766,11.286337,.15255737
IRL,2010,All genders,25-55,202,-.55153716,.10986151,.02976192,1.4263459,11.304411,.14358099
IRL,2010,All genders,25-55,203,-.53039551,.11540634,.054666571,1.4875681,11.322485,.13492285
IRL,2010,All genders,25-55,204,-.50925386,.10790354,.079571217,1.5225956,11.340559,.12595499
IRL,2010,All genders,25-55,205,-.48811224,.11706835,.10447587,1.5321755,11.358633,.11754457
IRL,2010,All genders,25-55,206,-.46697062,.12401161,.12938052,1.5201224,11.376708,.1097981
IRL,2010,All genders,25-55,207,-.445829,.13131855,.15428518,1.478928,11.394782,.10271841
IRL,2010,All genders,25-55,208,-.42468736,.13191579,.17918983,1.3993794,11.412856,.095750853
IRL,2010,All genders,25-55,209,-.40354574,.13903995,.20409448,1.2920458,11.43093,.089675508
IRL,2010,All genders,25-55,210,-.38240412,.14562549,.22899912,1.1557214,11.449004,.084150508
IRL,2010,All genders,25-55,211,-.36126247,.15477319,.25390378,1.0112863,11.467078,.078941792
IRL,2010,All genders,25-55,212,-.34012085,.17363213,.27880844,.87176001,11.485152,.074024796
IRL,2010,All genders,25-55,213,-.31897923,.1828787,.30371308,.76234108,11.503227,.069718957
IRL,2010,All genders,25-55,214,-.29783759,.19576253,.32861775,.68510914,11.521301,.065599903
IRL,2010,All genders,25-55,215,-.27669597,.20954713,.35352239,.61815798,11.539375,.061824489
IRL,2010,All genders,25-55,216,-.25555435,.22994269,.37842703,.56083471,11.557449,.05832424
IRL,2010,All genders,25-55,217,-.23441271,.24510214,.4033317,.50341034,11.575523,.055126041
IRL,2010,All genders,25-55,218,-.2132711,.25986096,.42823634,.45560622,11.593597,.052262321
IRL,2010,All genders,25-55,219,-.19212946,.27289847,.453141,.41199267,11.611672,.049664699
IRL,2010,All genders,25-55,220,-.17098784,.31062844,.47804564,.37212068,11.629746,.047281548
IRL,2010,All genders,25-55,221,-.14984621,.35028589,.50295031,.33650613,11.64782,.0452362
IRL,2010,All genders,25-55,222,-.12870458,.38078281,.52785498,.30768263,11.665894,.043288201
IRL,2010,All genders,25-55,223,-.10756296,.47146395,.55275959,.28702849,11.683968,.041211821
IRL,2010,All genders,25-55,224,-.086421333,.55250472,.57766426,.26599672,11.702042,.039386421
IRL,2010,All genders,25-55,225,-.0652797,.63801527,.60256892,.2433898,11.720116,.037894011
IRL,2010,All genders,25-55,226,-.04413807,.81060457,.62747353,.2196777,11.738191,.03656115
IRL,2010,All genders,25-55,227,-.02299645,1.0507791,.6523782,.20415518,11.756265,.035134941
IRL,2010,All genders,25-55,228,-.0018548199,1.4257429,.67728287,.1951772,11.774339,.033875778
IRL,2010,All genders,25-55,229,.019286809,2.021286,.70218754,.18927282,11.792413,.03265148
IRL,2010,All genders,25-55,230,.04042843,3.0953562,.72709215,.17869681,11.810487,.031395681
IRL,2010,All genders,25-55,231,.06157006,4.5888476,.75199682,.16449603,11.828561,.02992573
IRL,2010,All genders,25-55,232,.082711689,4.7091169,.77690148,.15343539,11.846636,.02833168
IRL,2010,All genders,25-55,233,.10385332,3.6802943,.80180615,.14506592,11.86471,.026707901
IRL,2010,All genders,25-55,234,.12499494,2.6770511,.82671076,.13901944,11.882784,.0253793
IRL,2010,All genders,25-55,235,.14613657,1.8959543,.85161543,.13089129,11.900858,.024253041
IRL,2010,All genders,25-55,236,.1672782,1.4149761,.8765201,.12394441,11.918932,.02322945
IRL,2010,All genders,25-55,237,.18841982,1.0957743,.90142477,.11910335,11.937006,.022257579
IRL,2010,All genders,25-55,238,.20956145,.90172547,.92632937,.11510969,11.955081,.02131168
IRL,2010,All genders,25-55,239,.23070309,.75801563,.95123404,.10984139,11.973155,.020547589
IRL,2010,All genders,25-55,240,.2518447,.63317007,.97613871,.10317844,11.991229,.019968679
IRL,2010,All genders,25-55,241,.27298632,.53994918,1.0010433,.098228239,12.009303,.019350059
IRL,2010,All genders,25-55,242,.29412797,.4744589,1.025948,.093349613,12.027377,.018768979
IRL,2010,All genders,25-55,243,.31526959,.43141919,1.0508527,.091249727,12.045451,.01824487
IRL,2010,All genders,25-55,244,.33641121,.36087623,1.0757573,.089109279,12.063525,.01754001
IRL,2010,All genders,25-55,245,.35755283,.31875205,1.100662,.085108228,12.0816,.016825089
IRL,2010,All genders,25-55,246,.37869447,.29153061,1.1255666,.082556739,12.099674,.016017729
IRL,2010,All genders,25-55,247,.39983609,.25537077,1.1504713,.079412483,12.117748,.01509723
IRL,2010,All genders,25-55,248,.42097771,.22681285,1.1753759,.075091779,12.135822,.01423197
IRL,2010,All genders,25-55,249,.44211936,.22180958,1.2002805,.071244918,12.153896,.01341027
IRL,2010,All genders,25-55,250,.46326098,.21048722,1.2251852,.06634561,12.17197,.01254351
IRL,2010,All genders,25-55,251,.4844026,.20203017,1.2500899,.06237508,12.190045,.01157534
IRL,2010,All genders,25-55,252,.50554425,.17649128,1.2749945,.05861675,12.208119,.01065779
IRL,2010,All genders,25-55,253,.52668583,.1639169,1.2998992,.054568261,12.226193,.0098606804
IRL,2010,All genders,25-55,254,.54782748,.15422396,1.3248038,.05270797,12.244267,.0092433495
IRL,2010,All genders,25-55,255,.56896913,.14315274,1.3497086,.0526479,12.262341,.0087976698
IRL,2010,All genders,25-55,256,.59011072,.13817297,1.374613,.052660819,12.280415,.0084137795
IRL,2010,All genders,25-55,257,.61125237,.12683509,1.3995178,.052162942,12.298489,.0080319
IRL,2010,All genders,25-55,258,.63239402,.11945636,1.4244224,.05069159,12.316564,.0075861099
IRL,2010,All genders,25-55,259,.6535356,.11787388,1.4493271,.048155591,12.334638,.0070929802
IRL,2010,All genders,25-55,260,.67467725,.11095642,1.4742317,.045317199,12.352712,.0065579601
IRL,2010,All genders,25-55,261,.6958189,.10598451,1.4991364,.042381559,12.370786,.0059855701
IRL,2010,All genders,25-55,262,.71696049,.105326,1.5240411,.04062628,12.38886,.0054399301
IRL,2010,All genders,25-55,263,.73810214,.094555192,1.5489457,.040074799,12.406934,.0049952301
IRL,2010,All genders,25-55,264,.75924379,.092239581,1.5738503,.039045259,12.425009,.00457408
IRL,2010,All genders,25-55,265,.78038538,.093422242,1.598755,.03762491,12.443083,.00416796
IRL,2010,All genders,25-55,266,.80152702,.086011492,1.6236596,.035983969,12.461157,.0037920601
IRL,2010,All genders,25-55,267,.82266861,.077361628,1.6485643,.035960261,12.479231,.0034567299
IRL,2010,All genders,25-55,268,.84381026,.076240949,1.6734689,.03571469,12.497305,.0031514899
IRL,2010,All genders,25-55,269,.86495191,.075286523,1.6983736,.03454899,12.515379,.0028967201
IRL,2010,All genders,25-55,270,.8860935,.075678818,1.7232783,.032128058,12.533454,.00277362
IRL,2010,All genders,25-55,271,.90723515,.06582953,1.7481829,.02974727,12.551528,.0027196701
IRL,2010,All genders,25-55,272,.92837679,.059946209,1.7730876,.028718701,12.569602,.0026439601
IRL,2010,All genders,25-55,273,.94951838,.06207823,1.7979922,.02856824,12.587676,.00259981
IRL,2010,All genders,25-55,274,.97066003,.055671759,1.822897,.02875508,12.60575,.00255572
IRL,2010,All genders,25-55,275,.99180168,.05942373,1.8478014,.02826282,12.623824,.0024770801
IRL,2010,All genders,25-55,276,1.0129433,.050233498,1.8727062,.02721058,12.641898,.0023789899
IRL,2010,All genders,25-55,277,1.0340849,.04902973,1.8976108,.02546606,12.659973,.0022903699
IRL,2010,All genders,25-55,278,1.0552264,.05539798,1.9225155,.024384201,12.678047,.00221033
IRL,2010,All genders,25-55,279,1.0763682,.052873429,1.9474201,.02350159,12.696121,.0020925
IRL,2010,All genders,25-55,280,1.0975097,.045217779,1.9723248,.022349291,12.714195,.00200369
IRL,2010,All genders,25-55,281,1.1186514,.04630531,1.9972295,.021236749,12.732269,.0019166
IRL,2010,All genders,25-55,282,1.139793,.050890949,2.0221341,.019694289,12.750343,.00181107
IRL,2010,All genders,25-55,283,1.1609347,.051667999,2.0470388,.02032928,12.768418,.00172456
IRL,2010,All genders,25-55,284,1.1820763,.051576849,2.0719433,.02065739,12.786492,.00167323
IRL,2010,All genders,25-55,285,1.2032179,.050226539,2.096848,.0204388,12.804566,.00158865
IRL,2010,All genders,25-55,286,1.2243596,.047041461,2.1217527,.0189685,12.82264,.00148875
IRL,2010,All genders,25-55,287,1.2455012,.03977434,2.1466572,.01649254,12.840714,.00136163
IRL,2010,All genders,25-55,288,1.2666428,.038255461,2.171562,.015633389,12.858788,.00125787
IRL,2010,All genders,25-55,289,1.2877845,.04333435,2.1964667,.01538157,12.876862,.00116472
IRL,2010,All genders,25-55,290,1.3089261,.032014079,2.2213714,.01514981,12.894937,.00106621
IRL,2010,All genders,25-55,291,1.3300678,.032955632,2.2462759,.01454986,12.913011,.00098447001
IRL,2010,All genders,25-55,292,1.3512093,.037421111,2.2711806,.01310432,12.931085,.00093834999
IRL,2010,All genders,25-55,293,1.3723509,.034837559,2.2960854,.01179382,12.949159,.00092462997
IRL,2010,All genders,25-55,294,1.3934926,.0282233,2.3209898,.01079746,12.967233,.00093311002
IRL,2010,All genders,25-55,295,1.4146342,.028551791,2.3458946,.00989749,12.985307,.00093263999
IRL,2010,All genders,25-55,296,1.4357758,.027646661,2.3707993,.01028913,13.003382,.00092492002
IRL,2010,All genders,25-55,297,1.4569175,.02700478,2.3957038,.0106509,13.021456,.00091807998
IRL,2010,All genders,25-55,298,1.4780591,.02783468,2.4206085,.01126814,13.03953,.00091901002
IRL,2010,All genders,25-55,299,1.4992007,.029149109,2.4455132,.01127226,13.057604,.00092279998
IRL,2010,All genders,25-55,300,1.5203424,.024319069,2.4704177,.01093426,13.075678,.00089293998
IRL,2010,All genders,25-55,301,1.541484,.01940223,2.4953225,.0097930497,13.093752,.00083752
IRL,2010,All genders,25-55,302,1.5626256,.019002389,2.5202272,.0082507096,13.111827,.00077838002
IRL,2010,All genders,25-55,303,1.5837672,.019640559,2.5451317,.0068942602,13.129901,.00072314998
IRL,2010,All genders,25-55,304,1.6049088,.01961064,2.5700364,.0067799902,13.147975,.00066885003
IRL,2010,All genders,25-55,305,1.6260505,.02067429,2.5949411,.00689351,13.166049,.00059839
IRL,2010,All genders,25-55,306,1.6471921,.01964929,2.6198456,.00680506,13.184123,.00049860001
IRL,2010,All genders,25-55,307,1.6683336,.020388739,2.6447504,.005996,13.202197,.00042731001
IRL,2010,All genders,25-55,308,1.6894754,.016955551,2.6696551,.0049466901,13.220271,.00039181
IRL,2010,All genders,25-55,309,1.7106169,.017794341,2.6945598,.0043656402,13.238346,.000374
IRL,2010,All genders,25-55,310,1.7317586,.01811602,2.7194643,.00398613,13.25642,.00034107
IRL,2010,All genders,25-55,311,1.7529002,.01700622,2.744369,.0044355299,13.274494,.00030858
IRL,2010,All genders,25-55,312,1.7740419,.01432267,2.7692735,.0045477101,13.292568,.00027568001
IRL,2010,All genders,25-55,313,1.7951835,.01478724,2.7941782,.0042075301,13.310642,.00026902001
IRL,2010,All genders,25-55,314,1.8163251,.01425491,2.819083,.00367989,13.328716,.00027230001
IRL,2010,All genders,25-55,315,1.8374667,.01480082,2.8439877,.00314187,13.346791,.00026671999
IRL,2010,All genders,25-55,316,1.8586084,.01405181,2.8688922,.00314505,13.364865,.00024895999
IRL,2010,All genders,25-55,317,1.87975,.0145384,2.8937969,.00302185,13.382939,.00025472001
IRL,2010,All genders,25-55,318,1.9008915,.0119766,2.9187016,.00237624,13.401013,.00025760001
IRL,2010,All genders,25-55,319,1.9220333,.01264451,2.9436061,.00188043,13.419087,.00025886999
IRL,2010,All genders,25-55,320,1.943175,.01064862,2.9685109,.00147307,13.437161,.00025310001
IRL,2010,All genders,25-55,321,1.9643165,.01061819,2.9934156,.00143438,13.455235,.00023734001
IRL,2010,All genders,25-55,322,1.9854581,.0085096499,3.0183201,.00140941,13.47331,.00022562
IRL,2010,All genders,25-55,323,2.0065999,.0094187995,3.0432248,.00146998,13.491384,.00021573
IRL,2010,All genders,25-55,324,2.0277414,.0086682001,3.0681295,.00136355,13.509458,.00020284
IRL,2010,All genders,25-55,325,2.048883,.0077192001,3.093034,.00122759,13.527532,.00018856001
IRL,2010,All genders,25-55,326,2.0700245,.0087836999,3.1179388,.00099859003,13.545606,.00017684
IRL,2010,All genders,25-55,327,2.0911663,.0086696101,3.1428435,.00066173001,13.56368,.00016166001
IRL,2010,All genders,25-55,328,2.1123078,.0089175403,3.1677482,.0006045,13.581755,.00015711
IRL,2010,All genders,25-55,329,2.1334496,.0073828599,3.1926527,.00059169001,13.599829,.00015743999
IRL,2010,All genders,25-55,330,2.1545911,.00806164,3.2175574,.00066373002,13.617903,.00015039
IRL,2010,All genders,25-55,331,2.1757329,.0080653299,3.2424619,.00085953,13.635977,.00013691001
IRL,2010,All genders,25-55,332,2.1968744,.0054994798,3.2673666,.00085919001,13.654051,.00013434001
IRL,2010,All genders,25-55,333,2.2180159,.0049459198,3.2922714,.00072970003,13.672125,.00012744
IRL,2010,All genders,25-55,334,2.2391577,.00390446,3.3171761,.0004855,13.6902,.00012124
IRL,2010,All genders,25-55,335,2.2602992,.0052495799,3.3420806,.00036246999,13.708274,.00011224
IRL,2010,All genders,25-55,336,2.281441,.00714092,3.3669853,.00042254,13.726348,.00010719
IRL,2010,All genders,25-55,337,2.3025825,.0075946902,3.3918898,.00046735999,13.744422,.00010791
IRL,2010,All genders,25-55,338,2.3237243,.00524014,3.4167945,.00043968001,13.762496,.00010988
IRL,2010,All genders,25-55,339,2.3448658,.0033134499,3.4416993,.00035471999,13.78057,.00010447
IRL,2010,All genders,25-55,340,2.3660073,.00361795,3.466604,.00028556999,13.798644,.0001131
IRL,2010,All genders,25-55,341,2.3871491,.00377073,3.4915085,.00023411,13.816719,.00012676
IRL,2010,All genders,25-55,342,2.4082906,.00451703,3.5164132,.00020782001,13.834793,.00013452
IRL,2010,All genders,25-55,343,2.4294324,.0032472301,3.5413179,.00012481,13.852867,.00013638
IRL,2010,All genders,25-55,344,2.4505739,.00247664,3.5662224,.00011598,13.870941,.00013234001
IRL,2010,All genders,25-55,345,2.4717157,.00295049,3.5911272,.000061799998,13.889015,.00012531001
IRL,2010,All genders,25-55,346,2.4928572,.0028774601,3.6160319,0,13.907089,.00011919
IRL,2010,All genders,25-55,347,2.5139987,.00357679,3.6409366,0,13.925164,.00011715
IRL,2010,All genders,25-55,348,2.5351405,.0028314199,3.6658411,0,13.943238,.00010935
IRL,2010,All genders,25-55,349,2.556282,.0035665999,3.6907458,0,13.961312,.000095640004
IRL,2010,All genders,25-55,350,2.5774238,.00244444,3.7156503,.000083910003,13.979386,.00007858
IRL,2010,All genders,25-55,351,2.5985653,.00155685,3.740555,.0001237,13.99746,.000065020002
IRL,2010,All genders,25-55,352,2.6197071,.00086003001,3.7654598,.00020274,14.015534,.000058189999
IRL,2010,All genders,25-55,353,2.6408486,.00132435,3.7903645,.0001911,14.033608,.000048810001
IRL,2010,All genders,25-55,354,2.6619902,.0020478601,3.815269,.00011781,14.051683,.00003739
IRL,2010,All genders,25-55,355,2.6831317,.00124668,3.8401737,.000066380002,14.069757,.000033839999
IRL,2010,All genders,25-55,356,2.7042735,.00098642998,3.8650782,0,14.087831,.000028820001
IRL,2010,All genders,25-55,357,2.725415,.00136849,3.8899829,.000058649999,14.105905,.00002232
IRL,2010,All genders,25-55,358,2.7465568,.0014340701,3.9148877,.00011467,14.123979,.00001434
IRL,2010,All genders,25-55,359,2.7676983,.00081727002,3.9397924,.00012533,14.142053,4.8950001e-06
IRL,2010,All genders,25-55,360,2.7888401,.00047822,3.9646969,.000090649999,14.160128,0
IRL,2010,All genders,25-55,361,2.8099816,.00047987999,3.9896016,.000029500001,14.178202,0
IRL,2010,All genders,25-55,362,2.8311231,.00053969998,4.0145063,.00017999001,14.196276,0
IRL,2010,All genders,25-55,363,2.8522649,.0004126,4.0394111,.00025039,14.21435,0
IRL,2010,All genders,25-55,364,2.8734064,.00031129,4.0643153,.00023008,14.232424,0
IRL,2010,All genders,25-55,365,2.8945482,.00001384,4.08922,.00011906,14.250498,0
IRL,2010,All genders,25-55,366,2.9156897,.00027456999,4.1141248,0,14.268573,0
IRL,2010,All genders,25-55,367,2.9368315,.0010728,4.1390295,0,14.286647,0
IRL,2010,All genders,25-55,368,2.957973,.00063556002,4.1639342,0,14.304721,0
IRL,2010,All genders,25-55,369,2.9791145,.00069085002,4.188839,0,14.322795,0
IRL,2010,All genders,25-55,370,3.0002563,.00026381999,4.2137437,0,14.340869,0
IRL,2010,All genders,25-55,371,3.0213978,.00051256001,4.2386479,0,14.358943,0
IRL,2010,All genders,25-55,372,3.0425396,.00011116,4.2635527,0,14.377017,0
IRL,2010,All genders,25-55,373,3.0636811,0,4.2884574,0,14.395092,0
IRL,2010,All genders,25-55,374,3.0848229,.00047482,4.3133621,0,14.413166,0
IRL,2010,All genders,25-55,375,3.1059644,.00030936001,4.3382668,0,14.43124,0
IRL,2010,All genders,25-55,376,3.127106,0,4.3631716,0,14.449314,0
IRL,2010,All genders,25-55,377,3.1482477,.00014194001,4.3880758,0,14.467388,0
IRL,2010,All genders,25-55,378,3.1693892,.00042036001,4.4129806,0,14.485462,0
IRL,2010,All genders,25-55,379,3.190531,.00022587999,4.4378853,0,14.503537,0
IRL,2010,All genders,25-55,380,3.2116725,0,4.46279,.000020670001,14.521611,0
IRL,2010,All genders,25-55,381,3.2328141,.00011344,4.4876947,.000096169999,14.539685,0
IRL,2010,All genders,25-55,382,3.2539558,.00025191999,4.5125995,.00012631,14.557759,0
IRL,2010,All genders,25-55,383,3.2750974,0,4.5375037,.0001111,14.575833,0
IRL,2010,All genders,25-55,384,3.2962389,0,4.5624084,.000050539998,14.593907,0
IRL,2010,All genders,25-55,385,3.3173807,0,4.5873132,0,14.611981,0
IRL,2010,All genders,25-55,386,3.3385222,0,4.6122179,0,14.630056,0
IRL,2010,All genders,25-55,387,3.359664,0,4.6371226,0,14.64813,0
IRL,2010,All genders,25-55,388,3.3808055,0,4.6620274,0,14.666204,0
IRL,2010,All genders,25-55,389,3.4019473,0,4.6869316,.000066970002,14.684278,0
IRL,2010,All genders,25-55,390,3.4230888,0,4.7118363,.00011804,14.702352,6.9030002e-06
IRL,2010,All genders,25-55,391,3.4442303,0,4.7367411,.00012375,14.720426,.000016059999
IRL,2010,All genders,25-55,392,3.4653721,0,4.7616458,.000084109997,14.738501,.00002374
IRL,2010,All genders,25-55,393,3.4865136,0,4.7865505,0,14.756575,.00002994
IRL,2010,All genders,25-55,394,3.5076554,0,4.8114552,0,14.774649,.00003467
IRL,2010,All genders,25-55,395,3.5287969,0,4.83636,0,14.792723,.000037919999
IRL,2010,All genders,25-55,396,3.5499387,0,4.8612642,0,14.810797,.0000397
IRL,2010,All genders,25-55,397,3.5710802,0,4.886169,.00004141,14.828871,.000039999999
IRL,2010,All genders,25-55,398,3.5922217,0,4.9110737,.0001068,14.846946,.00003883
IRL,2010,All genders,25-55,399,3.6133635,.00020010999,4.9359784,.00012685001,14.86502,.000036180001
IRL,2010,All genders,25-55,400,3.634505,.00020800999,4.9608831,.00010154,14.883094,.00003205
IRL,2015,All genders,25-55,1,-5.1621671,.00016857,-5.3042889,.000078680001,7.6634221,.0081029702
IRL,2015,All genders,25-55,2,-5.1395431,.00017224,-5.2811532,.000097069998,7.6820807,.01166154
IRL,2015,All genders,25-55,3,-5.1169195,0,-5.2580171,.00009365,7.7007389,.01577702
IRL,2015,All genders,25-55,4,-5.0942955,0,-5.2348814,.00006844,7.7193975,.020167259
IRL,2015,All genders,25-55,5,-5.0716715,.00016091,-5.2117457,.00002143,7.7380562,.024631729
IRL,2015,All genders,25-55,6,-5.0490475,.00017893,-5.1886096,0,7.7567143,.02913541
IRL,2015,All genders,25-55,7,-5.0264239,0,-5.1654739,0,7.775373,.033449899
IRL,2015,All genders,25-55,8,-5.0037999,0,-5.1423378,0,7.7940316,.03762418
IRL,2015,All genders,25-55,9,-4.9811759,0,-5.1192021,0,7.8126898,.041381739
IRL,2015,All genders,25-55,10,-4.9585519,0,-5.096066,0,7.8313484,.044371411
IRL,2015,All genders,25-55,11,-4.9359283,0,-5.0729303,0,7.8500071,.046581171
IRL,2015,All genders,25-55,12,-4.9133043,0,-5.0497942,0,7.8686657,.047966849
IRL,2015,All genders,25-55,13,-4.8906803,0,-5.0266585,0,7.8873239,.048900578
IRL,2015,All genders,25-55,14,-4.8680568,0,-5.0035224,0,7.9059825,.04972019
IRL,2015,All genders,25-55,15,-4.8454328,0,-4.9803867,0,7.9246411,.050632741
IRL,2015,All genders,25-55,16,-4.8228087,0,-4.9572506,0,7.9432993,.051705781
IRL,2015,All genders,25-55,17,-4.8001847,0,-4.9341149,0,7.9619579,.052541941
IRL,2015,All genders,25-55,18,-4.7775612,0,-4.9109788,0,7.9806166,.05326945
IRL,2015,All genders,25-55,19,-4.7549372,0,-4.8878431,0,7.9992752,.05405977
IRL,2015,All genders,25-55,20,-4.7323132,0,-4.864707,0,8.0179338,.054476149
IRL,2015,All genders,25-55,21,-4.7096896,0,-4.8415713,0,8.0365915,.054585438
IRL,2015,All genders,25-55,22,-4.6870656,0,-4.8184352,0,8.0552502,.054886591
IRL,2015,All genders,25-55,23,-4.6644416,0,-4.7952995,0,8.0739088,.05554428
IRL,2015,All genders,25-55,24,-4.6418176,0,-4.7721639,0,8.0925674,.05625518
IRL,2015,All genders,25-55,25,-4.619194,.00011034,-4.7490277,0,8.1112261,.05707654
IRL,2015,All genders,25-55,26,-4.59657,.00020354999,-4.7258921,.00003101,8.1298847,.057883359
IRL,2015,All genders,25-55,27,-4.573946,.00018028,-4.7027559,.000074299998,8.1485434,.058844019
IRL,2015,All genders,25-55,28,-4.551322,.00040525,-4.6796203,.00009578,8.167201,.060146309
IRL,2015,All genders,25-55,29,-4.5286984,.000054190001,-4.6564841,.0001667,8.1858597,.06134557
IRL,2015,All genders,25-55,30,-4.5060744,0,-4.6333485,.00025998001,8.2045183,.062887654
IRL,2015,All genders,25-55,31,-4.4834504,0,-4.6102123,.00035243999,8.223177,.064990103
IRL,2015,All genders,25-55,32,-4.4608269,.00016276,-4.5870767,.00037217,8.2418356,.066962242
IRL,2015,All genders,25-55,33,-4.4382029,.00017742001,-4.5639405,.00033414,8.2604942,.068802997
IRL,2015,All genders,25-55,34,-4.4155788,0,-4.5408049,.00020892,8.2791529,.070712999
IRL,2015,All genders,25-55,35,-4.3929548,0,-4.5176687,.00008346,8.2978106,.072443172
IRL,2015,All genders,25-55,36,-4.3703313,0,-4.4945331,0,8.3164692,.073587097
IRL,2015,All genders,25-55,37,-4.3477073,0,-4.4713969,0,8.3351278,.074705072
IRL,2015,All genders,25-55,38,-4.3250833,0,-4.4482613,0,8.3537865,.075896136
IRL,2015,All genders,25-55,39,-4.3024597,.00001553,-4.4251251,0,8.3724451,.076797329
IRL,2015,All genders,25-55,40,-4.2798357,.00020908,-4.4019895,0,8.3911037,.077762209
IRL,2015,All genders,25-55,41,-4.2572117,.000080329999,-4.3788533,.00001736,8.4097614,.078597561
IRL,2015,All genders,25-55,42,-4.2345877,0,-4.3557177,.000065890003,8.4284201,.07928881
IRL,2015,All genders,25-55,43,-4.2119641,0,-4.332582,.000092609996,8.4470787,.080465592
IRL,2015,All genders,25-55,44,-4.1893401,.00020502,-4.3094459,.000097529999,8.4657373,.08160875
IRL,2015,All genders,25-55,45,-4.1667161,.00010443,-4.2863102,.00013219001,8.484396,.083039179
IRL,2015,All genders,25-55,46,-4.1440921,.00018791,-4.2631741,.0001278,8.5030546,.084608741
IRL,2015,All genders,25-55,47,-4.1214685,.00014798,-4.2400384,.00013368001,8.5217133,.086007081
IRL,2015,All genders,25-55,48,-4.0988445,0,-4.2169023,.00016585999,8.5403709,.087367468
IRL,2015,All genders,25-55,49,-4.0762205,0,-4.1937666,.00015444,8.5590296,.088774242
IRL,2015,All genders,25-55,50,-4.053597,0,-4.1706305,.00019127,8.5776882,.09041395
IRL,2015,All genders,25-55,51,-4.030973,0,-4.1474948,.0003442,8.5963469,.092441939
IRL,2015,All genders,25-55,52,-4.0083489,0,-4.1243587,.00044266001,8.6150055,.094665222
IRL,2015,All genders,25-55,53,-3.9857252,0,-4.101223,.00047224999,8.6336641,.097042978
IRL,2015,All genders,25-55,54,-3.9631014,0,-4.0780869,.00047036001,8.6523218,.099071108
IRL,2015,All genders,25-55,55,-3.9404774,.00013514,-4.0549512,.00039793001,8.6709805,.10099001
IRL,2015,All genders,25-55,56,-3.9178536,.00030781,-4.0318151,.00031983,8.6896391,.10286916
IRL,2015,All genders,25-55,57,-3.8952296,.00039587999,-4.0086794,.00034125001,8.7082977,.10459582
IRL,2015,All genders,25-55,58,-3.8726058,.00013850001,-3.9855435,.00041810999,8.7269564,.10664949
IRL,2015,All genders,25-55,59,-3.8499818,.00028959001,-3.9624076,.00044065999,8.745615,.10855714
IRL,2015,All genders,25-55,60,-3.827358,.00044984001,-3.9392717,.00040645001,8.7642736,.11067077
IRL,2015,All genders,25-55,61,-3.804734,.00033720999,-3.9161358,.00040059001,8.7829313,.11271147
IRL,2015,All genders,25-55,62,-3.7821102,.00036827,-3.8929999,.00039920001,8.80159,.11451612
IRL,2015,All genders,25-55,63,-3.7594862,.00025516999,-3.869864,.00047484,8.8202486,.11598185
IRL,2015,All genders,25-55,64,-3.7368624,.00021025,-3.8467281,.00061857002,8.8389072,.1174972
IRL,2015,All genders,25-55,65,-3.7142384,.00016510001,-3.8235922,.00068309001,8.8575659,.11924788
IRL,2015,All genders,25-55,66,-3.6916146,.00019560001,-3.8004563,.00064465997,8.8762245,.12146189
IRL,2015,All genders,25-55,67,-3.6689909,0,-3.7773204,.00058662001,8.8948822,.12389473
IRL,2015,All genders,25-55,68,-3.6463668,0,-3.7541845,.00054799998,8.9135408,.12701488
IRL,2015,All genders,25-55,69,-3.6237431,.00034734001,-3.7310486,.00075923,8.9321995,.13010608
IRL,2015,All genders,25-55,70,-3.601119,.00059585,-3.7079127,.00104598,8.9508581,.13303702
IRL,2015,All genders,25-55,71,-3.5784953,0,-3.6847768,.00129314,8.9695168,.13595176
IRL,2015,All genders,25-55,72,-3.5558715,.00015668001,-3.6616409,.0015002,8.9881754,.13939798
IRL,2015,All genders,25-55,73,-3.5332475,.00026772,-3.638505,.0015085,9.006834,.14291069
IRL,2015,All genders,25-55,74,-3.5106237,.00070466998,-3.6153691,.00138686,9.0254917,.14664555
IRL,2015,All genders,25-55,75,-3.4879997,.00110141,-3.5922332,.00144282,9.0441504,.1502603
IRL,2015,All genders,25-55,76,-3.4653759,.0014821599,-3.5690975,.0013616401,9.062809,.15384208
IRL,2015,All genders,25-55,77,-3.4427519,.00058640999,-3.5459616,.00128527,9.0814676,.15734689
IRL,2015,All genders,25-55,78,-3.4201281,.00028817999,-3.5228257,.00130224,9.1001263,.16094194
IRL,2015,All genders,25-55,79,-3.3975041,.00099305005,-3.4996898,.00124784,9.1187849,.16452049
IRL,2015,All genders,25-55,80,-3.3748803,.00101818,-3.4765539,.00115429,9.1374435,.16874845
IRL,2015,All genders,25-55,81,-3.3522563,.00069633999,-3.453418,.00141556,9.1561012,.17273629
IRL,2015,All genders,25-55,82,-3.3296325,.00060497998,-3.4302821,.00178919,9.1747599,.17802624
IRL,2015,All genders,25-55,83,-3.3070085,.00163592,-3.4071462,.00204144,9.1934185,.18498473
IRL,2015,All genders,25-55,84,-3.2843847,.00233253,-3.3840103,.0020089,9.2120771,.19139384
IRL,2015,All genders,25-55,85,-3.261761,.00138764,-3.3608744,.00188148,9.2307358,.19680344
IRL,2015,All genders,25-55,86,-3.2391369,.0020689999,-3.3377385,.00192031,9.2493944,.20113987
IRL,2015,All genders,25-55,87,-3.2165132,.00186144,-3.3146026,.00212057,9.2680521,.20497809
IRL,2015,All genders,25-55,88,-3.1938891,.0014809601,-3.2914667,.00256741,9.2867107,.20796867
IRL,2015,All genders,25-55,89,-3.1712654,.00171261,-3.2683308,.0031133599,9.3053694,.21050107
IRL,2015,All genders,25-55,90,-3.1486416,.00146506,-3.2451949,.00326463,9.324028,.21232705
IRL,2015,All genders,25-55,91,-3.1260176,.0010083599,-3.222059,.00298669,9.3426867,.21334903
IRL,2015,All genders,25-55,92,-3.1033938,.00155511,-3.1989231,.0029329699,9.3613453,.21389648
IRL,2015,All genders,25-55,93,-3.0807698,.00185903,-3.1757872,.00305107,9.3800039,.21421681
IRL,2015,All genders,25-55,94,-3.058146,.0028806799,-3.1526513,.0030588901,9.3986616,.21424785
IRL,2015,All genders,25-55,95,-3.035522,.00192604,-3.1295154,.0035438901,9.4173203,.21453515
IRL,2015,All genders,25-55,96,-3.0128982,.00154049,-3.1063795,.0039703301,9.4359789,.21449998
IRL,2015,All genders,25-55,97,-2.9902742,.0010346801,-3.0832436,.00402888,9.4546375,.21599407
IRL,2015,All genders,25-55,98,-2.9676504,.00045584,-3.0601079,.0037746001,9.4732962,.21968366
IRL,2015,All genders,25-55,99,-2.9450264,.0023557099,-3.036972,.0035649899,9.4919548,.22453652
IRL,2015,All genders,25-55,100,-2.9224026,.00287934,-3.0138361,.0032993699,9.5106125,.2293476
IRL,2015,All genders,25-55,101,-2.8997788,.00318934,-2.9907002,.0036792499,9.5292711,.23416962
IRL,2015,All genders,25-55,102,-2.8771548,.00367792,-2.9675643,.0044728802,9.5479298,.23973504
IRL,2015,All genders,25-55,103,-2.854531,.00404889,-2.9444284,.0052518998,9.5665884,.24605525
IRL,2015,All genders,25-55,104,-2.831907,.0049251602,-2.9212925,.0060722302,9.585247,.25273934
IRL,2015,All genders,25-55,105,-2.8092833,.0042986199,-2.8981566,.00690381,9.6039057,.25984019
IRL,2015,All genders,25-55,106,-2.7866592,.0035192401,-2.8750207,.0073106,9.6225643,.26746124
IRL,2015,All genders,25-55,107,-2.7640355,.00349514,-2.8518848,.0076401001,9.641222,.27591643
IRL,2015,All genders,25-55,108,-2.7414117,.0036351499,-2.8287489,.0075680502,9.6598806,.28506416
IRL,2015,All genders,25-55,109,-2.7187877,.0045319698,-2.805613,.0069557298,9.6785393,.29568508
IRL,2015,All genders,25-55,110,-2.6961639,.0050596101,-2.7824771,.0064708702,9.6971979,.30871692
IRL,2015,All genders,25-55,111,-2.6735399,.0043091499,-2.7593412,.0060762898,9.7158566,.321704
IRL,2015,All genders,25-55,112,-2.6509161,.0037366301,-2.7362053,.0061600902,9.7345152,.33392179
IRL,2015,All genders,25-55,113,-2.6282921,.0050850199,-2.7130694,.0069097201,9.7531738,.34581682
IRL,2015,All genders,25-55,114,-2.6056683,.00450951,-2.6899335,.0079793204,9.7718315,.3572495
IRL,2015,All genders,25-55,115,-2.5830443,.0049101901,-2.6667976,.0089240801,9.7904902,.36808869
IRL,2015,All genders,25-55,116,-2.5604205,.0052607702,-2.643662,.00968068,9.8091488,.37803894
IRL,2015,All genders,25-55,117,-2.5377965,.0055382098,-2.6205261,.00963959,9.8278074,.38785383
IRL,2015,All genders,25-55,118,-2.5151727,.0048507298,-2.5973902,.0092933401,9.8464661,.39689291
IRL,2015,All genders,25-55,119,-2.4925489,.0062690801,-2.5742543,.0088345399,9.8651247,.40478656
IRL,2015,All genders,25-55,120,-2.4699249,.0061930302,-2.5511184,.0089665102,9.8837824,.41140258
IRL,2015,All genders,25-55,121,-2.4473011,.0054743001,-2.5279825,.0093900803,9.902441,.41693521
IRL,2015,All genders,25-55,122,-2.4246771,.0075972802,-2.5048466,.0095140496,9.9210997,.4211773
IRL,2015,All genders,25-55,123,-2.4020534,.00726166,-2.4817107,.0096251396,9.9397583,.42471993
IRL,2015,All genders,25-55,124,-2.3794293,.0079234699,-2.4585748,.0098432004,9.9584169,.4287805
IRL,2015,All genders,25-55,125,-2.3568056,.0073244902,-2.4354389,.0097828396,9.9770756,.43588549
IRL,2015,All genders,25-55,126,-2.3341818,.0078567797,-2.412303,.01050263,9.9957342,.44407484
IRL,2015,All genders,25-55,127,-2.3115578,.0071377,-2.3891671,.01204894,10.014392,.45233285
IRL,2015,All genders,25-55,128,-2.288934,.0078320196,-2.3660312,.01348716,10.033051,.46060386
IRL,2015,All genders,25-55,129,-2.26631,.0066885999,-2.3428953,.0143142,10.051709,.46931198
IRL,2015,All genders,25-55,130,-2.2436862,.0073802802,-2.3197594,.01509571,10.070368,.47771874
IRL,2015,All genders,25-55,131,-2.2210622,.0083339904,-2.2966235,.015663041,10.089026,.48641261
IRL,2015,All genders,25-55,132,-2.1984384,.0086623002,-2.2734876,.015890529,10.107685,.49489027
IRL,2015,All genders,25-55,133,-2.1758144,.0089931199,-2.2503517,.015884791,10.126343,.50333029
IRL,2015,All genders,25-55,134,-2.1531906,.01008486,-2.2272158,.016323959,10.145002,.51125795
IRL,2015,All genders,25-55,135,-2.1305666,.00725292,-2.2040801,.01679427,10.16366,.51857221
IRL,2015,All genders,25-55,136,-2.1079428,.0081820199,-2.1809442,.01716321,10.182319,.52520651
IRL,2015,All genders,25-55,137,-2.085319,.0092730103,-2.1578083,.01784727,10.200977,.53156239
IRL,2015,All genders,25-55,138,-2.062695,.0088551296,-2.1346724,.01879313,10.219636,.53642666
IRL,2015,All genders,25-55,139,-2.0400712,.0093409698,-2.1115365,.01852748,10.238294,.54074699
IRL,2015,All genders,25-55,140,-2.0174472,.01225145,-2.0884006,.017922619,10.256953,.54523885
IRL,2015,All genders,25-55,141,-1.9948235,.01273911,-2.0652647,.01826972,10.275611,.54996747
IRL,2015,All genders,25-55,142,-1.9721996,.01280348,-2.0421288,.01880884,10.29427,.55462992
IRL,2015,All genders,25-55,143,-1.9495757,.01209921,-2.0189929,.019457931,10.312928,.55823088
IRL,2015,All genders,25-55,144,-1.9269518,.01132977,-1.995857,.02069575,10.331587,.5615012
IRL,2015,All genders,25-55,145,-1.9043279,.01326962,-1.9727211,.02184156,10.350245,.56451786
IRL,2015,All genders,25-55,146,-1.881704,.0122807,-1.9495852,.02263381,10.368904,.56678784
IRL,2015,All genders,25-55,147,-1.8590801,.01257408,-1.9264493,.023088239,10.387562,.56821591
IRL,2015,All genders,25-55,148,-1.8364562,.0143709,-1.9033134,.02419457,10.406221,.5693332
IRL,2015,All genders,25-55,149,-1.8138324,.016759479,-1.8801775,.02567783,10.424879,.56890959
IRL,2015,All genders,25-55,150,-1.7912085,.01425769,-1.8570416,.02731283,10.443538,.56670642
IRL,2015,All genders,25-55,151,-1.7685846,.01516449,-1.8339057,.02880004,10.462196,.56253868
IRL,2015,All genders,25-55,152,-1.7459607,.017894801,-1.8107698,.03032193,10.480855,.55868566
IRL,2015,All genders,25-55,153,-1.7233368,.015791411,-1.787634,.03085441,10.499513,.55281639
IRL,2015,All genders,25-55,154,-1.7007129,.01723619,-1.7644981,.03055658,10.518172,.54587036
IRL,2015,All genders,25-55,155,-1.6780891,.01720335,-1.7413622,.03048626,10.53683,.53835958
IRL,2015,All genders,25-55,156,-1.6554652,.015810341,-1.7182263,.03139684,10.555489,.5309459
IRL,2015,All genders,25-55,157,-1.6328413,.01542063,-1.6950904,.031844929,10.574147,.52335602
IRL,2015,All genders,25-55,158,-1.6102175,.018743871,-1.6719545,.033150539,10.592806,.51516747
IRL,2015,All genders,25-55,159,-1.5875936,.01921723,-1.6488186,.03520754,10.611464,.50622416
IRL,2015,All genders,25-55,160,-1.5649697,.016170889,-1.6256827,.036000758,10.630123,.49756554
IRL,2015,All genders,25-55,161,-1.5423458,.01715881,-1.6025468,.036514789,10.648781,.48961422
IRL,2015,All genders,25-55,162,-1.5197219,.02038981,-1.579411,.037868001,10.66744,.48210955
IRL,2015,All genders,25-55,163,-1.497098,.018893881,-1.5562751,.038904648,10.686098,.47475961
IRL,2015,All genders,25-55,164,-1.4744741,.020283571,-1.5331392,.040640172,10.704757,.46780741
IRL,2015,All genders,25-55,165,-1.4518502,.01952005,-1.5100033,.042927921,10.723415,.46061239
IRL,2015,All genders,25-55,166,-1.4292263,.01904403,-1.4868674,.04534955,10.742074,.45303133
IRL,2015,All genders,25-55,167,-1.4066025,.02384063,-1.4637315,.04848003,10.760732,.44609651
IRL,2015,All genders,25-55,168,-1.3839786,.02537447,-1.4405956,.051246598,10.77939,.43852651
IRL,2015,All genders,25-55,169,-1.3613547,.028727859,-1.4174597,.053231541,10.798049,.43170613
IRL,2015,All genders,25-55,170,-1.3387308,.03053057,-1.3943238,.054378182,10.816707,.4248665
IRL,2015,All genders,25-55,171,-1.3161069,.024833409,-1.3711879,.054401051,10.835366,.4187471
IRL,2015,All genders,25-55,172,-1.2934831,.029701659,-1.3480521,.054011378,10.854024,.41287753
IRL,2015,All genders,25-55,173,-1.2708592,.029368671,-1.3249162,.054917421,10.872683,.40774441
IRL,2015,All genders,25-55,174,-1.2482353,.028696019,-1.3017803,.056163929,10.891341,.40302274
IRL,2015,All genders,25-55,175,-1.2256114,.029697141,-1.2786444,.057578292,10.91,.39846405
IRL,2015,All genders,25-55,176,-1.2029876,.035509739,-1.2555085,.058933731,10.928658,.39403594
IRL,2015,All genders,25-55,177,-1.1803637,.033960041,-1.2323726,.060251459,10.947317,.38961196
IRL,2015,All genders,25-55,178,-1.1577398,.031583551,-1.2092367,.059857901,10.965975,.38447025
IRL,2015,All genders,25-55,179,-1.1351159,.036074132,-1.1861008,.06032953,10.984634,.37877423
IRL,2015,All genders,25-55,180,-1.112492,.03766375,-1.1629649,.060243949,11.003292,.37247992
IRL,2015,All genders,25-55,181,-1.0898681,.037380621,-1.1398292,.060468279,11.021951,.3649025
IRL,2015,All genders,25-55,182,-1.0672442,.035064939,-1.1166933,.061474521,11.040609,.35558558
IRL,2015,All genders,25-55,183,-1.0446203,.037280548,-1.0935574,.06391219,11.059268,.3443101
IRL,2015,All genders,25-55,184,-1.0219965,.039325129,-1.0704215,.066054769,11.077926,.33221215
IRL,2015,All genders,25-55,185,-.99937254,.044643279,-1.0472856,.069177121,11.096585,.31872165
IRL,2015,All genders,25-55,186,-.9767487,.045714699,-1.0241497,.072488382,11.115243,.30425209
IRL,2015,All genders,25-55,187,-.95412481,.042513829,-1.0010138,.074138187,11.133902,.28940621
IRL,2015,All genders,25-55,188,-.93150091,.04172324,-.97787786,.075451501,11.15256,.27500594
IRL,2015,All genders,25-55,189,-.90887702,.047770549,-.95474195,.07688655,11.171219,.26102379
IRL,2015,All genders,25-55,190,-.88625318,.052701131,-.93160605,.079618469,11.189877,.24737617
IRL,2015,All genders,25-55,191,-.86362928,.053497549,-.90847015,.08250621,11.208536,.23370478
IRL,2015,All genders,25-55,192,-.84100538,.051316582,-.88533425,.086811103,11.227194,.22000872
IRL,2015,All genders,25-55,193,-.81838149,.053654712,-.86219841,.090696678,11.245853,.20720075
IRL,2015,All genders,25-55,194,-.79575759,.058139041,-.83906251,.093268856,11.264511,.19521081
IRL,2015,All genders,25-55,195,-.77313375,.06020996,-.81592661,.094874002,11.28317,.18423294
IRL,2015,All genders,25-55,196,-.75050986,.061372809,-.79279071,.097993053,11.301828,.17398752
IRL,2015,All genders,25-55,197,-.72788596,.062319189,-.76965481,.10237063,11.320487,.1641176
IRL,2015,All genders,25-55,198,-.70526206,.065795131,-.74651897,.10790482,11.339145,.15448238
IRL,2015,All genders,25-55,199,-.68263823,.07524579,-.72338307,.1151162,11.357804,.14524412
IRL,2015,All genders,25-55,200,-.66001433,.073496021,-.70024717,.12213922,11.376462,.13589874
IRL,2015,All genders,25-55,201,-.63739043,.083056591,-.67711127,.12625502,11.395121,.12665299
IRL,2015,All genders,25-55,202,-.61476654,.081359081,-.65397537,.13074356,11.413779,.11790085
IRL,2015,All genders,25-55,203,-.5921427,.082197189,-.63083953,.13764288,11.432438,.11000397
IRL,2015,All genders,25-55,204,-.5695188,.091706261,-.60770363,.14678566,11.451096,.10291074
IRL,2015,All genders,25-55,205,-.54689491,.096171983,-.58456773,.15644629,11.469755,.096518479
IRL,2015,All genders,25-55,206,-.52427101,.10540751,-.56143183,.16605306,11.488413,.090798169
IRL,2015,All genders,25-55,207,-.50164711,.1066521,-.53829592,.17245007,11.507072,.085500829
IRL,2015,All genders,25-55,208,-.47902325,.10733153,-.51516002,.18018757,11.52573,.08055187
IRL,2015,All genders,25-55,209,-.45639938,.11708279,-.49202415,.19176179,11.544389,.075980984
IRL,2015,All genders,25-55,210,-.43377548,.12751321,-.46888828,.20761938,11.563047,.071851097
IRL,2015,All genders,25-55,211,-.41115162,.13624732,-.44575238,.22399779,11.581706,.06802687
IRL,2015,All genders,25-55,212,-.38852772,.13320118,-.42261648,.24049702,11.600364,.064666294
IRL,2015,All genders,25-55,213,-.36590385,.14451045,-.39948061,.25589183,11.619023,.061506651
IRL,2015,All genders,25-55,214,-.34327996,.15464789,-.37634471,.27327329,11.637681,.058701519
IRL,2015,All genders,25-55,215,-.32065609,.16660298,-.35320884,.29569978,11.65634,.056009982
IRL,2015,All genders,25-55,216,-.29803219,.17831348,-.33007294,.31878883,11.674998,.053333879
IRL,2015,All genders,25-55,217,-.2754083,.18554214,-.30693704,.34109941,11.693657,.05067673
IRL,2015,All genders,25-55,218,-.25278443,.19230412,-.28380117,.36842296,11.712315,.048209742
IRL,2015,All genders,25-55,219,-.23016055,.21609987,-.26066527,.40030521,11.730974,.045693152
IRL,2015,All genders,25-55,220,-.20753665,.2502518,-.23752938,.43560994,11.749632,.043243591
IRL,2015,All genders,25-55,221,-.18491279,.28028214,-.2143935,.47996071,11.768291,.040926751
IRL,2015,All genders,25-55,222,-.1622889,.3102116,-.1912576,.53520042,11.786949,.038853381
IRL,2015,All genders,25-55,223,-.13966501,.35468426,-.16812171,.59156418,11.805608,.037003148
IRL,2015,All genders,25-55,224,-.11704113,.42093873,-.14498582,.65604746,11.824266,.035285771
IRL,2015,All genders,25-55,225,-.094417252,.52130145,-.12184993,.72244585,11.842925,.033647958
IRL,2015,All genders,25-55,226,-.071793362,.69141483,-.098714039,.79122245,11.861583,.03209693
IRL,2015,All genders,25-55,227,-.049169481,.95852768,-.075578153,.86852944,11.880242,.030698489
IRL,2015,All genders,25-55,228,-.026545599,1.3707633,-.052442271,.96406418,11.8989,.02936941
IRL,2015,All genders,25-55,229,-.00392171,2.0586872,-.02930638,1.0623085,11.917559,.02813294
IRL,2015,All genders,25-55,230,.01870217,3.0389955,-.0061704898,1.1674562,11.936217,.02699236
IRL,2015,All genders,25-55,231,.04132605,3.8302515,.0169654,1.2712188,11.954876,.02586727
IRL,2015,All genders,25-55,232,.063949928,3.9253721,.04010129,1.3532021,11.973534,.024647079
IRL,2015,All genders,25-55,233,.086573817,3.3142209,.063237183,1.4042699,11.992193,.023528131
IRL,2015,All genders,25-55,234,.1091977,2.5654154,.086373068,1.4184796,12.010851,.02231344
IRL,2015,All genders,25-55,235,.13182157,1.9628876,.10950896,1.3865782,12.02951,.02117485
IRL,2015,All genders,25-55,236,.15444547,1.5262554,.13264485,1.322561,12.048168,.02012541
IRL,2015,All genders,25-55,237,.17706935,1.2381725,.15578073,1.2425261,12.066827,.019195089
IRL,2015,All genders,25-55,238,.19969323,1.0188862,.17891663,1.1509731,12.085485,.01848531
IRL,2015,All genders,25-55,239,.22231711,.83851105,.20205252,1.0568376,12.104144,.01786595
IRL,2015,All genders,25-55,240,.244941,.70719159,.2251884,.96301591,12.122802,.017349521
IRL,2015,All genders,25-55,241,.26756489,.60667956,.24832429,.87308753,12.141461,.016724549
IRL,2015,All genders,25-55,242,.29018876,.5311228,.27146018,.79605001,12.160119,.01606877
IRL,2015,All genders,25-55,243,.31281266,.46339828,.29459608,.72676891,12.178778,.01535361
IRL,2015,All genders,25-55,244,.33543652,.4005447,.31773195,.66607988,12.197436,.01463255
IRL,2015,All genders,25-55,245,.35806042,.34935907,.34086785,.61218596,12.216095,.01387634
IRL,2015,All genders,25-55,246,.38068429,.31479102,.36400375,.56555974,12.234753,.01308085
IRL,2015,All genders,25-55,247,.40330818,.29039738,.38713962,.52682769,12.253411,.01234432
IRL,2015,All genders,25-55,248,.42593205,.27282739,.41027552,.49293894,12.27207,.01162947
IRL,2015,All genders,25-55,249,.44855595,.24668866,.43341142,.45871446,12.290728,.01086975
IRL,2015,All genders,25-55,250,.47117984,.2228331,.45654729,.42488834,12.309387,.0100917
IRL,2015,All genders,25-55,251,.49380371,.21761365,.47968319,.3934007,12.328045,.0093431603
IRL,2015,All genders,25-55,252,.51642758,.20068157,.50281906,.36642316,12.346704,.0086386297
IRL,2015,All genders,25-55,253,.53905147,.19452564,.52595496,.34450394,12.365362,.0080351401
IRL,2015,All genders,25-55,254,.56167537,.18281689,.54909086,.3247751,12.384021,.0074954899
IRL,2015,All genders,25-55,255,.58429927,.16923045,.57222676,.30704841,12.402679,.00702604
IRL,2015,All genders,25-55,256,.6069231,.15667732,.5953626,.28945518,12.421338,.0065935398
IRL,2015,All genders,25-55,257,.629547,.14335731,.6184985,.27332982,12.439996,.0061844001
IRL,2015,All genders,25-55,258,.6521709,.13990492,.6416344,.25808692,12.458655,.0058477102
IRL,2015,All genders,25-55,259,.67479479,.12659457,.66477031,.24312741,12.477313,.0055203298
IRL,2015,All genders,25-55,260,.69741869,.13130125,.68790621,.2284756,12.495972,.0052551702
IRL,2015,All genders,25-55,261,.72004253,.12098553,.71104211,.21585864,12.51463,.00501642
IRL,2015,All genders,25-55,262,.74266642,.11531115,.73417795,.20686516,12.533289,.0048036398
IRL,2015,All genders,25-55,263,.76529032,.11369198,.75731385,.19887546,12.551947,.0046428898
IRL,2015,All genders,25-55,264,.78791422,.11205665,.78044975,.19082047,12.570606,.0045000599
IRL,2015,All genders,25-55,265,.81053805,.10371266,.80358565,.18151578,12.589264,.00437243
IRL,2015,All genders,25-55,266,.83316195,.093383893,.82672155,.17176645,12.607923,.0042653
IRL,2015,All genders,25-55,267,.85578585,.093772121,.84985739,.16202737,12.626581,.0041182102
IRL,2015,All genders,25-55,268,.87840974,.090188242,.87299329,.15111338,12.64524,.0039858199
IRL,2015,All genders,25-55,269,.90103358,.082290791,.89612919,.14074247,12.663898,.0038602501
IRL,2015,All genders,25-55,270,.92365748,.080845751,.91926509,.13273989,12.682557,.0037362699
IRL,2015,All genders,25-55,271,.94628137,.080895178,.94240099,.12666842,12.701215,.0035633601
IRL,2015,All genders,25-55,272,.96890527,.076422967,.96553683,.1223176,12.719874,.0033585101
IRL,2015,All genders,25-55,273,.99152917,.069245651,.98867273,.11912274,12.738532,.00318519
IRL,2015,All genders,25-55,274,1.014153,.065525278,1.0118086,.11582464,12.757191,.0030071901
IRL,2015,All genders,25-55,275,1.0367769,.067511678,1.0349445,.11204705,12.775849,.00284204
IRL,2015,All genders,25-55,276,1.0594008,.070884228,1.0580804,.10707944,12.794508,.00269599
IRL,2015,All genders,25-55,277,1.0820247,.069695219,1.0812163,.10231116,12.813166,.0025482399
IRL,2015,All genders,25-55,278,1.1046486,.060879309,1.1043522,.098597877,12.831825,.0024319401
IRL,2015,All genders,25-55,279,1.1272724,.057040449,1.1274881,.095326692,12.850483,.0023163999
IRL,2015,All genders,25-55,280,1.1498963,.059597839,1.150624,.092284277,12.869142,.00219998
IRL,2015,All genders,25-55,281,1.1725202,.05937472,1.1737599,.089748181,12.8878,.0021015999
IRL,2015,All genders,25-55,282,1.1951441,.054455951,1.1968958,.086690709,12.906459,.0019918999
IRL,2015,All genders,25-55,283,1.217768,.054763459,1.2200316,.082703643,12.925117,.0019099599
IRL,2015,All genders,25-55,284,1.2403919,.05390279,1.2431675,.078789853,12.943776,.00185987
IRL,2015,All genders,25-55,285,1.2630157,.046700619,1.2663034,.075421713,12.962434,.00183886
IRL,2015,All genders,25-55,286,1.2856396,.048753291,1.2894393,.072421342,12.981093,.0018346499
IRL,2015,All genders,25-55,287,1.3082635,.044731159,1.3125752,.06882713,12.999751,.00182831
IRL,2015,All genders,25-55,288,1.3308874,.04041684,1.3357111,.066403322,13.01841,.00182016
IRL,2015,All genders,25-55,289,1.3535113,.042193148,1.358847,.064299487,13.037068,.0017957001
IRL,2015,All genders,25-55,290,1.3761352,.043653741,1.3819829,.062370479,13.055727,.0017677899
IRL,2015,All genders,25-55,291,1.398759,.040180549,1.4051188,.060315229,13.074385,.00172023
IRL,2015,All genders,25-55,292,1.4213829,.037138939,1.4282546,.058959112,13.093044,.00164703
IRL,2015,All genders,25-55,293,1.4440068,.03851071,1.4513905,.05717859,13.111702,.00156862
IRL,2015,All genders,25-55,294,1.4666307,.03272574,1.4745264,.05485899,13.130361,.00148422
IRL,2015,All genders,25-55,295,1.4892546,.02625284,1.4976623,.051866818,13.149019,.0013759
IRL,2015,All genders,25-55,296,1.5118785,.030798919,1.5207982,.04851507,13.167678,.00125972
IRL,2015,All genders,25-55,297,1.5345023,.03168714,1.5439341,.04671669,13.186336,.00115393
IRL,2015,All genders,25-55,298,1.5571262,.028789381,1.56707,.045867451,13.204995,.00106949
IRL,2015,All genders,25-55,299,1.5797501,.027777599,1.5902059,.045151971,13.223653,.00098742999
IRL,2015,All genders,25-55,300,1.602374,.027102031,1.6133418,.043968178,13.242312,.00090733002
IRL,2015,All genders,25-55,301,1.6249979,.02587712,1.6364776,.04249401,13.26097,.00085209002
IRL,2015,All genders,25-55,302,1.6476218,.02252898,1.6596135,.04035737,13.279629,.00079985999
IRL,2015,All genders,25-55,303,1.6702456,.021016831,1.6827494,.039296828,13.298287,.00074395002
IRL,2015,All genders,25-55,304,1.6928695,.020845881,1.7058853,.038795259,13.316946,.00068883999
IRL,2015,All genders,25-55,305,1.7154934,.01781428,1.7290212,.03817882,13.335604,.00065932999
IRL,2015,All genders,25-55,306,1.7381173,.016498011,1.7521571,.037341319,13.354263,.00062701001
IRL,2015,All genders,25-55,307,1.7607412,.019408099,1.775293,.036312819,13.372921,.00060721999
IRL,2015,All genders,25-55,308,1.7833651,.01756122,1.7984289,.034827739,13.39158,.00060541002
IRL,2015,All genders,25-55,309,1.8059889,.01710912,1.8215648,.033723451,13.410238,.00058952998
IRL,2015,All genders,25-55,310,1.8286128,.0183219,1.8447006,.032423511,13.428897,.00055711
IRL,2015,All genders,25-55,311,1.8512367,.017097211,1.8678365,.030188691,13.447555,.00051483
IRL,2015,All genders,25-55,312,1.8738606,.015778231,1.8909724,.02800563,13.466214,.00050316
IRL,2015,All genders,25-55,313,1.8964845,.01604566,1.9141083,.02594896,13.484872,.00050661003
IRL,2015,All genders,25-55,314,1.9191083,.01477079,1.9372442,.02439937,13.503531,.0005196
IRL,2015,All genders,25-55,315,1.9417322,.01510942,1.9603801,.02340455,13.522189,.00051513
IRL,2015,All genders,25-55,316,1.9643561,.0140219,1.983516,.02334672,13.540848,.00051057001
IRL,2015,All genders,25-55,317,1.98698,.01227183,2.0066519,.02320624,13.559506,.00050805003
IRL,2015,All genders,25-55,318,2.009604,.0097544296,2.0297878,.02248054,13.578165,.00049645
IRL,2015,All genders,25-55,319,2.0322278,.0088275,2.0529237,.02198023,13.596823,.00048197
IRL,2015,All genders,25-55,320,2.0548515,.01131987,2.0760596,.0217946,13.615482,.00046201001
IRL,2015,All genders,25-55,321,2.0774755,.0097425999,2.0991955,.02121455,13.63414,.00044166
IRL,2015,All genders,25-55,322,2.1000993,.0082838601,2.1223314,.0205475,13.652799,.00042090999
IRL,2015,All genders,25-55,323,2.1227233,.00762216,2.1454673,.019902671,13.671457,.00041645
IRL,2015,All genders,25-55,324,2.1453471,.00606714,2.1686032,.018795921,13.690115,.00041067001
IRL,2015,All genders,25-55,325,2.1679711,.0062641902,2.1917391,.017171299,13.708774,.00039669999
IRL,2015,All genders,25-55,326,2.1905949,.0083724102,2.214875,.01523965,13.727432,.00037776001
IRL,2015,All genders,25-55,327,2.2132187,.0086357296,2.2380109,.01362901,13.746091,.0003556
IRL,2015,All genders,25-55,328,2.2358427,.0065321601,2.2611468,.01253515,13.764749,.00035947
IRL,2015,All genders,25-55,329,2.2584665,.0051572602,2.2842824,.01239672,13.783408,.00037239
IRL,2015,All genders,25-55,330,2.2810905,.0048367199,2.3074183,.01333842,13.802066,.00037825
IRL,2015,All genders,25-55,331,2.3037145,.0043906402,2.3305542,.01393588,13.820725,.00037388
IRL,2015,All genders,25-55,332,2.3263383,.0042691398,2.3536901,.01384027,13.839383,.00035419999
IRL,2015,All genders,25-55,333,2.3489621,.0040131598,2.376826,.01298096,13.858042,.00033469
IRL,2015,All genders,25-55,334,2.3715861,.00375581,2.3999619,.01161516,13.8767,.00032319
IRL,2015,All genders,25-55,335,2.3942099,.00376459,2.4230978,.01037905,13.895359,.00030258001
IRL,2015,All genders,25-55,336,2.4168339,.0033551999,2.4462337,.0096218297,13.914017,.00027908001
IRL,2015,All genders,25-55,337,2.4394577,.00317559,2.4693696,.0088852402,13.932676,.00024867
IRL,2015,All genders,25-55,338,2.4620814,.00365434,2.4925056,.0085135298,13.951334,.00022310999
IRL,2015,All genders,25-55,339,2.4847054,.0041579199,2.5156415,.0084133698,13.969993,.00020467
IRL,2015,All genders,25-55,340,2.5073292,.00380433,2.5387774,.0084140096,13.988651,.00019267001
IRL,2015,All genders,25-55,341,2.5299532,.0031242,2.5619133,.0082596,14.00731,.00018181
IRL,2015,All genders,25-55,342,2.552577,.00277425,2.5850492,.0080292504,14.025968,.00018017
IRL,2015,All genders,25-55,343,2.575201,.0028911401,2.6081851,.0075179101,14.044627,.00018921
IRL,2015,All genders,25-55,344,2.5978248,.00185112,2.631321,.0065613398,14.063285,.00019989
IRL,2015,All genders,25-55,345,2.6204486,.00170167,2.6544569,.00577702,14.081944,.0002163
IRL,2015,All genders,25-55,346,2.6430726,.00167407,2.6775928,.0052285199,14.100602,.00022698
IRL,2015,All genders,25-55,347,2.6656964,.00127964,2.7007284,.0045528202,14.119261,.00022654999
IRL,2015,All genders,25-55,348,2.6883204,.0023137899,2.7238643,.0041179499,14.137919,.0002218
IRL,2015,All genders,25-55,349,2.7109444,.00232199,2.7470002,.0042044101,14.156578,.00021663999
IRL,2015,All genders,25-55,350,2.7335682,.00105988,2.7701361,.0039567901,14.175236,.00021245
IRL,2015,All genders,25-55,351,2.756192,.00050824002,2.793272,.0038317901,14.193895,.00020075
IRL,2015,All genders,25-55,352,2.778816,.00066104002,2.8164079,.00369583,14.212553,.00018023999
IRL,2015,All genders,25-55,353,2.8014398,.00126104,2.8395438,.00316984,14.231212,.00016574
IRL,2015,All genders,25-55,354,2.8240638,.00077299,2.8626797,.0028941899,14.24987,.00015038
IRL,2015,All genders,25-55,355,2.8466876,.00041564001,2.8858156,.00286882,14.268529,.00013674999
IRL,2015,All genders,25-55,356,2.8693113,.00055338,2.9089515,.0028464801,14.287187,.00011782
IRL,2015,All genders,25-55,357,2.8919353,.00085270999,2.9320874,.00280724,14.305846,.000098190001
IRL,2015,All genders,25-55,358,2.9145591,.00073276,2.9552233,.00259702,14.324504,.000090950001
IRL,2015,All genders,25-55,359,2.9371831,.00054416998,2.9783592,.0021426801,14.343163,.000093460003
IRL,2015,All genders,25-55,360,2.9598069,.00042771001,3.0014951,.00178421,14.361821,.00010901
IRL,2015,All genders,25-55,361,2.9824309,.00019571,3.024631,.00136974,14.38048,.00012305001
IRL,2015,All genders,25-55,362,3.0050547,.00019695,3.0477669,.00094116997,14.399138,.00013668
IRL,2015,All genders,25-55,363,3.0276785,.00012996999,3.0709028,.00071091001,14.417797,.00015317999
IRL,2015,All genders,25-55,364,3.0503025,.00011756,3.0940387,.00045969,14.436455,.00016320001
IRL,2015,All genders,25-55,365,3.0729263,.00036938,3.1171746,.00038049999,14.455114,.00017036
IRL,2015,All genders,25-55,366,3.0955503,.00031013001,3.1403103,.00053249998,14.473772,.00017381999
IRL,2015,All genders,25-55,367,3.1181743,.00028153,3.1634462,.00085685001,14.492431,.00016987001
IRL,2015,All genders,25-55,368,3.1407981,.00036271999,3.1865821,.0010564401,14.511089,.00016448001
IRL,2015,All genders,25-55,369,3.1634219,.00018973,3.209718,.00105592,14.529748,.00015645
IRL,2015,All genders,25-55,370,3.1860459,0,3.2328539,.00091856997,14.548406,.00014457
IRL,2015,All genders,25-55,371,3.2086697,.00014803,3.2559898,.00070605002,14.567065,.00013263
IRL,2015,All genders,25-55,372,3.2312937,.00018788,3.2791257,.00053716998,14.585723,.00011329
IRL,2015,All genders,25-55,373,3.2539175,.00008613,3.3022616,.00054655998,14.604382,.000091189999
IRL,2015,All genders,25-55,374,3.2765412,.00031500999,3.3253975,.00067913003,14.62304,.000080400001
IRL,2015,All genders,25-55,375,3.2991652,.00021278,3.3485334,.00067410001,14.641699,.00007889
IRL,2015,All genders,25-55,376,3.321789,0,3.3716693,.00066975999,14.660357,.000072449999
IRL,2015,All genders,25-55,377,3.344413,0,3.3948052,.00057605997,14.679016,.000065760003
IRL,2015,All genders,25-55,378,3.3670368,.00019609999,3.4179411,.00043307999,14.697674,.000066009998
IRL,2015,All genders,25-55,379,3.3896608,.00013199,3.441077,.00026549,14.716333,.000067289999
IRL,2015,All genders,25-55,380,3.4122846,0,3.4642129,.00023982,14.734991,.000066100001
IRL,2015,All genders,25-55,381,3.4349084,0,3.4873488,.00022822,14.75365,.000062450003
IRL,2015,All genders,25-55,382,3.4575324,.000040729999,3.5104847,.00028214001,14.772308,.000056329998
IRL,2015,All genders,25-55,383,3.4801562,.00021059001,3.5336206,.00027710001,14.790967,.000047739999
IRL,2015,All genders,25-55,384,3.5027802,.00005816,3.5567565,.00020666,14.809625,.000036689999
IRL,2015,All genders,25-55,385,3.525404,0,3.5798924,.00011632,14.828284,.000024049999
IRL,2015,All genders,25-55,386,3.548028,0,3.6030283,.000082040002,14.846942,.000018139999
IRL,2015,All genders,25-55,387,3.5706518,0,3.6261642,.00014235001,14.865601,.000011
IRL,2015,All genders,25-55,388,3.5932758,0,3.6493001,.00022055001,14.884259,2.6279999e-06
IRL,2015,All genders,25-55,389,3.6158996,0,3.672436,.00029478999,14.902918,0
IRL,2015,All genders,25-55,390,3.6385236,0,3.6955719,.00029282001,14.921576,8.4650001e-06
IRL,2015,All genders,25-55,391,3.6611474,0,3.7187078,.00025313001,14.940235,.000016
IRL,2015,All genders,25-55,392,3.6837711,0,3.7418437,.00016794,14.958893,.000022300001
IRL,2015,All genders,25-55,393,3.7063951,0,3.7649796,.000075529999,14.977552,.000027370001
IRL,2015,All genders,25-55,394,3.7290189,.000084710002,3.7881153,.000058699999,14.99621,.000031200001
IRL,2015,All genders,25-55,395,3.7516429,.00020855,3.8112512,.00018480999,15.014869,.00003381
IRL,2015,All genders,25-55,396,3.7742667,.0000101,3.8343871,.00029003,15.033527,.000035180001
IRL,2015,All genders,25-55,397,3.7968905,0,3.857523,.00035543999,15.052186,.00003531
IRL,2015,All genders,25-55,398,3.8195145,0,3.8806589,.00033365999,15.070844,.00003422
IRL,2015,All genders,25-55,399,3.8421383,.00017224,3.9037948,.00022468,15.089503,.000031889998
IRL,2015,All genders,25-55,400,3.8647623,.00016857,3.9269307,.000091419999,15.108161,.00002833
IRL,2020,All genders,25-55,1,-4.5518899,.00013148,,,7.7746801,.0098904902
IRL,2020,All genders,25-55,2,-4.5282917,.00014493,,,7.7963023,.01531551
IRL,2020,All genders,25-55,3,-4.504694,.00001271,,,7.8179245,.02120466
IRL,2020,All genders,25-55,4,-4.4810958,.00015962,,,7.8395472,.027581209
IRL,2020,All genders,25-55,5,-4.4574976,.00010091,,,7.8611698,.03392829
IRL,2020,All genders,25-55,6,-4.4338999,0,,,7.882792,.040250462
IRL,2020,All genders,25-55,7,-4.4103017,0,,,7.9044142,.04604895
IRL,2020,All genders,25-55,8,-4.3867035,0,,,7.9260368,.05106001
IRL,2020,All genders,25-55,9,-4.3631058,0,,,7.947659,.05486954
IRL,2020,All genders,25-55,10,-4.3395076,0,,,7.9692817,.0572212
IRL,2020,All genders,25-55,11,-4.3159094,0,,,7.9909043,.058264632
IRL,2020,All genders,25-55,12,-4.2923117,0,,,8.0125265,.058974888
IRL,2020,All genders,25-55,13,-4.2687135,.00010647,,,8.0341492,.05975889
IRL,2020,All genders,25-55,14,-4.2451153,.00015794,,,8.0557709,.060614418
IRL,2020,All genders,25-55,15,-4.2215176,3.7889999e-06,,,8.0773935,.061754271
IRL,2020,All genders,25-55,16,-4.1979194,0,,,8.0990162,.062623881
IRL,2020,All genders,25-55,17,-4.1743212,0,,,8.1206388,.063726977
IRL,2020,All genders,25-55,18,-4.1507235,0,,,8.1422606,.064808868
IRL,2020,All genders,25-55,19,-4.1271253,.00013525,,,8.1638832,.066292562
IRL,2020,All genders,25-55,20,-4.1035271,.00018693,,,8.1855059,.067803651
IRL,2020,All genders,25-55,21,-4.0799294,.00016481,,,8.2071285,.06927155
IRL,2020,All genders,25-55,22,-4.0563312,.00023414,,,8.2287502,.07065402
IRL,2020,All genders,25-55,23,-4.032733,.00020027001,,,8.2503729,.071870752
IRL,2020,All genders,25-55,24,-4.0091352,.00016164,,,8.2719955,.073073223
IRL,2020,All genders,25-55,25,-3.9855371,.00016286,,,8.2936182,.07424587
IRL,2020,All genders,25-55,26,-3.9619391,.00013987,,,8.3152399,.075360768
IRL,2020,All genders,25-55,27,-3.9383411,0,,,8.3368626,.076475568
IRL,2020,All genders,25-55,28,-3.9147432,0,,,8.3584852,.077707797
IRL,2020,All genders,25-55,29,-3.891145,.00008387,,,8.3801079,.078946456
IRL,2020,All genders,25-55,30,-3.867547,.00032009999,,,8.4017296,.080354899
IRL,2020,All genders,25-55,31,-3.8439491,.00040481999,,,8.4233522,.081779703
IRL,2020,All genders,25-55,32,-3.8203509,.00042259999,,,8.4449749,.083659172
IRL,2020,All genders,25-55,33,-3.7967529,.00052527001,,,8.4665976,.08567135
IRL,2020,All genders,25-55,34,-3.773155,.00071425003,,,8.4882193,.087535322
IRL,2020,All genders,25-55,35,-3.7495568,.00068236998,,,8.5098419,.089316636
IRL,2020,All genders,25-55,36,-3.7259588,.00056566001,,,8.5314646,.090878174
IRL,2020,All genders,25-55,37,-3.7023609,.00079477002,,,8.5530872,.092376411
IRL,2020,All genders,25-55,38,-3.6787627,.00079356,,,8.5747089,.094117828
IRL,2020,All genders,25-55,39,-3.6551647,.00024523001,,,8.5963316,.095635161
IRL,2020,All genders,25-55,40,-3.6315668,0,,,8.6179543,.096992299
IRL,2020,All genders,25-55,41,-3.6079686,.0001339,,,8.6395769,.09821178
IRL,2020,All genders,25-55,42,-3.5843706,.00058220001,,,8.6611986,.099630073
IRL,2020,All genders,25-55,43,-3.5607727,.00102195,,,8.6828213,.10095432
IRL,2020,All genders,25-55,44,-3.5371745,.00088635,,,8.7044439,.10226821
IRL,2020,All genders,25-55,45,-3.5135765,.00059502001,,,8.7260666,.10399166
IRL,2020,All genders,25-55,46,-3.4899786,.00040950999,,,8.7476883,.10584571
IRL,2020,All genders,25-55,47,-3.4663806,.00016281,,,8.769311,.10751378
IRL,2020,All genders,25-55,48,-3.4427824,.00054424,,,8.7909336,.1093011
IRL,2020,All genders,25-55,49,-3.4191844,.00114117,,,8.8125563,.11107546
IRL,2020,All genders,25-55,50,-3.3955865,.0012124199,,,8.834178,.11281306
IRL,2020,All genders,25-55,51,-3.3719883,.00114691,,,8.8558006,.11469955
IRL,2020,All genders,25-55,52,-3.3483903,.0015502,,,8.8774233,.1162949
IRL,2020,All genders,25-55,53,-3.3247924,.0020105599,,,8.8990459,.11776928
IRL,2020,All genders,25-55,54,-3.3011942,.00193422,,,8.9206676,.11907221
IRL,2020,All genders,25-55,55,-3.2775962,.0021017001,,,8.9422903,.1205538
IRL,2020,All genders,25-55,56,-3.2539983,.0018715099,,,8.963913,.12167892
IRL,2020,All genders,25-55,57,-3.2304001,.0019707,,,8.9855356,.12292556
IRL,2020,All genders,25-55,58,-3.2068021,.0019060801,,,9.0071573,.12469263
IRL,2020,All genders,25-55,59,-3.1832042,.0016285999,,,9.02878,.12658
IRL,2020,All genders,25-55,60,-3.159606,.0024467499,,,9.0504026,.12830837
IRL,2020,All genders,25-55,61,-3.136008,.0031000599,,,9.0720253,.1304471
IRL,2020,All genders,25-55,62,-3.1124101,.00314367,,,9.093647,.13292484
IRL,2020,All genders,25-55,63,-3.0888119,.0026008999,,,9.1152697,.13574456
IRL,2020,All genders,25-55,64,-3.0652139,.00160641,,,9.1368923,.13878599
IRL,2020,All genders,25-55,65,-3.041616,.00226952,,,9.158515,.14249921
IRL,2020,All genders,25-55,66,-3.0180178,.0026530901,,,9.1801367,.14633472
IRL,2020,All genders,25-55,67,-2.9944198,.0022599599,,,9.2017593,.15011451
IRL,2020,All genders,25-55,68,-2.9708219,.00107741,,,9.223382,.15421844
IRL,2020,All genders,25-55,69,-2.9472239,.00185749,,,9.2450047,.15982039
IRL,2020,All genders,25-55,70,-2.9236257,.00246724,,,9.2666264,.16780373
IRL,2020,All genders,25-55,71,-2.9000278,.0028846201,,,9.288249,.17535336
IRL,2020,All genders,25-55,72,-2.8764298,.0037827699,,,9.3098717,.18231998
IRL,2020,All genders,25-55,73,-2.8528316,.0044058799,,,9.3314943,.18828405
IRL,2020,All genders,25-55,74,-2.8292336,.0042674602,,,9.353116,.1930242
IRL,2020,All genders,25-55,75,-2.8056357,.0037947199,,,9.3747387,.19674946
IRL,2020,All genders,25-55,76,-2.7820375,.0034870701,,,9.3963614,.19964109
IRL,2020,All genders,25-55,77,-2.7584395,.0043225,,,9.417984,.20147225
IRL,2020,All genders,25-55,78,-2.7348416,.00439012,,,9.4396057,.20297307
IRL,2020,All genders,25-55,79,-2.7112434,.0044373302,,,9.4612284,.20357263
IRL,2020,All genders,25-55,80,-2.6876454,.0034411901,,,9.482851,.20320415
IRL,2020,All genders,25-55,81,-2.6640475,.00321199,,,9.5044737,.20213422
IRL,2020,All genders,25-55,82,-2.6404493,.0035873801,,,9.5260954,.20265476
IRL,2020,All genders,25-55,83,-2.6168513,.0040380699,,,9.547718,.20565674
IRL,2020,All genders,25-55,84,-2.5932534,.0044981898,,,9.5693407,.20898776
IRL,2020,All genders,25-55,85,-2.5696552,.00546561,,,9.5909634,.21270776
IRL,2020,All genders,25-55,86,-2.5460572,.00614146,,,9.6125851,.21678263
IRL,2020,All genders,25-55,87,-2.5224593,.0063030999,,,9.6342077,.22108033
IRL,2020,All genders,25-55,88,-2.4988613,.0063535101,,,9.6558304,.22585993
IRL,2020,All genders,25-55,89,-2.4752631,.0063491501,,,9.677453,.23121926
IRL,2020,All genders,25-55,90,-2.4516652,.0070579299,,,9.6990747,.23679972
IRL,2020,All genders,25-55,91,-2.4280672,.0071242498,,,9.7206974,.24326883
IRL,2020,All genders,25-55,92,-2.404469,.0056429198,,,9.7423201,.25054246
IRL,2020,All genders,25-55,93,-2.3808711,.0050727301,,,9.7639427,.25802761
IRL,2020,All genders,25-55,94,-2.3572731,.0065997601,,,9.7855644,.26590493
IRL,2020,All genders,25-55,95,-2.3336749,.0073870998,,,9.8071871,.27441001
IRL,2020,All genders,25-55,96,-2.310077,.0069790399,,,9.8288097,.2834928
IRL,2020,All genders,25-55,97,-2.286479,.0072272401,,,9.8504324,.29306144
IRL,2020,All genders,25-55,98,-2.2628808,.0067035998,,,9.8720541,.3023372
IRL,2020,All genders,25-55,99,-2.2392828,.0075945701,,,9.8936768,.31189519
IRL,2020,All genders,25-55,100,-2.2156849,.0093151703,,,9.9152994,.32228133
IRL,2020,All genders,25-55,101,-2.1920867,.0094350101,,,9.9369221,.33351895
IRL,2020,All genders,25-55,102,-2.1684887,.0088296495,,,9.9585438,.34572834
IRL,2020,All genders,25-55,103,-2.1448908,.0077482201,,,9.9801664,.35814479
IRL,2020,All genders,25-55,104,-2.1212926,.0070985202,,,10.001789,.37166205
IRL,2020,All genders,25-55,105,-2.0976946,.0077778501,,,10.023411,.38680482
IRL,2020,All genders,25-55,106,-2.0740967,.0081855003,,,10.045034,.40272605
IRL,2020,All genders,25-55,107,-2.0504985,.0082673403,,,10.066656,.41914871
IRL,2020,All genders,25-55,108,-2.0269005,.0091464296,,,10.088279,.43578592
IRL,2020,All genders,25-55,109,-2.0033026,.0112564,,,10.109901,.45224133
IRL,2020,All genders,25-55,110,-1.9797045,.01117627,,,10.131523,.46853831
IRL,2020,All genders,25-55,111,-1.9561064,.01006423,,,10.153146,.48304659
IRL,2020,All genders,25-55,112,-1.9325083,.01143254,,,10.174768,.49621537
IRL,2020,All genders,25-55,113,-1.9089104,.01180226,,,10.196391,.50928926
IRL,2020,All genders,25-55,114,-1.8853123,.01166646,,,10.218013,.52142179
IRL,2020,All genders,25-55,115,-1.8617142,.01288602,,,10.239635,.53198135
IRL,2020,All genders,25-55,116,-1.8381163,.01036442,,,10.261258,.54013348
IRL,2020,All genders,25-55,117,-1.8145182,.0099229999,,,10.28288,.54711211
IRL,2020,All genders,25-55,118,-1.7909203,.01307578,,,10.304503,.5526526
IRL,2020,All genders,25-55,119,-1.7673222,.01299121,,,10.326125,.55732626
IRL,2020,All genders,25-55,120,-1.7437241,.01341855,,,10.347748,.56105256
IRL,2020,All genders,25-55,121,-1.7201262,.01474789,,,10.36937,.56342781
IRL,2020,All genders,25-55,122,-1.6965281,.01524168,,,10.390992,.56450939
IRL,2020,All genders,25-55,123,-1.67293,.01384906,,,10.412615,.5649873
IRL,2020,All genders,25-55,124,-1.649332,.01265677,,,10.434237,.56453502
IRL,2020,All genders,25-55,125,-1.625734,.0143525,,,10.45586,.56378597
IRL,2020,All genders,25-55,126,-1.602136,.01552808,,,10.477482,.56456333
IRL,2020,All genders,25-55,127,-1.5785379,.018612949,,,10.499105,.56545919
IRL,2020,All genders,25-55,128,-1.5549399,.01896584,,,10.520727,.56530911
IRL,2020,All genders,25-55,129,-1.5313419,.018969409,,,10.542349,.56453627
IRL,2020,All genders,25-55,130,-1.5077438,.020930059,,,10.563972,.56340915
IRL,2020,All genders,25-55,131,-1.4841458,.021666899,,,10.585594,.56151223
IRL,2020,All genders,25-55,132,-1.4605478,.023156529,,,10.607217,.55905235
IRL,2020,All genders,25-55,133,-1.4369497,.020862959,,,10.628839,.55525494
IRL,2020,All genders,25-55,134,-1.4133517,.020829311,,,10.650461,.54916579
IRL,2020,All genders,25-55,135,-1.3897537,.023517,,,10.672084,.54094791
IRL,2020,All genders,25-55,136,-1.3661556,.022934269,,,10.693706,.53119367
IRL,2020,All genders,25-55,137,-1.3425575,.024819,,,10.715329,.52051932
IRL,2020,All genders,25-55,138,-1.3189596,.025954161,,,10.736951,.50875419
IRL,2020,All genders,25-55,139,-1.2953615,.02693993,,,10.758574,.49707675
IRL,2020,All genders,25-55,140,-1.2717634,.024261391,,,10.780196,.48478425
IRL,2020,All genders,25-55,141,-1.2481655,.02496044,,,10.801818,.47170532
IRL,2020,All genders,25-55,142,-1.2245674,.02731631,,,10.823441,.45934877
IRL,2020,All genders,25-55,143,-1.2009695,.02821964,,,10.845063,.44728646
IRL,2020,All genders,25-55,144,-1.1773714,.027787879,,,10.866686,.43662745
IRL,2020,All genders,25-55,145,-1.1537733,.028385179,,,10.888308,.42733285
IRL,2020,All genders,25-55,146,-1.1301754,.029505471,,,10.90993,.41882071
IRL,2020,All genders,25-55,147,-1.1065773,.032603212,,,10.931553,.4110401
IRL,2020,All genders,25-55,148,-1.0829793,.03949447,,,10.953175,.40332568
IRL,2020,All genders,25-55,149,-1.0593812,.038707919,,,10.974798,.39609304
IRL,2020,All genders,25-55,150,-1.0357832,.03495378,,,10.99642,.38911402
IRL,2020,All genders,25-55,151,-1.0121852,.038438048,,,11.018043,.38258433
IRL,2020,All genders,25-55,152,-.98858714,.04080477,,,11.039665,.37623644
IRL,2020,All genders,25-55,153,-.96498913,.041256439,,,11.061287,.36970428
IRL,2020,All genders,25-55,154,-.94139105,.04105546,,,11.08291,.36293462
IRL,2020,All genders,25-55,155,-.91779304,.040692508,,,11.104532,.35557613
IRL,2020,All genders,25-55,156,-.89419502,.042070858,,,11.126155,.34668729
IRL,2020,All genders,25-55,157,-.87059695,.048086539,,,11.147777,.33640018
IRL,2020,All genders,25-55,158,-.84699893,.047277831,,,11.169399,.32478279
IRL,2020,All genders,25-55,159,-.82340091,.051446188,,,11.191022,.31235883
IRL,2020,All genders,25-55,160,-.7998029,.05397734,,,11.212644,.29930004
IRL,2020,All genders,25-55,161,-.77620482,.052759711,,,11.234267,.28560308
IRL,2020,All genders,25-55,162,-.75260681,.05827627,,,11.255889,.27170014
IRL,2020,All genders,25-55,163,-.72900879,.066743791,,,11.277512,.25696629
IRL,2020,All genders,25-55,164,-.70541078,.073767513,,,11.299134,.24281338
IRL,2020,All genders,25-55,165,-.6818127,.071604677,,,11.320756,.22923408
IRL,2020,All genders,25-55,166,-.65821469,.075422823,,,11.342379,.21636373
IRL,2020,All genders,25-55,167,-.63461667,.083374582,,,11.364001,.20489971
IRL,2020,All genders,25-55,168,-.6110186,.08336927,,,11.385624,.19425341
IRL,2020,All genders,25-55,169,-.58742058,.08788497,,,11.407246,.18380681
IRL,2020,All genders,25-55,170,-.56382257,.095128648,,,11.428868,.17333572
IRL,2020,All genders,25-55,171,-.54022455,.10558729,,,11.450491,.16262501
IRL,2020,All genders,25-55,172,-.51662648,.11291352,,,11.472113,.15237461
IRL,2020,All genders,25-55,173,-.49302846,.11807994,,,11.493736,.1423467
IRL,2020,All genders,25-55,174,-.46943042,.12687586,,,11.515358,.13282596
IRL,2020,All genders,25-55,175,-.4458324,.13262135,,,11.536981,.12436268
IRL,2020,All genders,25-55,176,-.42223436,.14396422,,,11.558603,.11627541
IRL,2020,All genders,25-55,177,-.39863634,.14940806,,,11.580225,.10879114
IRL,2020,All genders,25-55,178,-.3750383,.15958978,,,11.601848,.10184174
IRL,2020,All genders,25-55,179,-.35144028,.17621017,,,11.62347,.0952373
IRL,2020,All genders,25-55,180,-.32784224,.19124454,,,11.645093,.089309968
IRL,2020,All genders,25-55,181,-.30424422,.21582171,,,11.666715,.08382047
IRL,2020,All genders,25-55,182,-.28064618,.23381494,,,11.688337,.078945629
IRL,2020,All genders,25-55,183,-.25704816,.26265815,,,11.70996,.074619688
IRL,2020,All genders,25-55,184,-.23345011,.29638752,,,11.731582,.070267342
IRL,2020,All genders,25-55,185,-.20985208,.34400198,,,11.753205,.066341639
IRL,2020,All genders,25-55,186,-.18625405,.43143111,,,11.774827,.062503643
IRL,2020,All genders,25-55,187,-.16265602,.51997882,,,11.79645,.058868028
IRL,2020,All genders,25-55,188,-.13905799,.63076216,,,11.818072,.055622939
IRL,2020,All genders,25-55,189,-.11545996,.83381498,,,11.839694,.052400529
IRL,2020,All genders,25-55,190,-.091861933,1.1886064,,,11.861317,.049333621
IRL,2020,All genders,25-55,191,-.068263888,1.7446373,,,11.882939,.04664712
IRL,2020,All genders,25-55,192,-.044665858,2.4403868,,,11.904562,.044164062
IRL,2020,All genders,25-55,193,-.02106783,3.0797651,,,11.926184,.041843198
IRL,2020,All genders,25-55,194,.0025301999,3.3363879,,,11.947806,.039444979
IRL,2020,All genders,25-55,195,.026128231,3.0861731,,,11.969429,.03724863
IRL,2020,All genders,25-55,196,.049726259,2.581938,,,11.991051,.035321221
IRL,2020,All genders,25-55,197,.0733243,2.0944984,,,12.012674,.03360077
IRL,2020,All genders,25-55,198,.096922331,1.711982,,,12.034296,.032272171
IRL,2020,All genders,25-55,199,.12052036,1.4157183,,,12.055919,.030829901
IRL,2020,All genders,25-55,200,.14411838,1.1952238,,,12.077541,.02940583
IRL,2020,All genders,25-55,201,.16771641,1.0194647,,,12.099163,.02810967
IRL,2020,All genders,25-55,202,.19131444,.85849452,,,12.120786,.026674129
IRL,2020,All genders,25-55,203,.21491249,.71958452,,,12.142408,.02520168
IRL,2020,All genders,25-55,204,.23851052,.61775547,,,12.164031,.02388496
IRL,2020,All genders,25-55,205,.26210856,.53992325,,,12.185653,.02260451
IRL,2020,All genders,25-55,206,.28570658,.4937509,,,12.207276,.02145781
IRL,2020,All genders,25-55,207,.30930462,.44175526,,,12.228898,.020343609
IRL,2020,All genders,25-55,208,.33290264,.38577643,,,12.25052,.01909614
IRL,2020,All genders,25-55,209,.35650069,.35925478,,,12.272143,.01789278
IRL,2020,All genders,25-55,210,.3800987,.31755763,,,12.293765,.01690603
IRL,2020,All genders,25-55,211,.40369675,.27943197,,,12.315388,.01611561
IRL,2020,All genders,25-55,212,.42729476,.25548077,,,12.33701,.01532009
IRL,2020,All genders,25-55,213,.45089281,.23451792,,,12.358632,.01454015
IRL,2020,All genders,25-55,214,.47449082,.22451286,,,12.380255,.01392749
IRL,2020,All genders,25-55,215,.49808887,.21117152,,,12.401877,.01329719
IRL,2020,All genders,25-55,216,.52168691,.19287963,,,12.4235,.01262822
IRL,2020,All genders,25-55,217,.54528493,.17444095,,,12.445122,.0120502
IRL,2020,All genders,25-55,218,.56888294,.16041513,,,12.466745,.01147481
IRL,2020,All genders,25-55,219,.59248102,.14825815,,,12.488367,.01095389
IRL,2020,All genders,25-55,220,.61607903,.14490777,,,12.509989,.01043967
IRL,2020,All genders,25-55,221,.63967705,.13995315,,,12.531612,.0098187504
IRL,2020,All genders,25-55,222,.66327506,.12862806,,,12.553234,.0091726398
IRL,2020,All genders,25-55,223,.68687314,.12015076,,,12.574857,.0085388497
IRL,2020,All genders,25-55,224,.71047115,.11946495,,,12.596479,.0079498496
IRL,2020,All genders,25-55,225,.73406917,.11711254,,,12.618101,.0074111
IRL,2020,All genders,25-55,226,.75766718,.11536649,,,12.639724,.00686156
IRL,2020,All genders,25-55,227,.78126526,.10249803,,,12.661346,.00638721
IRL,2020,All genders,25-55,228,.80486327,.093993314,,,12.682969,.00598998
IRL,2020,All genders,25-55,229,.82846129,.094193719,,,12.704591,.0055352999
IRL,2020,All genders,25-55,230,.85205936,.089602493,,,12.726214,.0051436801
IRL,2020,All genders,25-55,231,.87565738,.084627964,,,12.747836,.0048290198
IRL,2020,All genders,25-55,232,.89925539,.084315062,,,12.769458,.0045722802
IRL,2020,All genders,25-55,233,.92285341,.081245601,,,12.791081,.00433107
IRL,2020,All genders,25-55,234,.94645149,.079800718,,,12.812703,.0040675602
IRL,2020,All genders,25-55,235,.9700495,.071287848,,,12.834326,.00382005
IRL,2020,All genders,25-55,236,.99364752,.0688316,,,12.855948,.00352235
IRL,2020,All genders,25-55,237,1.0172457,.071458571,,,12.87757,.0032280399
IRL,2020,All genders,25-55,238,1.0408436,.068155892,,,12.899193,.0029305301
IRL,2020,All genders,25-55,239,1.0644416,.063507989,,,12.920815,.0027113201
IRL,2020,All genders,25-55,240,1.0880398,.063614912,,,12.942438,.00249706
IRL,2020,All genders,25-55,241,1.1116377,.066180989,,,12.96406,.00235797
IRL,2020,All genders,25-55,242,1.1352357,.06253428,,,12.985683,.0022251599
IRL,2020,All genders,25-55,243,1.1588337,.058435999,,,13.007305,.0020560899
IRL,2020,All genders,25-55,244,1.1824318,.05358078,,,13.028927,.00190949
IRL,2020,All genders,25-55,245,1.2060298,.054733761,,,13.05055,.00181373
IRL,2020,All genders,25-55,246,1.2296278,.054572251,,,13.072172,.0017389701
IRL,2020,All genders,25-55,247,1.2532259,.049789831,,,13.093795,.00170058
IRL,2020,All genders,25-55,248,1.2768239,.04542153,,,13.115417,.00168496
IRL,2020,All genders,25-55,249,1.300422,.043267708,,,13.137039,.00163141
IRL,2020,All genders,25-55,250,1.32402,.04421328,,,13.158662,.0015475299
IRL,2020,All genders,25-55,251,1.347618,.04522698,,,13.180284,.00145707
IRL,2020,All genders,25-55,252,1.3712161,.041358631,,,13.201907,.00142176
IRL,2020,All genders,25-55,253,1.3948141,.035499431,,,13.223529,.00137892
IRL,2020,All genders,25-55,254,1.4184121,.034405131,,,13.245152,.0013200199
IRL,2020,All genders,25-55,255,1.44201,.03470169,,,13.266774,.0012694499
IRL,2020,All genders,25-55,256,1.4656082,.032067738,,,13.288396,.00121681
IRL,2020,All genders,25-55,257,1.4892062,.03079888,,,13.310019,.00115645
IRL,2020,All genders,25-55,258,1.5128042,.030155269,,,13.331641,.00107757
IRL,2020,All genders,25-55,259,1.5364023,.028075609,,,13.353264,.00096536998
IRL,2020,All genders,25-55,260,1.5600003,.02626235,,,13.374886,.00089145999
IRL,2020,All genders,25-55,261,1.5835983,.02440612,,,13.396508,.00084445003
IRL,2020,All genders,25-55,262,1.6071965,.02452274,,,13.418131,.00077561999
IRL,2020,All genders,25-55,263,1.6307944,.02098015,,,13.439753,.00072219002
IRL,2020,All genders,25-55,264,1.6543924,.02055436,,,13.461376,.00070177001
IRL,2020,All genders,25-55,265,1.6779904,.021497261,,,13.482998,.00065901002
IRL,2020,All genders,25-55,266,1.7015885,.02145895,,,13.504621,.00060819997
IRL,2020,All genders,25-55,267,1.7251865,.021478759,,,13.526243,.00056651997
IRL,2020,All genders,25-55,268,1.7487845,.020295819,,,13.547865,.00055340998
IRL,2020,All genders,25-55,269,1.7723826,.01847247,,,13.569488,.00055699999
IRL,2020,All genders,25-55,270,1.7959806,.01646352,,,13.59111,.00056031998
IRL,2020,All genders,25-55,271,1.8195786,.01584053,,,13.612733,.00053705001
IRL,2020,All genders,25-55,272,1.8431767,.01544629,,,13.634355,.00049657002
IRL,2020,All genders,25-55,273,1.8667747,.01456251,,,13.655977,.00044850001
IRL,2020,All genders,25-55,274,1.8903728,.01305325,,,13.6776,.0004009
IRL,2020,All genders,25-55,275,1.9139708,.0117669,,,13.699222,.00033735001
IRL,2020,All genders,25-55,276,1.9375688,.01233493,,,13.720845,.00028457999
IRL,2020,All genders,25-55,277,1.9611669,.01054875,,,13.742467,.00025017001
IRL,2020,All genders,25-55,278,1.9847649,.01103415,,,13.76409,.00021639001
IRL,2020,All genders,25-55,279,2.008363,.01227658,,,13.785712,.00017391
IRL,2020,All genders,25-55,280,2.031961,.0110071,,,13.807334,.00015553
IRL,2020,All genders,25-55,281,2.0555589,.0091427499,,,13.828957,.00015845
IRL,2020,All genders,25-55,282,2.0791571,.0081433496,,,13.850579,.00017263
IRL,2020,All genders,25-55,283,2.1027551,.0076275798,,,13.872202,.00019164001
IRL,2020,All genders,25-55,284,2.126353,.00704232,,,13.893824,.0002001
IRL,2020,All genders,25-55,285,2.149951,.0074418299,,,13.915446,.00021455
IRL,2020,All genders,25-55,286,2.1735492,.0075626099,,,13.937069,.00023957
IRL,2020,All genders,25-55,287,2.1971471,.00593177,,,13.958691,.00026915999
IRL,2020,All genders,25-55,288,2.2207451,.0061550401,,,13.980314,.00029913001
IRL,2020,All genders,25-55,289,2.2443433,.0060768002,,,14.001936,.00030993001
IRL,2020,All genders,25-55,290,2.2679412,.0059074601,,,14.023559,.00030506999
IRL,2020,All genders,25-55,291,2.2915392,.00563592,,,14.045181,.00029505999
IRL,2020,All genders,25-55,292,2.3151374,.0051793498,,,14.066803,.000275
IRL,2020,All genders,25-55,293,2.3387353,.0041694799,,,14.088426,.00025772999
IRL,2020,All genders,25-55,294,2.3623333,.0039205099,,,14.110048,.0002395
IRL,2020,All genders,25-55,295,2.3859315,.0041521802,,,14.131671,.00022712001
IRL,2020,All genders,25-55,296,2.4095294,.0042321398,,,14.153293,.00021774
IRL,2020,All genders,25-55,297,2.4331274,.0039899,,,14.174916,.00021817
IRL,2020,All genders,25-55,298,2.4567256,.0024126901,,,14.196538,.00021837
IRL,2020,All genders,25-55,299,2.4803236,.00204346,,,14.21816,.00022526
IRL,2020,All genders,25-55,300,2.5039215,.0018430999,,,14.239783,.00023319
IRL,2020,All genders,25-55,301,2.5275197,.0014912901,,,14.261405,.00024393
IRL,2020,All genders,25-55,302,2.5511177,.00194262,,,14.283028,.00024799001
IRL,2020,All genders,25-55,303,2.5747156,.0023021,,,14.30465,.00023921
IRL,2020,All genders,25-55,304,2.5983138,.00192911,,,14.326272,.00022464
IRL,2020,All genders,25-55,305,2.6219118,.00189581,,,14.347895,.00020066
IRL,2020,All genders,25-55,306,2.6455097,.00160064,,,14.369517,.00018004001
IRL,2020,All genders,25-55,307,2.6691079,.00134865,,,14.39114,.00016059
IRL,2020,All genders,25-55,308,2.6927059,.00106981,,,14.412762,.00013919
IRL,2020,All genders,25-55,309,2.7163038,.00078955002,,,14.434385,.00011238
IRL,2020,All genders,25-55,310,2.7399018,.00103476,,,14.456007,.00010038
IRL,2020,All genders,25-55,311,2.7635,.00084063999,,,14.477629,.000091599999
IRL,2020,All genders,25-55,312,2.7870979,.00038066,,,14.499252,.000081860002
IRL,2020,All genders,25-55,313,2.8106959,.00021845,,,14.520874,.000072900002
IRL,2020,All genders,25-55,314,2.8342941,.00112036,,,14.542497,.00005934
IRL,2020,All genders,25-55,315,2.857892,.00099948002,,,14.564119,.000049850001
IRL,2020,All genders,25-55,316,2.88149,.00063066999,,,14.585741,.000039030001
IRL,2020,All genders,25-55,317,2.9050882,.00097448,,,14.607364,.000025150001
IRL,2020,All genders,25-55,318,2.9286861,.00091167999,,,14.628986,8.2059996e-06
IRL,2020,All genders,25-55,319,2.9522841,.00088825001,,,14.650609,0
IRL,2020,All genders,25-55,320,2.9758823,.00062503997,,,14.672231,0
IRL,2020,All genders,25-55,321,2.9994802,.000060710001,,,14.693854,0
IRL,2020,All genders,25-55,322,3.0230782,0,,,14.715476,0
IRL,2020,All genders,25-55,323,3.0466764,.00001251,,,14.737098,0
IRL,2020,All genders,25-55,324,3.0702744,.00045203001,,,14.758721,0
IRL,2020,All genders,25-55,325,3.0938723,.00087908999,,,14.780343,0
IRL,2020,All genders,25-55,326,3.1174705,.00033723001,,,14.801966,8.4300000e-06
IRL,2020,All genders,25-55,327,3.1410685,.000098260003,,,14.823588,.000016170001
IRL,2020,All genders,25-55,328,3.1646664,.00031681999,,,14.84521,.000022370001
IRL,2020,All genders,25-55,329,3.1882646,.00026003001,,,14.866833,.00002704
IRL,2020,All genders,25-55,330,3.2118626,.00014387,,,14.888455,.000030179999
IRL,2020,All genders,25-55,331,3.2354605,0,,,14.910078,.000031790001
IRL,2020,All genders,25-55,332,3.2590587,0,,,14.9317,.00003187
IRL,2020,All genders,25-55,333,3.2826567,0,,,14.953323,.000033839999
IRL,2020,All genders,25-55,334,3.3062546,0,,,14.974945,.000039449998
IRL,2020,All genders,25-55,335,3.3298526,0,,,14.996567,.000048189999
IRL,2020,All genders,25-55,336,3.3534508,.00021576,,,15.01819,.000055799999
IRL,2020,All genders,25-55,337,3.3770487,.00031212001,,,15.039812,.000058810001
IRL,2020,All genders,25-55,338,3.4006467,.00002469,,,15.061435,.000057230001
IRL,2020,All genders,25-55,339,3.4242449,0,,,15.083057,.000061539999
IRL,2020,All genders,25-55,340,3.4478428,0,,,15.104679,.000062940002
IRL,2020,All genders,25-55,341,3.4714408,0,,,15.126302,.000061279999
IRL,2020,All genders,25-55,342,3.495039,0,,,15.147924,.000056559998
IRL,2020,All genders,25-55,343,3.5186369,0,,,15.169547,.000048779999
IRL,2020,All genders,25-55,344,3.5422349,0,,,15.191169,.00003793
IRL,2020,All genders,25-55,345,3.5658331,.00013448999,,,15.212792,.000024020001
IRL,2020,All genders,25-55,346,3.589431,.00014249,,,15.234414,.00001137
IRL,2020,All genders,25-55,347,3.613029,0,,,15.256036,2.6509999e-06
IRL,2020,All genders,25-55,348,3.6366272,0,,,15.277659,0
IRL,2020,All genders,25-55,349,3.6602252,0,,,15.299281,0
IRL,2020,All genders,25-55,350,3.6838231,0,,,15.320904,0
IRL,2020,All genders,25-55,351,3.7074213,0,,,15.342526,0
IRL,2020,All genders,25-55,352,3.7310193,0,,,15.364148,0
IRL,2020,All genders,25-55,353,3.7546172,0,,,15.385771,0
IRL,2020,All genders,25-55,354,3.7782154,0,,,15.407393,0
IRL,2020,All genders,25-55,355,3.8018134,0,,,15.429016,0
IRL,2020,All genders,25-55,356,3.8254113,0,,,15.450638,0
IRL,2020,All genders,25-55,357,3.8490095,0,,,15.472261,0
IRL,2020,All genders,25-55,358,3.8726075,0,,,15.493883,0
IRL,2020,All genders,25-55,359,3.8962054,0,,,15.515505,0
IRL,2020,All genders,25-55,360,3.9198034,0,,,15.537128,0
IRL,2020,All genders,25-55,361,3.9434016,0,,,15.55875,0
IRL,2020,All genders,25-55,362,3.9669995,0,,,15.580373,0
IRL,2020,All genders,25-55,363,3.9905975,0,,,15.601995,0
IRL,2020,All genders,25-55,364,4.0141954,0,,,15.623617,0
IRL,2020,All genders,25-55,365,4.0377936,0,,,15.64524,0
IRL,2020,All genders,25-55,366,4.0613918,0,,,15.666862,0
IRL,2020,All genders,25-55,367,4.0849895,0,,,15.688485,0
IRL,2020,All genders,25-55,368,4.1085877,0,,,15.710107,0
IRL,2020,All genders,25-55,369,4.1321859,0,,,15.73173,0
IRL,2020,All genders,25-55,370,4.1557837,0,,,15.753352,0
IRL,2020,All genders,25-55,371,4.1793818,0,,,15.774974,0
IRL,2020,All genders,25-55,372,4.2029796,0,,,15.796597,0
IRL,2020,All genders,25-55,373,4.2265778,0,,,15.818219,0
IRL,2020,All genders,25-55,374,4.250176,0,,,15.839842,0
IRL,2020,All genders,25-55,375,4.2737737,0,,,15.861464,0
IRL,2020,All genders,25-55,376,4.2973719,0,,,15.883086,0
IRL,2020,All genders,25-55,377,4.3209701,0,,,15.904709,0
IRL,2020,All genders,25-55,378,4.3445678,0,,,15.926331,0
IRL,2020,All genders,25-55,379,4.368166,0,,,15.947954,0
IRL,2020,All genders,25-55,380,4.3917642,0,,,15.969576,0
IRL,2020,All genders,25-55,381,4.4153619,0,,,15.991199,0
IRL,2020,All genders,25-55,382,4.4389601,0,,,16.012821,0
IRL,2020,All genders,25-55,383,4.4625583,0,,,16.034443,0
IRL,2020,All genders,25-55,384,4.486156,0,,,16.056067,0
IRL,2020,All genders,25-55,385,4.5097542,0,,,16.077688,0
IRL,2020,All genders,25-55,386,4.5333524,0,,,16.099312,0
IRL,2020,All genders,25-55,387,4.5569501,0,,,16.120934,0
IRL,2020,All genders,25-55,388,4.5805483,0,,,16.142555,0
IRL,2020,All genders,25-55,389,4.6041465,0,,,16.164179,0
IRL,2020,All genders,25-55,390,4.6277442,0,,,16.185801,0
IRL,2020,All genders,25-55,391,4.6513424,0,,,16.207422,3.4489999e-06
IRL,2020,All genders,25-55,392,4.6749406,0,,,16.229046,.00001204
IRL,2020,All genders,25-55,393,4.6985383,0,,,16.250668,.0000191
IRL,2020,All genders,25-55,394,4.7221365,0,,,16.272289,.00002462
IRL,2020,All genders,25-55,395,4.7457347,0,,,16.293913,.000028619999
IRL,2020,All genders,25-55,396,4.7693324,0,,,16.315535,.000031079999
IRL,2020,All genders,25-55,397,4.7929306,0,,,16.337156,.000032010001
IRL,2020,All genders,25-55,398,4.8165288,0,,,16.35878,.00003141
IRL,2020,All genders,25-55,399,4.8401265,.00014493,,,16.380402,.00002928
IRL,2020,All genders,25-55,400,4.8637247,.00013148,,,16.402025,.00002562
IRL,2005,Female,25-55,1,-4.4731874,.00029418,-4.453104,.00016261,7.6459508,.0095072296
IRL,2005,Female,25-55,2,-4.4536347,.00036025999,-4.4329548,.00019567,7.6618338,.01245424
IRL,2005,Female,25-55,3,-4.4340825,.00017059001,-4.4128056,.00020251999,7.6777172,.015651969
IRL,2005,Female,25-55,4,-4.4145298,0,-4.3926563,.00018314,7.6936002,.019056501
IRL,2005,Female,25-55,5,-4.3949776,0,-4.3725071,.00013754,7.7094836,.022602759
IRL,2005,Female,25-55,6,-4.3754249,0,-4.3523579,.00012327,7.7253666,.026237849
IRL,2005,Female,25-55,7,-4.3558726,0,-4.3322086,.00013185,7.74125,.029845661
IRL,2005,Female,25-55,8,-4.3363199,0,-4.3120594,.00017994001,7.757133,.033450332
IRL,2005,Female,25-55,9,-4.3167677,0,-4.2919102,.00020179999,7.7730165,.036943529
IRL,2005,Female,25-55,10,-4.297215,0,-4.2717609,.00030710001,7.7888994,.040345721
IRL,2005,Female,25-55,11,-4.2776623,0,-4.2516117,.00042649999,7.8047829,.04359474
IRL,2005,Female,25-55,12,-4.25811,0,-4.2314625,.00046723001,7.8206658,.046489589
IRL,2005,Female,25-55,13,-4.2385578,0,-4.2113132,.00042930999,7.8365493,.049099822
IRL,2005,Female,25-55,14,-4.2190051,0,-4.191164,.00042453999,7.8524323,.051528361
IRL,2005,Female,25-55,15,-4.1994524,0,-4.1710148,.00044706001,7.8683157,.053551331
IRL,2005,Female,25-55,16,-4.1799002,0,-4.1508656,.00039090999,7.8841987,.05511824
IRL,2005,Female,25-55,17,-4.1603475,0,-4.1307163,.0002561,7.9000821,.05632814
IRL,2005,Female,25-55,18,-4.1407952,0,-4.1105671,.00026612999,7.9159651,.05756662
IRL,2005,Female,25-55,19,-4.1212425,0,-4.0904179,.00033645,7.9318485,.058716182
IRL,2005,Female,25-55,20,-4.1016903,0,-4.0702686,.00041834,7.9477315,.060012519
IRL,2005,Female,25-55,21,-4.0821376,0,-4.0501194,.00042155999,7.9636149,.061072551
IRL,2005,Female,25-55,22,-4.0625854,.000048319998,-4.0299702,.00046355001,7.9794979,.062006321
IRL,2005,Female,25-55,23,-4.0430326,.00032465,-4.0098209,.00060666999,7.9953814,.0628177
IRL,2005,Female,25-55,24,-4.0234804,.00034522,-3.9896719,.00074678002,8.0112648,.063784182
IRL,2005,Female,25-55,25,-4.0039277,.00011003,-3.9695227,.00081683998,8.0271473,.064693473
IRL,2005,Female,25-55,26,-3.9843755,0,-3.9493735,.00089591002,8.0430307,.065673441
IRL,2005,Female,25-55,27,-3.964823,0,-3.9292243,.00117386,8.0589142,.066721641
IRL,2005,Female,25-55,28,-3.9452703,0,-3.909075,.00168889,8.0747976,.067911252
IRL,2005,Female,25-55,29,-3.9257178,0,-3.8889258,.0020291901,8.0906801,.069155753
IRL,2005,Female,25-55,30,-3.9061656,0,-3.8687766,.0021147199,8.1065636,.070354119
IRL,2005,Female,25-55,31,-3.8866129,.00001288,-3.8486273,.00208917,8.122447,.071578749
IRL,2005,Female,25-55,32,-3.8670604,.00031104,-3.8284781,.00186651,8.1383305,.07278645
IRL,2005,Female,25-55,33,-3.847508,.00064839999,-3.8083289,.0015841899,8.154213,.073896877
IRL,2005,Female,25-55,34,-3.8279555,.00050010002,-3.7881796,.00117541,8.1700964,.074910253
IRL,2005,Female,25-55,35,-3.808403,.00026745,-3.7680304,.00085278001,8.1859798,.07597217
IRL,2005,Female,25-55,36,-3.7888505,.00060889003,-3.7478812,.00084266998,8.2018633,.077001229
IRL,2005,Female,25-55,37,-3.7692981,.0010067,-3.7277319,.0012254,8.2177458,.078322947
IRL,2005,Female,25-55,38,-3.7497456,.00071182998,-3.7075827,.0016826499,8.2336292,.079809546
IRL,2005,Female,25-55,39,-3.7301931,.00047564,-3.6874335,.00202018,8.2495127,.081343412
IRL,2005,Female,25-55,40,-3.7106407,.00033752999,-3.6672845,.0021344,8.2653961,.08295811
IRL,2005,Female,25-55,41,-3.6910882,.000085380001,-3.647135,.0025478201,8.2812786,.084344991
IRL,2005,Female,25-55,42,-3.6715357,0,-3.6269858,.00289523,8.2971621,.085708827
IRL,2005,Female,25-55,43,-3.6519833,.00013391,-3.6068368,.0027586999,8.3130455,.08731658
IRL,2005,Female,25-55,44,-3.6324308,.00054427999,-3.5866876,.0023368299,8.3289289,.088777833
IRL,2005,Female,25-55,45,-3.6128783,.00069075997,-3.5665383,.0022182299,8.3448114,.090323202
IRL,2005,Female,25-55,46,-3.5933259,.00077533,-3.5463891,.00222683,8.3606949,.091572098
IRL,2005,Female,25-55,47,-3.5737734,.00071241998,-3.5262399,.0021625999,8.3765783,.092902191
IRL,2005,Female,25-55,48,-3.5542209,.00043834001,-3.5060906,.00190266,8.3924618,.094528571
IRL,2005,Female,25-55,49,-3.5346684,0,-3.4859414,.0021311401,8.4083443,.096423253
IRL,2005,Female,25-55,50,-3.515116,0,-3.4657922,.0024532001,8.4242277,.09849143
IRL,2005,Female,25-55,51,-3.4955635,.00015886,-3.4456429,.0026482199,8.4401112,.10052322
IRL,2005,Female,25-55,52,-3.476011,.00035784001,-3.4254937,.00268879,8.4559946,.10229818
IRL,2005,Female,25-55,53,-3.4564586,.00072631001,-3.4053445,.00284344,8.4718771,.10387769
IRL,2005,Female,25-55,54,-3.4369061,.00111051,-3.3851953,.003149,8.4877605,.10545204
IRL,2005,Female,25-55,55,-3.4173534,.0027375601,-3.365046,.0035053899,8.503644,.10692452
IRL,2005,Female,25-55,56,-3.3978012,.0029728401,-3.3448968,.0037231301,8.5195274,.10846778
IRL,2005,Female,25-55,57,-3.3782487,.0023384099,-3.3247476,.0039702002,8.5354099,.11010888
IRL,2005,Female,25-55,58,-3.358696,.00102967,-3.3045983,.0042673098,8.5512934,.11163946
IRL,2005,Female,25-55,59,-3.3391435,.00020525001,-3.2844491,.0045410902,8.5671768,.1131044
IRL,2005,Female,25-55,60,-3.3195913,.00050302001,-3.2643001,.00464204,8.5830603,.1142278
IRL,2005,Female,25-55,61,-3.3000388,.00104434,-3.2441506,.0045109601,8.5989428,.11545958
IRL,2005,Female,25-55,62,-3.2804861,.00104868,-3.2240014,.0044823498,8.6148262,.1165088
IRL,2005,Female,25-55,63,-3.2609336,.00147483,-3.2038524,.00476739,8.6307096,.11797678
IRL,2005,Female,25-55,64,-3.2413814,.0019675801,-3.1837032,.0055161901,8.6465931,.11996485
IRL,2005,Female,25-55,65,-3.2218287,.00146428,-3.163554,.00620639,8.6624756,.12188565
IRL,2005,Female,25-55,66,-3.2022762,.00068305997,-3.1434045,.0065395501,8.678359,.12389159
IRL,2005,Female,25-55,67,-3.1827238,.00093965,-3.1232555,.006639,8.6942425,.12568983
IRL,2005,Female,25-55,68,-3.1631713,.0011290601,-3.1031063,.0067020501,8.7101259,.1277907
IRL,2005,Female,25-55,69,-3.1436188,.0013147,-3.082957,.0067733298,8.7260084,.13022681
IRL,2005,Female,25-55,70,-3.1240664,.00210244,-3.0628078,.0066615301,8.7418919,.13278803
IRL,2005,Female,25-55,71,-3.1045139,.00259957,-3.0426586,.0064208298,8.7577753,.1355084
IRL,2005,Female,25-55,72,-3.0849614,.0019890601,-3.0225093,.0067233401,8.7736588,.13828667
IRL,2005,Female,25-55,73,-3.0654089,.0012587199,-3.0023601,.0072112698,8.7895412,.1409077
IRL,2005,Female,25-55,74,-3.0458565,.00277862,-2.9822109,.00783996,8.8054247,.14341453
IRL,2005,Female,25-55,75,-3.026304,.0041293199,-2.9620616,.0084465099,8.8213081,.14576916
IRL,2005,Female,25-55,76,-3.0067515,.00318872,-2.9419124,.0086518899,8.8371916,.1479421
IRL,2005,Female,25-55,77,-2.9871991,.0016394201,-2.9217632,.0092695504,8.8530741,.15042761
IRL,2005,Female,25-55,78,-2.9676466,.0021623899,-2.901614,.0098636104,8.8689575,.1532786
IRL,2005,Female,25-55,79,-2.9480941,.00274047,-2.8814647,.0099968696,8.884841,.15608269
IRL,2005,Female,25-55,80,-2.9285417,.0029078501,-2.8613155,.0099636903,8.9007244,.15882972
IRL,2005,Female,25-55,81,-2.9089892,.00296363,-2.8411663,.0096977297,8.9166069,.16143145
IRL,2005,Female,25-55,82,-2.8894367,.0030710399,-2.821017,.0099162403,8.9324903,.16424564
IRL,2005,Female,25-55,83,-2.8698843,.0033674,-2.8008678,.01061966,8.9483738,.16738036
IRL,2005,Female,25-55,84,-2.8503318,.0033599599,-2.7807188,.01146383,8.9642572,.170986
IRL,2005,Female,25-55,85,-2.8307793,.0040657902,-2.7605696,.01226702,8.9801397,.17458221
IRL,2005,Female,25-55,86,-2.8112268,.0045237802,-2.7404201,.01287188,8.9960232,.17779291
IRL,2005,Female,25-55,87,-2.7916744,.0053779902,-2.7202711,.01322577,9.0119066,.18106988
IRL,2005,Female,25-55,88,-2.7721219,.0048474702,-2.7001219,.01356422,9.0277901,.18394782
IRL,2005,Female,25-55,89,-2.7525692,.0042803502,-2.6799726,.01366208,9.0436726,.18680358
IRL,2005,Female,25-55,90,-2.733017,.0047092801,-2.6598234,.0136314,9.059556,.18964326
IRL,2005,Female,25-55,91,-2.7134645,.0047371602,-2.6396742,.01417222,9.0754395,.19309203
IRL,2005,Female,25-55,92,-2.6939118,.0048033302,-2.619525,.0153138,9.0913229,.19656487
IRL,2005,Female,25-55,93,-2.6743593,.0055517601,-2.5993757,.016278479,9.1072054,.1999782
IRL,2005,Female,25-55,94,-2.6548069,.005537,-2.5792265,.016920971,9.1230888,.20348498
IRL,2005,Female,25-55,95,-2.6352544,.0057133101,-2.5590773,.017124221,9.1389723,.20693173
IRL,2005,Female,25-55,96,-2.6157019,.0055895098,-2.538928,.017296299,9.1548557,.21029887
IRL,2005,Female,25-55,97,-2.5961494,.0051292698,-2.5187788,.017027659,9.1707382,.21432392
IRL,2005,Female,25-55,98,-2.576597,.0039854301,-2.4986296,.016626559,9.1866217,.217962
IRL,2005,Female,25-55,99,-2.5570445,.0039298502,-2.4784803,.016286161,9.2025051,.22123893
IRL,2005,Female,25-55,100,-2.537492,.0065119001,-2.4583311,.0160513,9.2183886,.22471856
IRL,2005,Female,25-55,101,-2.5179396,.0095046796,-2.4381821,.01602908,9.234271,.22822024
IRL,2005,Female,25-55,102,-2.4983871,.0091535999,-2.4180326,.016221451,9.2501545,.23200007
IRL,2005,Female,25-55,103,-2.4788346,.0072190901,-2.3978834,.016636681,9.2660379,.23599645
IRL,2005,Female,25-55,104,-2.4592822,.00725871,-2.3777342,.017112739,9.2819214,.23996384
IRL,2005,Female,25-55,105,-2.4397297,.0092790304,-2.3575852,.01761825,9.2978039,.2441361
IRL,2005,Female,25-55,106,-2.4201772,.0093093198,-2.337436,.018205831,9.3136873,.24804245
IRL,2005,Female,25-55,107,-2.4006248,.00838078,-2.3172865,.01818159,9.3295708,.25174904
IRL,2005,Female,25-55,108,-2.3810723,.0077478699,-2.2971375,.01828496,9.3454542,.2554287
IRL,2005,Female,25-55,109,-2.3615198,.0088491803,-2.2769883,.018449981,9.3613367,.258744
IRL,2005,Female,25-55,110,-2.3419673,.0088954596,-2.256839,.018537721,9.3772202,.26175329
IRL,2005,Female,25-55,111,-2.3224149,.0081121903,-2.2366898,.01861758,9.3931036,.26458415
IRL,2005,Female,25-55,112,-2.3028624,.0071817599,-2.2165406,.018672699,9.408987,.26804718
IRL,2005,Female,25-55,113,-2.2833099,.0074756402,-2.1963913,.018891759,9.4248695,.27140248
IRL,2005,Female,25-55,114,-2.2637575,.0076813502,-2.1762421,.01928881,9.440753,.27494249
IRL,2005,Female,25-55,115,-2.244205,.0087080998,-2.1560929,.01931504,9.4566364,.27848193
IRL,2005,Female,25-55,116,-2.2246525,.0105297,-2.1359437,.01926481,9.4725199,.28190657
IRL,2005,Female,25-55,117,-2.2051001,.01199584,-2.1157944,.01936518,9.4884024,.2854225
IRL,2005,Female,25-55,118,-2.1855476,.0099989697,-2.0956452,.019508069,9.5042858,.29029241
IRL,2005,Female,25-55,119,-2.1659949,.0087419702,-2.075496,.01995918,9.5201693,.2949768
IRL,2005,Female,25-55,120,-2.1464424,.0098638097,-2.0553467,.020491511,9.5360527,.29928684
IRL,2005,Female,25-55,121,-2.1268902,.01055079,-2.0351975,.020689201,9.5519352,.3038018
IRL,2005,Female,25-55,122,-2.1073377,.01088748,-2.0150483,.02151945,9.5678186,.30850884
IRL,2005,Female,25-55,123,-2.087785,.01237987,-1.9948992,.022984911,9.5837021,.31379378
IRL,2005,Female,25-55,124,-2.0682325,.01381761,-1.9747499,.02506423,9.5995855,.3194834
IRL,2005,Female,25-55,125,-2.0486803,.01320132,-1.9546007,.02740502,9.615468,.32525852
IRL,2005,Female,25-55,126,-2.0291276,.01385845,-1.9344515,.02909551,9.6313515,.33131558
IRL,2005,Female,25-55,127,-2.0095751,.01354938,-1.9143022,.03067923,9.6472349,.33752584
IRL,2005,Female,25-55,128,-1.9900227,.01357886,-1.894153,.031606268,9.6631184,.34412426
IRL,2005,Female,25-55,129,-1.9704703,.0137397,-1.8740038,.03181557,9.6790009,.35134634
IRL,2005,Female,25-55,130,-1.9509178,.01416601,-1.8538547,.030705189,9.6948843,.35885105
IRL,2005,Female,25-55,131,-1.9313653,.01441349,-1.8337054,.029934639,9.7107677,.36610717
IRL,2005,Female,25-55,132,-1.9118128,.01540063,-1.8135561,.03007012,9.7266512,.37311026
IRL,2005,Female,25-55,133,-1.8922603,.01516191,-1.7934068,.0307077,9.7425337,.37995023
IRL,2005,Female,25-55,134,-1.8727078,.017240649,-1.7732577,.03148916,9.7584171,.38718855
IRL,2005,Female,25-55,135,-1.8531554,.01936896,-1.7531085,.032975819,9.7743006,.39528787
IRL,2005,Female,25-55,136,-1.8336029,.018507401,-1.7329593,.03405457,9.790184,.40328047
IRL,2005,Female,25-55,137,-1.8140504,.01512853,-1.71281,.03464371,9.8060665,.41099027
IRL,2005,Female,25-55,138,-1.794498,.01542994,-1.6926608,.034102932,9.82195,.41829607
IRL,2005,Female,25-55,139,-1.7749455,.01417318,-1.6725116,.033663761,9.8378334,.42575032
IRL,2005,Female,25-55,140,-1.755393,.01247446,-1.6523623,.032932561,9.8537169,.43272099
IRL,2005,Female,25-55,141,-1.7358406,.01495617,-1.6322132,.031911589,9.8695993,.43938297
IRL,2005,Female,25-55,142,-1.7162881,.01980946,-1.6120639,.031946208,9.8854828,.44586796
IRL,2005,Female,25-55,143,-1.6967356,.02031152,-1.5919147,.033127651,9.9013662,.45190796
IRL,2005,Female,25-55,144,-1.6771832,.018176081,-1.5717655,.034085911,9.9172497,.45843419
IRL,2005,Female,25-55,145,-1.6576306,.01953252,-1.5516163,.034703199,9.9331322,.4646906
IRL,2005,Female,25-55,146,-1.6380782,.019772509,-1.5314671,.035221171,9.9490156,.4711965
IRL,2005,Female,25-55,147,-1.6185257,.018445561,-1.5113178,.03657965,9.9648991,.47762996
IRL,2005,Female,25-55,148,-1.5989732,.0204913,-1.4911686,.037783269,9.9807825,.48440734
IRL,2005,Female,25-55,149,-1.5794207,.021423889,-1.4710194,.039480709,9.996665,.49181065
IRL,2005,Female,25-55,150,-1.5598682,.02239082,-1.4508702,.041477479,10.012549,.5001564
IRL,2005,Female,25-55,151,-1.5403157,.025150141,-1.430721,.043598101,10.028432,.5090788
IRL,2005,Female,25-55,152,-1.5207633,.02893085,-1.4105717,.045927089,10.044315,.51755035
IRL,2005,Female,25-55,153,-1.5012108,.02810918,-1.3904225,.048029158,10.060198,.52553368
IRL,2005,Female,25-55,154,-1.4816583,.02483248,-1.3702734,.049332749,10.076081,.53284037
IRL,2005,Female,25-55,155,-1.4621059,.026302431,-1.3501241,.050914411,10.091965,.54043919
IRL,2005,Female,25-55,156,-1.4425534,.025947399,-1.3299749,.05072552,10.107848,.54823971
IRL,2005,Female,25-55,157,-1.4230009,.02398135,-1.3098257,.05080824,10.123731,.55597913
IRL,2005,Female,25-55,158,-1.4034483,.02474647,-1.2896764,.050771341,10.139614,.56361187
IRL,2005,Female,25-55,159,-1.383896,.02790273,-1.2695272,.052282929,10.155497,.57047957
IRL,2005,Female,25-55,160,-1.3643435,.031572051,-1.249378,.054759771,10.171381,.57650191
IRL,2005,Female,25-55,161,-1.3447911,.033167969,-1.2292289,.057776731,10.187264,.58145279
IRL,2005,Female,25-55,162,-1.3252385,.034814589,-1.2090795,.06033859,10.203147,.58548093
IRL,2005,Female,25-55,163,-1.305686,.034458932,-1.1889303,.063247979,10.21903,.58872205
IRL,2005,Female,25-55,164,-1.2861336,.035376579,-1.168781,.065690279,10.234913,.5906716
IRL,2005,Female,25-55,165,-1.2665811,.036243461,-1.1486319,.068327919,10.250797,.59251088
IRL,2005,Female,25-55,166,-1.2470286,.035993978,-1.1284827,.07163281,10.26668,.5927121
IRL,2005,Female,25-55,167,-1.2274761,.033426661,-1.1083333,.075673118,10.282563,.59192985
IRL,2005,Female,25-55,168,-1.2079237,.031366989,-1.0881842,.079144411,10.298446,.59011054
IRL,2005,Female,25-55,169,-1.1883712,.032756109,-1.068035,.081640147,10.314329,.58756113
IRL,2005,Female,25-55,170,-1.1688187,.036570512,-1.0478858,.082891211,10.330213,.58496231
IRL,2005,Female,25-55,171,-1.1492662,.03898361,-1.0277365,.083599068,10.346096,.58309519
IRL,2005,Female,25-55,172,-1.1297138,.04250804,-1.0075874,.083708242,10.361979,.58120126
IRL,2005,Female,25-55,173,-1.1101613,.040266462,-.98743814,.085269049,10.377862,.57891268
IRL,2005,Female,25-55,174,-1.0906088,.03873194,-.96728891,.088654362,10.393746,.57561541
IRL,2005,Female,25-55,175,-1.0710562,.04073289,-.94713968,.091159597,10.409629,.57173842
IRL,2005,Female,25-55,176,-1.0515038,.043215979,-.92699045,.093827263,10.425512,.56775689
IRL,2005,Female,25-55,177,-1.0319514,.047910791,-.90684128,.096469261,10.441395,.56335616
IRL,2005,Female,25-55,178,-1.012399,.04629321,-.88669205,.098715462,10.457278,.55921274
IRL,2005,Female,25-55,179,-.99284643,.045774858,-.86654282,.10330251,10.473162,.55535603
IRL,2005,Female,25-55,180,-.97329396,.050137751,-.84639359,.10706158,10.489045,.55139327
IRL,2005,Female,25-55,181,-.95374143,.049892861,-.82624435,.11154745,10.504928,.5471434
IRL,2005,Female,25-55,182,-.93418896,.048739132,-.80609512,.11824779,10.520811,.54277331
IRL,2005,Female,25-55,183,-.91463649,.05725449,-.78594595,.12459621,10.536694,.53810167
IRL,2005,Female,25-55,184,-.89508402,.061637089,-.76579672,.13111293,10.552578,.53311294
IRL,2005,Female,25-55,185,-.87553155,.05615329,-.74564749,.13786872,10.568461,.52758962
IRL,2005,Female,25-55,186,-.85597908,.05748006,-.72549826,.14239314,10.584344,.5218693
IRL,2005,Female,25-55,187,-.83642662,.064067028,-.70534909,.14855424,10.600227,.51510954
IRL,2005,Female,25-55,188,-.81687415,.06808918,-.68519986,.15412179,10.61611,.50771385
IRL,2005,Female,25-55,189,-.79732168,.068987258,-.66505063,.16081773,10.631994,.49961588
IRL,2005,Female,25-55,190,-.77776915,.073175058,-.64490139,.16825309,10.647877,.49097452
IRL,2005,Female,25-55,191,-.75821668,.078198723,-.62475216,.17592414,10.66376,.48218635
IRL,2005,Female,25-55,192,-.73866421,.084895678,-.60460293,.18469337,10.679643,.47394365
IRL,2005,Female,25-55,193,-.71911174,.082483873,-.58445376,.19336011,10.695526,.46535584
IRL,2005,Female,25-55,194,-.69955927,.076899029,-.56430453,.20052566,10.71141,.45666054
IRL,2005,Female,25-55,195,-.6800068,.081599101,-.5441553,.20709416,10.727293,.44739833
IRL,2005,Female,25-55,196,-.66045433,.09207505,-.52400607,.21325393,10.743176,.4381915
IRL,2005,Female,25-55,197,-.6409018,.090840213,-.50385684,.21921957,10.759059,.42941236
IRL,2005,Female,25-55,198,-.62134933,.087166362,-.48370764,.22474688,10.774943,.42047861
IRL,2005,Female,25-55,199,-.60179687,.092478573,-.46355841,.23011562,10.790826,.41149518
IRL,2005,Female,25-55,200,-.5822444,.10086199,-.4434092,.23962791,10.806709,.40240255
IRL,2005,Female,25-55,201,-.56269193,.11280281,-.42325997,.25468349,10.822592,.39356887
IRL,2005,Female,25-55,202,-.54313946,.12234369,-.40311077,.26993951,10.838475,.38465193
IRL,2005,Female,25-55,203,-.52358699,.12284753,-.38296154,.28782067,10.854359,.37543717
IRL,2005,Female,25-55,204,-.50403452,.11681095,-.36281231,.30951628,10.870242,.36612862
IRL,2005,Female,25-55,205,-.48448202,.1267052,-.34266311,.33186823,10.886125,.35639915
IRL,2005,Female,25-55,206,-.46492955,.14209861,-.32251388,.35658932,10.902008,.34617028
IRL,2005,Female,25-55,207,-.44537705,.14934982,-.30236465,.38184053,10.917891,.33569309
IRL,2005,Female,25-55,208,-.42582458,.15292883,-.28221545,.40804046,10.933775,.3248983
IRL,2005,Female,25-55,209,-.40627211,.15803893,-.26206622,.44052255,10.949658,.31388184
IRL,2005,Female,25-55,210,-.38671964,.16313063,-.241917,.47265115,10.965541,.30240509
IRL,2005,Female,25-55,211,-.36716715,.16599452,-.22176778,.50940067,10.981424,.29084969
IRL,2005,Female,25-55,212,-.34761468,.17223239,-.20161857,.55239874,10.997307,.27881828
IRL,2005,Female,25-55,213,-.32806221,.18371886,-.18146934,.59940022,11.013191,.26639146
IRL,2005,Female,25-55,214,-.30850971,.19012067,-.16132012,.65777653,11.029074,.25350368
IRL,2005,Female,25-55,215,-.28895724,.2053927,-.1411709,.73097956,11.044957,.24035904
IRL,2005,Female,25-55,216,-.26940477,.23244888,-.12102168,.81592667,11.06084,.22705501
IRL,2005,Female,25-55,217,-.24985228,.25759393,-.10087246,.90954995,11.076723,.21398886
IRL,2005,Female,25-55,218,-.23029982,.26941162,-.080723241,1.0120988,11.092607,.20151389
IRL,2005,Female,25-55,219,-.21074735,.28713918,-.060574021,1.1147928,11.10849,.18943264
IRL,2005,Female,25-55,220,-.19119486,.31037655,-.040424801,1.2144408,11.124373,.17740543
IRL,2005,Female,25-55,221,-.17164239,.3249658,-.02027558,1.296801,11.140256,.16580278
IRL,2005,Female,25-55,222,-.15208991,.34436688,-.00012636,1.3589128,11.156139,.1550318
IRL,2005,Female,25-55,223,-.13253742,.39454675,.02002285,1.4018215,11.172023,.1448731
IRL,2005,Female,25-55,224,-.11298496,.46152389,.04017207,1.4241813,11.187906,.13511361
IRL,2005,Female,25-55,225,-.093432479,.53525358,.06032129,1.4187315,11.203789,.12576462
IRL,2005,Female,25-55,226,-.073880002,.61301857,.08047051,1.39503,11.219672,.1166779
IRL,2005,Female,25-55,227,-.054327521,.72712266,.10061973,1.3535664,11.235556,.1079325
IRL,2005,Female,25-55,228,-.034775048,.92447442,.12076895,1.2943859,11.251439,.099798732
IRL,2005,Female,25-55,229,-.01522257,1.1846986,.14091817,1.2173567,11.267322,.092191748
IRL,2005,Female,25-55,230,.00432991,1.5729873,.1610674,1.1330801,11.283205,.085291378
IRL,2005,Female,25-55,231,.02388238,2.0795772,.18121661,1.0467176,11.299088,.078783952
IRL,2005,Female,25-55,232,.043434858,2.6886775,.20136583,.96509826,11.314972,.072981149
IRL,2005,Female,25-55,233,.062987342,3.2429941,.22151504,.88322532,11.330855,.067572869
IRL,2005,Female,25-55,234,.082539812,3.5330143,.24166428,.80846113,11.346738,.06261114
IRL,2005,Female,25-55,235,.10209229,3.3831284,.26181349,.74599385,11.362621,.058007251
IRL,2005,Female,25-55,236,.12164477,2.9166188,.28196272,.68824893,11.378504,.053715952
IRL,2005,Female,25-55,237,.14119723,2.3337135,.30211192,.6325888,11.394388,.049561668
IRL,2005,Female,25-55,238,.16074972,1.8512797,.32226115,.58187115,11.410271,.045641381
IRL,2005,Female,25-55,239,.1803022,1.4590404,.34241036,.53748572,11.426154,.04199364
IRL,2005,Female,25-55,240,.19985467,1.1684984,.36255959,.4998346,11.442037,.038721342
IRL,2005,Female,25-55,241,.21940716,.96990246,.38270882,.46548414,11.45792,.035684291
IRL,2005,Female,25-55,242,.23895963,.84921634,.40285802,.43149713,11.473804,.032896802
IRL,2005,Female,25-55,243,.25851211,.7247138,.42300725,.40196145,11.489687,.030513201
IRL,2005,Female,25-55,244,.27806458,.62353498,.44315648,.37465304,11.50557,.028374171
IRL,2005,Female,25-55,245,.29761705,.55744982,.46330568,.34913102,11.521453,.026498331
IRL,2005,Female,25-55,246,.31716955,.49499589,.48345491,.32425177,11.537336,.024813039
IRL,2005,Female,25-55,247,.33672202,.44257572,.50360411,.30297497,11.55322,.023264701
IRL,2005,Female,25-55,248,.35627449,.39549449,.52375335,.28724182,11.569103,.02189702
IRL,2005,Female,25-55,249,.37582698,.36222497,.54390258,.2770921,11.584986,.020597721
IRL,2005,Female,25-55,250,.39537945,.33451903,.56405181,.26706573,11.600869,.01940522
IRL,2005,Female,25-55,251,.41493192,.30933252,.58420104,.25804397,11.616753,.01831018
IRL,2005,Female,25-55,252,.43448439,.28162646,.60435021,.24841359,11.632636,.017178221
IRL,2005,Female,25-55,253,.45403686,.26210672,.62449944,.23770604,11.648519,.01613217
IRL,2005,Female,25-55,254,.47358936,.24858423,.64464867,.22512609,11.664402,.01523296
IRL,2005,Female,25-55,255,.49314183,.23847049,.6647979,.21160796,11.680285,.01444713
IRL,2005,Female,25-55,256,.5126943,.22617108,.68494713,.19856587,11.696169,.0138376
IRL,2005,Female,25-55,257,.53224677,.21410695,.7050963,.1876699,11.712052,.01330417
IRL,2005,Female,25-55,258,.55179924,.19438158,.72524554,.17797665,11.727935,.01281097
IRL,2005,Female,25-55,259,.57135171,.17576748,.74539477,.1690854,11.743818,.01238569
IRL,2005,Female,25-55,260,.59090424,.16495812,.765544,.16157262,11.759701,.01192817
IRL,2005,Female,25-55,261,.61045671,.16224204,.78569323,.15244526,11.775585,.01150234
IRL,2005,Female,25-55,262,.63000917,.15772101,.8058424,.14411657,11.791468,.01119186
IRL,2005,Female,25-55,263,.64956164,.15272444,.82599163,.13612133,11.807351,.01095009
IRL,2005,Female,25-55,264,.66911411,.14851296,.84614086,.12846011,11.823234,.01078264
IRL,2005,Female,25-55,265,.68866658,.13904156,.86629009,.12042591,11.839117,.01055605
IRL,2005,Female,25-55,266,.70821905,.12543698,.88643932,.11518025,11.855001,.01035306
IRL,2005,Female,25-55,267,.72777152,.11836318,.90658849,.11232912,11.870884,.01014697
IRL,2005,Female,25-55,268,.74732405,.11533477,.92673773,.11185681,11.886767,.0098939696
IRL,2005,Female,25-55,269,.76687652,.11385764,.94688696,.10950003,11.90265,.0096185803
IRL,2005,Female,25-55,270,.78642899,.10622445,.96703619,.10583224,11.918533,.0092666997
IRL,2005,Female,25-55,271,.80598146,.099239133,.98718542,.10265222,11.934417,.0089035397
IRL,2005,Female,25-55,272,.82553393,.089445539,1.0073346,.10019143,11.9503,.0085511999
IRL,2005,Female,25-55,273,.8450864,.086113721,1.0274838,.097495943,11.966183,.0081591103
IRL,2005,Female,25-55,274,.86463886,.085811622,1.0476331,.095639743,11.982066,.00776958
IRL,2005,Female,25-55,275,.88419133,.086558819,1.0677823,.093629643,11.99795,.00736822
IRL,2005,Female,25-55,276,.90374386,.082431413,1.0879315,.091945581,12.013833,.0069510401
IRL,2005,Female,25-55,277,.92329633,.080161624,1.1080807,.08952257,12.029716,.0065744398
IRL,2005,Female,25-55,278,.9428488,.078336753,1.1282299,.08562728,12.045599,.0062025599
IRL,2005,Female,25-55,279,.96240127,.074293397,1.1483792,.081607312,12.061482,.0058274502
IRL,2005,Female,25-55,280,.98195374,.066995762,1.1685284,.078483403,12.077366,.00549606
IRL,2005,Female,25-55,281,1.0015062,.064068541,1.1886775,.076173693,12.093249,.0051776799
IRL,2005,Female,25-55,282,1.0210587,.06832543,1.2088268,.073341921,12.109132,.0048601301
IRL,2005,Female,25-55,283,1.0406111,.070747338,1.228976,.070703939,12.125015,.0045781001
IRL,2005,Female,25-55,284,1.0601637,.070975952,1.2491252,.067476638,12.140898,.00430504
IRL,2005,Female,25-55,285,1.0797161,.06355004,1.2692745,.065441929,12.156782,.0040647699
IRL,2005,Female,25-55,286,1.0992686,.056030679,1.2894237,.06294667,12.172665,.00384225
IRL,2005,Female,25-55,287,1.1188211,.053170871,1.3095729,.060174111,12.188548,.0036122799
IRL,2005,Female,25-55,288,1.1383736,.05669608,1.329722,.058843698,12.204431,.00337493
IRL,2005,Female,25-55,289,1.157926,.061315641,1.3498714,.05648772,12.220314,.0031440801
IRL,2005,Female,25-55,290,1.1774786,.06038202,1.3700206,.05472422,12.236198,.00293042
IRL,2005,Female,25-55,291,1.197031,.060713489,1.3901699,.053151742,12.252081,.00270912
IRL,2005,Female,25-55,292,1.2165835,.061848991,1.410319,.051020838,12.267964,.0024954199
IRL,2005,Female,25-55,293,1.2361358,.063975722,1.4304682,.049188979,12.283847,.00231748
IRL,2005,Female,25-55,294,1.2556884,.060368702,1.4506176,.047510918,12.29973,.0021703099
IRL,2005,Female,25-55,295,1.2752409,.05296766,1.4707667,.045726649,12.315614,.00205221
IRL,2005,Female,25-55,296,1.2947934,.052804269,1.4909159,.04547957,12.331497,.00193167
IRL,2005,Female,25-55,297,1.314346,.05441051,1.5110651,.044422012,12.34738,.00181774
IRL,2005,Female,25-55,298,1.3338983,.052778069,1.5312144,.044245161,12.363263,.0016961599
IRL,2005,Female,25-55,299,1.3534508,.049092669,1.5513636,.044780672,12.379146,.00158522
IRL,2005,Female,25-55,300,1.3730032,.047305521,1.5715128,.044840168,12.39503,.00147253
IRL,2005,Female,25-55,301,1.3925558,.041954178,1.591662,.043353882,12.410913,.00138693
IRL,2005,Female,25-55,302,1.4121082,.03845448,1.6118112,.041525722,12.426796,.0013004401
IRL,2005,Female,25-55,303,1.4316607,.037374519,1.6319604,.03904707,12.442679,.00121106
IRL,2005,Female,25-55,304,1.4512132,.035090789,1.6521097,.037030879,12.458563,.00112284
IRL,2005,Female,25-55,305,1.4707657,.035786189,1.6722589,.03509295,12.474446,.00105191
IRL,2005,Female,25-55,306,1.4903181,.037184291,1.6924081,.033909172,12.490329,.00099947001
IRL,2005,Female,25-55,307,1.5098706,.034867249,1.7125573,.03241276,12.506212,.00094756001
IRL,2005,Female,25-55,308,1.5294231,.02917229,1.7327065,.03165279,12.522095,.0008948
IRL,2005,Female,25-55,309,1.5489756,.02803283,1.7528558,.030650159,12.537979,.00083108002
IRL,2005,Female,25-55,310,1.5685281,.02788615,1.773005,.02953274,12.553862,.00077155
IRL,2005,Female,25-55,311,1.5880805,.0282488,1.7931542,.027743511,12.569745,.00070984999
IRL,2005,Female,25-55,312,1.607633,.02880965,1.8133034,.025506031,12.585628,.00065121998
IRL,2005,Female,25-55,313,1.6271855,.026172331,1.8334526,.024253471,12.601511,.00059488998
IRL,2005,Female,25-55,314,1.6467381,.02315468,1.8536019,.02410014,12.617395,.00056175998
IRL,2005,Female,25-55,315,1.6662904,.0218968,1.873751,.02332845,12.633278,.00053507998
IRL,2005,Female,25-55,316,1.6858429,.02510987,1.8939003,.02307084,12.649161,.00050535001
IRL,2005,Female,25-55,317,1.7053953,.027198341,1.9140495,.023803961,12.665044,.00046749
IRL,2005,Female,25-55,318,1.7249479,.025590779,1.9341987,.02394818,12.680927,.00043620999
IRL,2005,Female,25-55,319,1.7445003,.02182414,1.9543478,.023316219,12.696811,.00040143999
IRL,2005,Female,25-55,320,1.7640527,.0190142,1.9744972,.022310169,12.712694,.00036380999
IRL,2005,Female,25-55,321,1.7836053,.0178113,1.9946464,.02183247,12.728577,.00031633
IRL,2005,Female,25-55,322,1.8031578,.017116509,2.0147955,.022442009,12.74446,.00028214999
IRL,2005,Female,25-55,323,1.8227103,.018008379,2.0349448,.022299269,12.760343,.00024408
IRL,2005,Female,25-55,324,1.8422627,.017907649,2.055094,.021564189,12.776227,.00019861999
IRL,2005,Female,25-55,325,1.8618152,.016849199,2.0752432,.02142098,12.79211,.00015957
IRL,2005,Female,25-55,326,1.8813677,.01589917,2.0953925,.02022638,12.807993,.00012996999
IRL,2005,Female,25-55,327,1.9009202,.01500177,2.1155417,.018381709,12.823876,.00010693
IRL,2005,Female,25-55,328,1.9204726,.01435475,2.1356909,.016503559,12.83976,.000096039999
IRL,2005,Female,25-55,329,1.9400251,.01576812,2.1558402,.01441595,12.855643,.00010601
IRL,2005,Female,25-55,330,1.9595776,.01947658,2.1759894,.01314179,12.871526,.00011905
IRL,2005,Female,25-55,331,1.9791301,.018755989,2.1961386,.01223447,12.887409,.00013412999
IRL,2005,Female,25-55,332,1.9986825,.01519291,2.2162879,.01124431,12.903292,.00014911
IRL,2005,Female,25-55,333,2.018235,.01257728,2.2364371,.01048531,12.919176,.00015917
IRL,2005,Female,25-55,334,2.0377874,.01281579,2.2565863,.0098520797,12.935059,.00016731001
IRL,2005,Female,25-55,335,2.0573399,.01151147,2.2767355,.0098127304,12.950942,.00018129
IRL,2005,Female,25-55,336,2.0768926,.0091982596,2.2968848,.01030782,12.966825,.00019157999
IRL,2005,Female,25-55,337,2.0964448,.0076656998,2.317034,.01067486,12.982708,.00019817
IRL,2005,Female,25-55,338,2.1159973,.0093107596,2.337183,.01052031,12.998592,.00020107
IRL,2005,Female,25-55,339,2.1355498,.0095150396,2.3573322,.01013304,13.014475,.00020027001
IRL,2005,Female,25-55,340,2.1551025,.00712797,2.3774817,.0096133202,13.030358,.00019577
IRL,2005,Female,25-55,341,2.1746547,.0074497,2.3976307,.0085174404,13.046241,.00018757999
IRL,2005,Female,25-55,342,2.1942072,.0073571601,2.4177799,.0072953301,13.062124,.00017569
IRL,2005,Female,25-55,343,2.2137599,.0061785402,2.4379292,.0064826999,13.078008,.00016010999
IRL,2005,Female,25-55,344,2.2333124,.0045254501,2.4580784,.0062830099,13.093891,.00014082
IRL,2005,Female,25-55,345,2.2528646,.0049478998,2.4782276,.0063466802,13.109774,.00011784
IRL,2005,Female,25-55,346,2.2724173,.0060975198,2.4983768,.0062657101,13.125657,.000091169997
IRL,2005,Female,25-55,347,2.2919698,.0058278702,2.5185261,.0059462199,13.14154,.000060800001
IRL,2005,Female,25-55,348,2.3115222,.00641143,2.5386753,.0059943399,13.157424,.00002797
IRL,2005,Female,25-55,349,2.3310747,.0075717899,2.5588245,.0059632398,13.173307,7.6199999e-06
IRL,2005,Female,25-55,350,2.3506272,.0063218898,2.5789738,.0055199801,13.18919,0
IRL,2005,Female,25-55,351,2.3701797,.0044859699,2.599123,.0049169501,13.205073,0
IRL,2005,Female,25-55,352,2.3897321,.0042007398,2.6192722,.0042862501,13.220956,0
IRL,2005,Female,25-55,353,2.4092846,.0045743701,2.6394215,.0037529799,13.23684,0
IRL,2005,Female,25-55,354,2.4288371,.00450711,2.6595707,.00311902,13.252723,0
IRL,2005,Female,25-55,355,2.4483895,.00349001,2.6797199,.0027811299,13.268606,0
IRL,2005,Female,25-55,356,2.467942,.00269932,2.6998692,.00271938,13.284489,4.6549999e-06
IRL,2005,Female,25-55,357,2.4874945,.00337688,2.7200184,.0028345101,13.300373,.00001647
IRL,2005,Female,25-55,358,2.5070469,.0035965799,2.7401676,.0027747001,13.316256,.00002705
IRL,2005,Female,25-55,359,2.5265994,.00296795,2.7603166,.0028254001,13.332139,.000036410001
IRL,2005,Female,25-55,360,2.5461519,.0039660898,2.7804661,.0030272999,13.348022,.000044529999
IRL,2005,Female,25-55,361,2.5657043,.0042476901,2.8006153,.00308304,13.363905,.000051409999
IRL,2005,Female,25-55,362,2.5852568,.00351823,2.8207643,.00306752,13.379789,.000057069999
IRL,2005,Female,25-55,363,2.6048093,.00185087,2.8409135,.0032893401,13.395672,.000061489998
IRL,2005,Female,25-55,364,2.6243618,.00091766001,2.8610628,.00332844,13.411555,.000064680004
IRL,2005,Female,25-55,365,2.6439142,.00108767,2.881212,.0031640099,13.427438,.000066640001
IRL,2005,Female,25-55,366,2.6634667,.0013322399,2.9013612,.00279435,13.443321,.000067369998
IRL,2005,Female,25-55,367,2.6830192,.00141409,2.9215105,.00253344,13.459205,.000066859997
IRL,2005,Female,25-55,368,2.7025716,.00159387,2.9416597,.0022342899,13.475088,.000065120003
IRL,2005,Female,25-55,369,2.7221241,.00169293,2.9618089,.00175601,13.490971,.00006215
IRL,2005,Female,25-55,370,2.7416768,.00151011,2.9819582,.00134928,13.506854,.000057950001
IRL,2005,Female,25-55,371,2.761229,.00133391,3.0021074,.00106194,13.522737,.000052520001
IRL,2005,Female,25-55,372,2.7807815,.00188399,3.0222566,.00088568998,13.538621,.00004585
IRL,2005,Female,25-55,373,2.8003342,.00243146,3.0424058,.00068061001,13.554504,.000037950002
IRL,2005,Female,25-55,374,2.8198867,.00154089,3.0625551,.00058746,13.570387,.000028820001
IRL,2005,Female,25-55,375,2.8394389,.00096703001,3.0827043,.00067580998,13.58627,.000018459999
IRL,2005,Female,25-55,376,2.8589914,.00112793,3.1028535,.00067156,13.602153,6.8630002e-06
IRL,2005,Female,25-55,377,2.8785441,.00135301,3.1230028,.00056243001,13.618037,0
IRL,2005,Female,25-55,378,2.8980966,.00131054,3.143152,.00036671999,13.63392,0
IRL,2005,Female,25-55,379,2.917649,.00106209,3.163301,.00038516,13.649803,0
IRL,2005,Female,25-55,380,2.9372015,.00041111,3.1834505,.00045784001,13.665686,0
IRL,2005,Female,25-55,381,2.956754,.00001288,3.2035997,.00053482997,13.68157,0
IRL,2005,Female,25-55,382,2.9763064,.00028606999,3.2237487,.00059289997,13.697453,0
IRL,2005,Female,25-55,383,2.9958589,.00036256999,3.2438979,.00068708003,13.713336,0
IRL,2005,Female,25-55,384,3.0154114,.00018331,3.2640471,.00067638,13.729219,0
IRL,2005,Female,25-55,385,3.0349638,0,3.2841966,.00056080997,13.745102,1.7160000e-06
IRL,2005,Female,25-55,386,3.0545163,0,3.3043456,.00036315,13.760986,.00001382
IRL,2005,Female,25-55,387,3.0740688,.00027799001,3.3244948,.00027819001,13.776869,.00002469
IRL,2005,Female,25-55,388,3.0936213,.00036435999,3.3446441,.00022762999,13.792752,.000034330002
IRL,2005,Female,25-55,389,3.1131737,.00019496999,3.3647933,.00019135,13.808635,.000042740001
IRL,2005,Female,25-55,390,3.1327262,0,3.3849425,.00019259,13.824518,.000049909999
IRL,2005,Female,25-55,391,3.1522787,0,3.4050918,.00020314001,13.840402,.00005586
IRL,2005,Female,25-55,392,3.1718311,0,3.425241,.00018747,13.856285,.000060570001
IRL,2005,Female,25-55,393,3.1913836,0,3.4453902,.00014557,13.872168,.00006405
IRL,2005,Female,25-55,394,3.2109361,0,3.4655395,.000077459998,13.888051,.000066289998
IRL,2005,Female,25-55,395,3.2304885,0,3.4856887,.00006572,13.903934,.00006731
IRL,2005,Female,25-55,396,3.250041,.00028015999,3.5058379,.00013754,13.919818,.000067089997
IRL,2005,Female,25-55,397,3.2695935,.00036392,3.5259871,.00018314,13.935701,.000065640001
IRL,2005,Female,25-55,398,3.2891459,.00036251001,3.5461364,.00020251999,13.951584,.000062960004
IRL,2005,Female,25-55,399,3.3086984,.00036025999,3.5662856,.00019567,13.967467,.000059040001
IRL,2005,Female,25-55,400,3.3282509,.00029418,3.5864346,.00016261,13.98335,.000053899999
IRL,2010,Female,25-55,1,-4.4121833,.00034294999,-4.9814219,.00016434,7.6611648,.0084843403
IRL,2010,Female,25-55,2,-4.3920112,.00039025,-4.9575381,.00020292999,7.676661,.01121326
IRL,2010,Female,25-55,3,-4.3718395,0,-4.9336538,.00019486999,7.6921568,.01424012
IRL,2010,Female,25-55,4,-4.3516674,0,-4.9097695,.00014016,7.7076526,.017477229
IRL,2010,Female,25-55,5,-4.3314958,0,-4.8858852,.000038800001,7.7231488,.02082075
IRL,2010,Female,25-55,6,-4.3113241,0,-4.8620009,0,7.7386446,.024293579
IRL,2010,Female,25-55,7,-4.291152,.00020626,-4.8381166,0,7.7541404,.027926691
IRL,2010,Female,25-55,8,-4.2709804,.00042838999,-4.8142323,0,7.7696366,.031703621
IRL,2010,Female,25-55,9,-4.2508082,.00017258,-4.7903481,0,7.7851324,.035331082
IRL,2010,Female,25-55,10,-4.2306366,0,-4.7664638,0,7.8006282,.038734749
IRL,2010,Female,25-55,11,-4.2104645,0,-4.7425795,0,7.816124,.041897029
IRL,2010,Female,25-55,12,-4.1902928,0,-4.7186952,0,7.8316202,.04466277
IRL,2010,Female,25-55,13,-4.1701207,0,-4.6948109,0,7.847116,.047037609
IRL,2010,Female,25-55,14,-4.1499491,0,-4.6709266,0,7.8626118,.048857011
IRL,2010,Female,25-55,15,-4.1297774,.00015461999,-4.6470423,.00012753,7.878108,.05011522
IRL,2010,Female,25-55,16,-4.1096053,.00042748,-4.623158,.00031033001,7.8936038,.05091802
IRL,2010,Female,25-55,17,-4.0894332,.00022241,-4.5992737,.00039982999,7.9090996,.051689342
IRL,2010,Female,25-55,18,-4.0692616,0,-4.5753899,.00039602999,7.9245958,.05255273
IRL,2010,Female,25-55,19,-4.0490899,.00035849999,-4.5515056,.00029893001,7.9400916,.053385612
IRL,2010,Female,25-55,20,-4.0289178,.00037855,-4.5276213,.00010852,7.9555874,.054092959
IRL,2010,Female,25-55,21,-4.0087461,0,-4.503737,0,7.9710836,.054728821
IRL,2010,Female,25-55,22,-3.988574,.00041311001,-4.4798527,0,7.9865794,.055358682
IRL,2010,Female,25-55,23,-3.9684021,.00079869002,-4.4559684,0,8.0020752,.056023091
IRL,2010,Female,25-55,24,-3.9482305,.00029072,-4.4320841,0,8.0175714,.05657278
IRL,2010,Female,25-55,25,-3.9280584,0,-4.4081998,.000073750001,8.0330667,.057039239
IRL,2010,Female,25-55,26,-3.9078867,0,-4.3843155,.00020782001,8.048563,.057597771
IRL,2010,Female,25-55,27,-3.8877149,.00021689,-4.3604312,.00034711001,8.0640593,.05828096
IRL,2010,Female,25-55,28,-3.867543,.00042786999,-4.3365469,.00047746999,8.0795546,.059195232
IRL,2010,Female,25-55,29,-3.8473711,.0001609,-4.3126626,.00051311997,8.0950508,.06022517
IRL,2010,Female,25-55,30,-3.8271992,.00016097999,-4.2887783,.00052190002,8.1105471,.061380561
IRL,2010,Female,25-55,31,-3.8070273,.00042786999,-4.2648945,.00044803999,8.1260424,.06275475
IRL,2010,Female,25-55,32,-3.7868555,.00021682,-4.2410102,.00034170999,8.1415386,.064027622
IRL,2010,Female,25-55,33,-3.7666836,0,-4.2171259,.00028601001,8.1570349,.064983472
IRL,2010,Female,25-55,34,-3.7465117,0,-4.1932416,.00027126999,8.1725302,.065693729
IRL,2010,Female,25-55,35,-3.7263398,0,-4.1693573,.00020181001,8.1880264,.066334508
IRL,2010,Female,25-55,36,-3.7061679,0,-4.145473,.00027690001,8.2035227,.067219362
IRL,2010,Female,25-55,37,-3.6859963,0,-4.1215887,.00031013001,8.219018,.06813892
IRL,2010,Female,25-55,38,-3.6658244,.00031202001,-4.0977044,.00026611,8.2345142,.069054097
IRL,2010,Female,25-55,39,-3.6456523,.00060710002,-4.0738201,.00032024999,8.2500105,.069981687
IRL,2010,Female,25-55,40,-3.6254807,.00114094,-4.0499358,.00040968999,8.2655058,.070783272
IRL,2010,Female,25-55,41,-3.6053088,.00124707,-4.0260515,.00043444999,8.281002,.071631067
IRL,2010,Female,25-55,42,-3.5851369,.00046238001,-4.0021672,.00050993002,8.2964983,.07246574
IRL,2010,Female,25-55,43,-3.564965,.00037209,-3.9782832,.00052971998,8.3119936,.073376708
IRL,2010,Female,25-55,44,-3.5447931,.00055714999,-3.9543989,.00048903999,8.3274899,.074200466
IRL,2010,Female,25-55,45,-3.5246212,.00094499998,-3.9305146,.00063974998,8.3429861,.075012289
IRL,2010,Female,25-55,46,-3.5044494,.00102824,-3.9066303,.00086014002,8.3584814,.075920299
IRL,2010,Female,25-55,47,-3.4842775,.00019309,-3.882746,.00111729,8.3739777,.077095211
IRL,2010,Female,25-55,48,-3.4641056,0,-3.8588617,.00140114,8.3894739,.078463562
IRL,2010,Female,25-55,49,-3.4439337,.00048736,-3.8349774,.00135918,8.4049692,.07975211
IRL,2010,Female,25-55,50,-3.4237618,.00112769,-3.8110933,.00103445,8.4204655,.081173196
IRL,2010,Female,25-55,51,-3.4035902,.00164573,-3.787209,.0006959,8.4359617,.08294937
IRL,2010,Female,25-55,52,-3.3834181,.0024296499,-3.7633247,.00041387,8.451457,.084803469
IRL,2010,Female,25-55,53,-3.3632464,.00204917,-3.7394404,.00036173,8.4669533,.086735152
IRL,2010,Female,25-55,54,-3.3430746,.0013718701,-3.7155561,.00080481003,8.4824495,.088476457
IRL,2010,Female,25-55,55,-3.3229027,.0029317101,-3.6916721,.0011598601,8.4979448,.090013191
IRL,2010,Female,25-55,56,-3.3027308,.00331773,-3.6677878,.00126664,8.5134411,.091817603
IRL,2010,Female,25-55,57,-3.2825589,.0020850899,-3.6439035,.00136023,8.5289373,.093487397
IRL,2010,Female,25-55,58,-3.262387,.00220752,-3.6200192,.00152529,8.5444326,.095181651
IRL,2010,Female,25-55,59,-3.2422152,.00259665,-3.5961349,.00186031,8.5599289,.09691415
IRL,2010,Female,25-55,60,-3.2220433,.0024059101,-3.5722506,.00244958,8.5754251,.098285109
IRL,2010,Female,25-55,61,-3.2018714,.0029261,-3.5483663,.0026976799,8.5909204,.099753052
IRL,2010,Female,25-55,62,-3.1816995,.0027070299,-3.524482,.0025036801,8.6064167,.10120331
IRL,2010,Female,25-55,63,-3.1615276,.00197902,-3.500598,.0022488399,8.621913,.10252258
IRL,2010,Female,25-55,64,-3.141356,.00185487,-3.4767137,.00174567,8.6374083,.10369063
IRL,2010,Female,25-55,65,-3.1211841,.0021991199,-3.4528294,.0014002901,8.6529045,.10508579
IRL,2010,Female,25-55,66,-3.101012,.00293184,-3.4289451,.0018084201,8.6684008,.10650821
IRL,2010,Female,25-55,67,-3.0808403,.001891,-3.4050608,.0020240301,8.6838961,.10801166
IRL,2010,Female,25-55,68,-3.0606685,.00089651998,-3.3811765,.0021846199,8.6993923,.10953326
IRL,2010,Female,25-55,69,-3.0404966,.0041866601,-3.3572924,.0027749699,8.7148886,.11098116
IRL,2010,Female,25-55,70,-3.0203247,.0060873702,-3.3334081,.0034769401,8.7303839,.11247322
IRL,2010,Female,25-55,71,-3.0001528,.00311321,-3.3095238,.0042713201,8.7458801,.11409601
IRL,2010,Female,25-55,72,-2.9799809,.00151932,-3.2856395,.0051814299,8.7613764,.11568667
IRL,2010,Female,25-55,73,-2.9598091,.00214578,-3.2617552,.0057676402,8.7768717,.11738437
IRL,2010,Female,25-55,74,-2.9396372,.00308878,-3.2378709,.0057361498,8.7923679,.11920051
IRL,2010,Female,25-55,75,-2.9194653,.0030243101,-3.2139866,.0051963199,8.8078642,.1209912
IRL,2010,Female,25-55,76,-2.8992934,.00344408,-3.1901023,.0044623599,8.8233595,.1230074
IRL,2010,Female,25-55,77,-2.8791215,.0045923302,-3.1662183,.0041148402,8.8388557,.12502518
IRL,2010,Female,25-55,78,-2.8589499,.0049099699,-3.142334,.0040681702,8.854352,.12702782
IRL,2010,Female,25-55,79,-2.838778,.0048428201,-3.1184497,.0045104399,8.8698473,.12958905
IRL,2010,Female,25-55,80,-2.8186059,.0052135,-3.0945654,.0048197899,8.8853436,.13202704
IRL,2010,Female,25-55,81,-2.7984343,.0049243099,-3.0706811,.00523496,8.9008398,.13447727
IRL,2010,Female,25-55,82,-2.7782624,.0055208998,-3.0467968,.0057155802,8.9163351,.13686654
IRL,2010,Female,25-55,83,-2.7580905,.00510401,-3.0229125,.00634471,8.9318314,.13929272
IRL,2010,Female,25-55,84,-2.7379186,.0028116901,-2.9990282,.0072657499,8.9473276,.14161702
IRL,2010,Female,25-55,85,-2.7177467,.00354021,-2.9751441,.0077162599,8.9628229,.14421283
IRL,2010,Female,25-55,86,-2.6975749,.0071437098,-2.9512599,.0070221899,8.9783192,.14712662
IRL,2010,Female,25-55,87,-2.677403,.0059567499,-2.9273756,.0064970702,8.9938154,.15023829
IRL,2010,Female,25-55,88,-2.6572311,.00576327,-2.9034913,.0062690801,9.0093107,.15357588
IRL,2010,Female,25-55,89,-2.6370592,.0074898298,-2.879607,.0062251398,9.024807,.15716684
IRL,2010,Female,25-55,90,-2.6168873,.0053397301,-2.8557229,.0071511799,9.0403032,.16083427
IRL,2010,Female,25-55,91,-2.5967157,.0057759001,-2.8318386,.00851137,9.0557985,.16464537
IRL,2010,Female,25-55,92,-2.5765438,.0056764199,-2.8079543,.0095557701,9.0712948,.16826373
IRL,2010,Female,25-55,93,-2.5563717,.0043982901,-2.78407,.01014883,9.086791,.17167956
IRL,2010,Female,25-55,94,-2.5362,.0073818099,-2.7601857,.01036861,9.1022863,.17494704
IRL,2010,Female,25-55,95,-2.5160282,.0086698905,-2.7363014,.0097444197,9.1177826,.17830428
IRL,2010,Female,25-55,96,-2.4958563,.0078294901,-2.7124171,.0091367299,9.1332788,.18190709
IRL,2010,Female,25-55,97,-2.4756844,.0082397899,-2.6885328,.0090237297,9.1487741,.1850889
IRL,2010,Female,25-55,98,-2.4555125,.0089208204,-2.6646488,.0095558297,9.1642704,.18853574
IRL,2010,Female,25-55,99,-2.4353406,.0087592201,-2.6407645,.0097483303,9.1797667,.1926236
IRL,2010,Female,25-55,100,-2.4151688,.0079412004,-2.6168802,.01082485,9.195262,.19708787
IRL,2010,Female,25-55,101,-2.3949969,.0088625699,-2.5929959,.01131199,9.2107582,.20160757
IRL,2010,Female,25-55,102,-2.374825,.0091119604,-2.5691116,.01086426,9.2262545,.20595916
IRL,2010,Female,25-55,103,-2.3546531,.0075338599,-2.5452273,.01043091,9.2417498,.21070486
IRL,2010,Female,25-55,104,-2.3344812,.0078583099,-2.521343,.01030581,9.257246,.21559107
IRL,2010,Female,25-55,105,-2.3143096,.0088422298,-2.4974587,.0098734498,9.2727423,.22041731
IRL,2010,Female,25-55,106,-2.2941377,.0091568399,-2.4735746,.01130669,9.2882376,.22506519
IRL,2010,Female,25-55,107,-2.2739656,.0116606,-2.4496903,.01269503,9.3037338,.22985396
IRL,2010,Female,25-55,108,-2.253794,.01243675,-2.425806,.0126739,9.3192291,.23434202
IRL,2010,Female,25-55,109,-2.2336221,.01140546,-2.4019217,.01249499,9.3347254,.23861422
IRL,2010,Female,25-55,110,-2.2134502,.01183164,-2.3780375,.01234997,9.3502216,.24284171
IRL,2010,Female,25-55,111,-2.1932783,.01156727,-2.3541532,.01264721,9.3657169,.24778739
IRL,2010,Female,25-55,112,-2.1731064,.01240722,-2.3302691,.01425783,9.3812132,.25313935
IRL,2010,Female,25-55,113,-2.1529346,.01277288,-2.3063848,.01692746,9.3967094,.25834069
IRL,2010,Female,25-55,114,-2.1327627,.01154755,-2.2825005,.0190091,9.4122047,.26286718
IRL,2010,Female,25-55,115,-2.1125908,.01183442,-2.2586162,.02043701,9.427701,.26721868
IRL,2010,Female,25-55,116,-2.0924189,.01327108,-2.2347319,.020264911,9.4431973,.27148822
IRL,2010,Female,25-55,117,-2.072247,.01416382,-2.2108476,.019575769,9.4586926,.27469167
IRL,2010,Female,25-55,118,-2.0520751,.01554458,-2.1869633,.01816616,9.4741888,.27803913
IRL,2010,Female,25-55,119,-2.0319035,.018148489,-2.163079,.017520061,9.4896851,.28210312
IRL,2010,Female,25-55,120,-2.0117314,.018860091,-2.139195,.01763544,9.5051804,.28665075
IRL,2010,Female,25-55,121,-1.9915597,.016705129,-2.1153107,.01783248,9.5206766,.29125321
IRL,2010,Female,25-55,122,-1.9713877,.015969479,-2.0914264,.01827665,9.5361729,.29568559
IRL,2010,Female,25-55,123,-1.9512159,.01537948,-2.0675421,.019223319,9.5516682,.30037335
IRL,2010,Female,25-55,124,-1.9310441,.01401255,-2.0436578,.01985891,9.5671644,.30555227
IRL,2010,Female,25-55,125,-1.9108722,.01581822,-2.0197735,.01968036,9.5826607,.31098184
IRL,2010,Female,25-55,126,-1.8907003,.01770064,-1.9958893,.02031561,9.598156,.31618071
IRL,2010,Female,25-55,127,-1.8705285,.01691494,-1.972005,.02018024,9.6136522,.32130337
IRL,2010,Female,25-55,128,-1.8503566,.01428575,-1.9481208,.02048091,9.6291485,.32591271
IRL,2010,Female,25-55,129,-1.8301848,.01517249,-1.9242365,.022255201,9.6446438,.33008245
IRL,2010,Female,25-55,130,-1.8100129,.02056938,-1.9003524,.02532444,9.66014,.33444175
IRL,2010,Female,25-55,131,-1.7898411,.01917812,-1.8764679,.0272323,9.6756363,.33956465
IRL,2010,Female,25-55,132,-1.7696692,.01622217,-1.8525836,.028626891,9.6911316,.34646362
IRL,2010,Female,25-55,133,-1.7494973,.01715567,-1.8286995,.02798932,9.7066278,.35440886
IRL,2010,Female,25-55,134,-1.7293254,.01815076,-1.8048152,.027247449,9.7221241,.36261109
IRL,2010,Female,25-55,135,-1.7091537,.016802451,-1.7809309,.0272866,9.7376194,.37135741
IRL,2010,Female,25-55,136,-1.6889817,.020595441,-1.7570467,.02817997,9.7531157,.38013545
IRL,2010,Female,25-55,137,-1.6688098,.022002749,-1.7331624,.028836381,9.7686119,.38823462
IRL,2010,Female,25-55,138,-1.648638,.018278601,-1.7092781,.02850078,9.7841072,.39578095
IRL,2010,Female,25-55,139,-1.6284661,.02019161,-1.6853939,.027471621,9.7996035,.40388903
IRL,2010,Female,25-55,140,-1.6082942,.022225941,-1.6615096,.027651999,9.8150997,.41312391
IRL,2010,Female,25-55,141,-1.5881224,.02164991,-1.6376255,.029503239,9.830595,.42232689
IRL,2010,Female,25-55,142,-1.5679505,.01865055,-1.6137412,.03110501,9.8460913,.43141815
IRL,2010,Female,25-55,143,-1.5477787,.019947849,-1.5898567,.031257551,9.8615875,.43992269
IRL,2010,Female,25-55,144,-1.5276068,.024090121,-1.5659726,.031210819,9.8770828,.44822177
IRL,2010,Female,25-55,145,-1.5074348,.023640711,-1.5420883,.031422678,9.8925791,.45571974
IRL,2010,Female,25-55,146,-1.4872631,.023507711,-1.518204,.03238995,9.9080753,.46226561
IRL,2010,Female,25-55,147,-1.4670912,.021863351,-1.4943198,.03425061,9.9235706,.46802109
IRL,2010,Female,25-55,148,-1.4469194,.02426276,-1.4704355,.0361575,9.9390669,.47313032
IRL,2010,Female,25-55,149,-1.4267474,.02624765,-1.4465513,.038272481,9.9545631,.47793788
IRL,2010,Female,25-55,150,-1.4065756,.028038809,-1.422667,.041154191,9.9700584,.48249957
IRL,2010,Female,25-55,151,-1.3864038,.02756387,-1.3987827,.04311011,9.9855547,.48716694
IRL,2010,Female,25-55,152,-1.3662319,.02599005,-1.3748986,.04496092,10.001051,.49255317
IRL,2010,Female,25-55,153,-1.34606,.031220309,-1.3510143,.044732239,10.016547,.49869683
IRL,2010,Female,25-55,154,-1.3258882,.04036374,-1.3271298,.0426808,10.032042,.50521153
IRL,2010,Female,25-55,155,-1.3057163,.03785364,-1.3032457,.042969529,10.047538,.51258528
IRL,2010,Female,25-55,156,-1.2855444,.035554789,-1.2793614,.045163371,10.063034,.52013123
IRL,2010,Female,25-55,157,-1.2653726,.035198782,-1.2554772,.047146901,10.07853,.52835917
IRL,2010,Female,25-55,158,-1.2452008,.033556558,-1.2315929,.05010353,10.094026,.53603011
IRL,2010,Female,25-55,159,-1.2250289,.036118008,-1.2077086,.051380519,10.109522,.54311335
IRL,2010,Female,25-55,160,-1.204857,.03617923,-1.1838244,.05053338,10.125018,.55021405
IRL,2010,Female,25-55,161,-1.1846851,.033543389,-1.1599401,.051532041,10.140514,.55725449
IRL,2010,Female,25-55,162,-1.1645133,.037470859,-1.1360558,.05540799,10.15601,.56399989
IRL,2010,Female,25-55,163,-1.1443413,.04000872,-1.1121716,.059929039,10.171506,.57053417
IRL,2010,Female,25-55,164,-1.1241695,.04140956,-1.0882874,.063321419,10.187002,.5768832
IRL,2010,Female,25-55,165,-1.1039977,.04044798,-1.0644031,.066173993,10.202498,.58228981
IRL,2010,Female,25-55,166,-1.0838258,.033291049,-1.0405188,.069858342,10.217994,.58719969
IRL,2010,Female,25-55,167,-1.0636539,.03250334,-1.0166345,.07324075,10.23349,.59083074
IRL,2010,Female,25-55,168,-1.0434821,.04041734,-.99275029,.0765073,10.248986,.59315091
IRL,2010,Female,25-55,169,-1.0233102,.043889958,-.96886599,.078934252,10.264481,.59431857
IRL,2010,Female,25-55,170,-1.0031384,.045813691,-.94498175,.079533987,10.279977,.59451705
IRL,2010,Female,25-55,171,-.98296648,.05176669,-.92109746,.081285402,10.295473,.5942058
IRL,2010,Female,25-55,172,-.96279466,.051091999,-.89721322,.086367071,10.310969,.5935747
IRL,2010,Female,25-55,173,-.94262278,.048450749,-.87332892,.0928609,10.326465,.59255141
IRL,2010,Female,25-55,174,-.9224509,.051550671,-.84944469,.098065451,10.341961,.59113944
IRL,2010,Female,25-55,175,-.90227908,.058279801,-.82556045,.10144311,10.357457,.58997661
IRL,2010,Female,25-55,176,-.8821072,.062987782,-.80167615,.10441188,10.372953,.58876771
IRL,2010,Female,25-55,177,-.86193532,.066124223,-.77779192,.10785987,10.388449,.58802736
IRL,2010,Female,25-55,178,-.84176344,.071103662,-.75390762,.11251574,10.403945,.58757645
IRL,2010,Female,25-55,179,-.82159162,.072513416,-.73002338,.11719869,10.419441,.58648235
IRL,2010,Female,25-55,180,-.80141973,.074328624,-.70613909,.12177703,10.434937,.58627319
IRL,2010,Female,25-55,181,-.78124785,.078936636,-.68225485,.12686084,10.450433,.58587372
IRL,2010,Female,25-55,182,-.76107603,.08138866,-.65837061,.13583259,10.465929,.58614635
IRL,2010,Female,25-55,183,-.74090415,.08975219,-.63448632,.14494213,10.481424,.58604437
IRL,2010,Female,25-55,184,-.72073227,.09252505,-.61060208,.15499042,10.49692,.5862844
IRL,2010,Female,25-55,185,-.70056039,.086074591,-.58671778,.16375616,10.512416,.58703738
IRL,2010,Female,25-55,186,-.68038857,.089046523,-.56283355,.17235655,10.527912,.58792263
IRL,2010,Female,25-55,187,-.66021669,.090674862,-.53894925,.18171848,10.543408,.58858466
IRL,2010,Female,25-55,188,-.64004481,.097454287,-.51506501,.19338173,10.558904,.58784646
IRL,2010,Female,25-55,189,-.61987299,.10353476,-.49118075,.20195277,10.5744,.58599818
IRL,2010,Female,25-55,190,-.59970111,.10485144,-.46729648,.20528968,10.589896,.58315152
IRL,2010,Female,25-55,191,-.57952923,.10487665,-.44341221,.20584999,10.605392,.57967138
IRL,2010,Female,25-55,192,-.55935735,.11077495,-.41952795,.20866892,10.620888,.5754959
IRL,2010,Female,25-55,193,-.53918552,.12381139,-.39564371,.21874692,10.636384,.56991678
IRL,2010,Female,25-55,194,-.51901364,.11883362,-.37175944,.2355625,10.65188,.56276757
IRL,2010,Female,25-55,195,-.49884179,.11597797,-.34787518,.25482047,10.667376,.55500221
IRL,2010,Female,25-55,196,-.47866991,.1280607,-.32399091,.27366018,10.682872,.54637164
IRL,2010,Female,25-55,197,-.45849806,.13811719,-.30010664,.29233161,10.698368,.53645056
IRL,2010,Female,25-55,198,-.43832621,.1442966,-.27622238,.31520966,10.713863,.52525771
IRL,2010,Female,25-55,199,-.41815433,.150279,-.25233811,.34254441,10.729359,.51317447
IRL,2010,Female,25-55,200,-.39798248,.16116731,-.22845386,.37744203,10.744855,.50135201
IRL,2010,Female,25-55,201,-.3778106,.16260257,-.20456959,.41753548,10.760351,.48920962
IRL,2010,Female,25-55,202,-.35763875,.17855325,-.18068533,.46388143,10.775847,.4772279
IRL,2010,Female,25-55,203,-.33746687,.19454673,-.15680107,.5130614,10.791343,.46473077
IRL,2010,Female,25-55,204,-.31729501,.19871832,-.13291681,.57021612,10.806839,.45203471
IRL,2010,Female,25-55,205,-.29712316,.21630274,-.10903254,.65061837,10.822335,.43949756
IRL,2010,Female,25-55,206,-.27695128,.22588179,-.085148282,.7563554,10.837831,.4267956
IRL,2010,Female,25-55,207,-.25677943,.24096113,-.061264019,.887995,10.853327,.4132596
IRL,2010,Female,25-55,208,-.23660757,.26056072,-.03737976,1.0260381,10.868823,.39894253
IRL,2010,Female,25-55,209,-.2164357,.2732814,-.01349549,1.1511859,10.884319,.38430855
IRL,2010,Female,25-55,210,-.19626383,.28442326,.01038877,1.2508013,10.899815,.36930257
IRL,2010,Female,25-55,211,-.17609197,.31378272,.034273028,1.3315784,10.915311,.35426936
IRL,2010,Female,25-55,212,-.1559201,.35731584,.058157299,1.3921833,10.930807,.33931571
IRL,2010,Female,25-55,213,-.13574825,.38321471,.082041562,1.4439818,10.946302,.32451153
IRL,2010,Female,25-55,214,-.11557639,.41802245,.10592582,1.4792519,10.961798,.30945921
IRL,2010,Female,25-55,215,-.095404521,.50105357,.12981008,1.4859732,10.977294,.29426685
IRL,2010,Female,25-55,216,-.075232662,.58299953,.15369435,1.4644351,10.99279,.27925915
IRL,2010,Female,25-55,217,-.0550608,.69340461,.17757861,1.4143378,11.008286,.26423979
IRL,2010,Female,25-55,218,-.034888931,.8686412,.20146286,1.3320808,11.023782,.24915645
IRL,2010,Female,25-55,219,-.01471707,1.0998179,.22534713,1.2167929,11.039278,.23466875
IRL,2010,Female,25-55,220,.0054547898,1.4779342,.2492314,1.0850192,11.054774,.22089569
IRL,2010,Female,25-55,221,.025626659,2.0677056,.27311566,.94811541,11.07027,.2079466
IRL,2010,Female,25-55,222,.045798521,3.3050358,.29699993,.82894903,11.085766,.19590046
IRL,2010,Female,25-55,223,.065970384,4.7616134,.3208842,.7335012,11.101262,.18461303
IRL,2010,Female,25-55,224,.086142249,4.7645736,.34476846,.66284347,11.116758,.17399973
IRL,2010,Female,25-55,225,.10631411,3.6600249,.3686527,.60511005,11.132254,.16403592
IRL,2010,Female,25-55,226,.12648597,2.5519941,.39253697,.55245948,11.14775,.15483528
IRL,2010,Female,25-55,227,.14665784,1.757663,.41642123,.50128716,11.163245,.1458416
IRL,2010,Female,25-55,228,.16682971,1.3294604,.4403055,.45747709,11.178741,.13696946
IRL,2010,Female,25-55,229,.18700156,1.0742778,.46418977,.41671234,11.194237,.12864698
IRL,2010,Female,25-55,230,.20717344,.90006155,.48807403,.37803265,11.209733,.12074734
IRL,2010,Female,25-55,231,.22734529,.78045577,.5119583,.34693965,11.225229,.1130302
IRL,2010,Female,25-55,232,.24751715,.67167294,.53584254,.32270738,11.240725,.10560539
IRL,2010,Female,25-55,233,.26768902,.57938153,.55972683,.30119082,11.256221,.098914713
IRL,2010,Female,25-55,234,.28786087,.51341134,.58361107,.28089371,11.271717,.093018867
IRL,2010,Female,25-55,235,.30803275,.4695017,.60749537,.26166046,11.287213,.087364309
IRL,2010,Female,25-55,236,.3282046,.41766506,.6313796,.24137716,11.302709,.082034059
IRL,2010,Female,25-55,237,.34837648,.36758524,.65526384,.22606719,11.318205,.076935522
IRL,2010,Female,25-55,238,.36854833,.34295857,.67914814,.21676403,11.333701,.071919948
IRL,2010,Female,25-55,239,.38872018,.30088258,.70303237,.20855117,11.349197,.067100592
IRL,2010,Female,25-55,240,.40889207,.26113376,.72691667,.19873717,11.364693,.062475719
IRL,2010,Female,25-55,241,.42906392,.24716027,.75080091,.18833567,11.380189,.058422949
IRL,2010,Female,25-55,242,.44923577,.24781433,.7746852,.17528845,11.395684,.054706849
IRL,2010,Female,25-55,243,.46940765,.24170654,.79856944,.16234472,11.41118,.051505011
IRL,2010,Female,25-55,244,.4895795,.23014434,.82245368,.15120469,11.426676,.048469622
IRL,2010,Female,25-55,245,.50975138,.19632828,.84633797,.14205116,11.442172,.0456254
IRL,2010,Female,25-55,246,.52992326,.17707168,.87022221,.13427085,11.457668,.042973481
IRL,2010,Female,25-55,247,.55009508,.16601934,.89410651,.12793177,11.473164,.040399209
IRL,2010,Female,25-55,248,.57026696,.14983536,.91799074,.1240798,11.48866,.03787284
IRL,2010,Female,25-55,249,.59043884,.14883751,.94187504,.11876522,11.504156,.03552996
IRL,2010,Female,25-55,250,.61061066,.14512049,.96575928,.11313955,11.519652,.03337536
IRL,2010,Female,25-55,251,.63078254,.13907015,.98964351,.10635729,11.535148,.031150799
IRL,2010,Female,25-55,252,.65095443,.13111468,1.0135278,.10032149,11.550644,.029002661
IRL,2010,Female,25-55,253,.67112631,.11676992,1.037412,.095528923,11.56614,.027117301
IRL,2010,Female,25-55,254,.69129813,.10899505,1.0612963,.093021743,11.581636,.02544979
IRL,2010,Female,25-55,255,.71147001,.11281139,1.0851806,.08998403,11.597132,.02397202
IRL,2010,Female,25-55,256,.73164189,.10790367,1.1090649,.087333202,11.612628,.0228092
IRL,2010,Female,25-55,257,.75181371,.10217301,1.1329491,.08422865,11.628123,.02172198
IRL,2010,Female,25-55,258,.77198559,.10284649,1.1568334,.079997778,11.643619,.020801229
IRL,2010,Female,25-55,259,.79215747,.094376482,1.1807176,.076281957,11.659115,.01984599
IRL,2010,Female,25-55,260,.81232929,.08179009,1.2046019,.072585851,11.674611,.01879156
IRL,2010,Female,25-55,261,.83250117,.082554907,1.2284862,.06833379,11.690107,.01779894
IRL,2010,Female,25-55,262,.85267305,.083799973,1.2523704,.063418262,11.705603,.0168461
IRL,2010,Female,25-55,263,.87284493,.079257533,1.2762547,.058944479,11.721099,.016017741
IRL,2010,Female,25-55,264,.89301676,.076928452,1.300139,.0548664,11.736595,.01530522
IRL,2010,Female,25-55,265,.91318864,.06374789,1.3240232,.05216876,11.752091,.01463535
IRL,2010,Female,25-55,266,.93336052,.058449339,1.3479075,.050540019,11.767587,.01394567
IRL,2010,Female,25-55,267,.95353234,.055397511,1.3717917,.049704429,11.783083,.01320927
IRL,2010,Female,25-55,268,.97370422,.056144331,1.395676,.048123151,11.798579,.01249302
IRL,2010,Female,25-55,269,.9938761,.060223568,1.4195603,.046086341,11.814075,.01192953
IRL,2010,Female,25-55,270,1.014048,.055027328,1.4434445,.043469269,11.829571,.01142699
IRL,2010,Female,25-55,271,1.0342197,.053975571,1.4673288,.04129032,11.845066,.01097848
IRL,2010,Female,25-55,272,1.0543917,.05663766,1.4912131,.03992866,11.860562,.01057137
IRL,2010,Female,25-55,273,1.0745635,.055825401,1.5150973,.039381571,11.876058,.01022672
IRL,2010,Female,25-55,274,1.0947354,.04556476,1.5389816,.03859308,11.891554,.0098694498
IRL,2010,Female,25-55,275,1.1149073,.04282492,1.5628659,.037669089,11.90705,.0096084997
IRL,2010,Female,25-55,276,1.1350791,.047102559,1.5867501,.034949139,11.922546,.0094453199
IRL,2010,Female,25-55,277,1.155251,.051451389,1.6106344,.032654099,11.938042,.0093300296
IRL,2010,Female,25-55,278,1.1754229,.054698329,1.6345186,.03149154,11.953538,.0093180798
IRL,2010,Female,25-55,279,1.1955947,.052755561,1.6584029,.03083658,11.969034,.0093270401
IRL,2010,Female,25-55,280,1.2157665,.048140168,1.6822872,.030568359,11.98453,.00921591
IRL,2010,Female,25-55,281,1.2359384,.041708428,1.7061714,.030337021,12.000026,.0090696802
IRL,2010,Female,25-55,282,1.2561103,.039119251,1.7300557,.02901422,12.015522,.0088722697
IRL,2010,Female,25-55,283,1.2762822,.04368376,1.75394,.02756799,12.031018,.0085922703
IRL,2010,Female,25-55,284,1.296454,.040444851,1.7778242,.02663549,12.046514,.0083051696
IRL,2010,Female,25-55,285,1.316626,.03089807,1.8017085,.0261657,12.06201,.0080096396
IRL,2010,Female,25-55,286,1.3367978,.032829858,1.8255928,.02533583,12.077505,.0076566199
IRL,2010,Female,25-55,287,1.3569696,.03374983,1.8494771,.02427542,12.093001,.0072829002
IRL,2010,Female,25-55,288,1.3771415,.030397169,1.8733613,.0236465,12.108497,.0068755401
IRL,2010,Female,25-55,289,1.3973134,.026184751,1.8972455,.023072051,12.123993,.0064257002
IRL,2010,Female,25-55,290,1.4174852,.022314429,1.9211298,.02294072,12.139489,.0059632198
IRL,2010,Female,25-55,291,1.4376571,.023227699,1.9450141,.02263662,12.154985,.00552782
IRL,2010,Female,25-55,292,1.4578289,.02775027,1.9688983,.02187218,12.170481,.0051203198
IRL,2010,Female,25-55,293,1.4780008,.02877943,1.9927826,.021071831,12.185977,.0047623799
IRL,2010,Female,25-55,294,1.4981726,.02605504,2.0166669,.01958004,12.201473,.0044058901
IRL,2010,Female,25-55,295,1.5183445,.023894619,2.0405512,.019646199,12.216969,.00407671
IRL,2010,Female,25-55,296,1.5385164,.020992531,2.0644355,.01999642,12.232465,.0038131699
IRL,2010,Female,25-55,297,1.5586883,.017819351,2.0883195,.019111359,12.247961,.0036118401
IRL,2010,Female,25-55,298,1.57886,.017095171,2.1122038,.017644919,12.263457,.0034618599
IRL,2010,Female,25-55,299,1.599032,.01608897,2.1360881,.01636499,12.278953,.0033630801
IRL,2010,Female,25-55,300,1.6192038,.01878101,2.1599724,.01456574,12.294449,.0032558299
IRL,2010,Female,25-55,301,1.6393757,.019477131,2.1838567,.01429426,12.309944,.0031451499
IRL,2010,Female,25-55,302,1.6595476,.01942786,2.2077408,.01374743,12.32544,.00303373
IRL,2010,Female,25-55,303,1.6797194,.01713312,2.2316253,.01305465,12.340936,.00286603
IRL,2010,Female,25-55,304,1.6998913,.018388109,2.2555096,.0116734,12.356432,.0026700399
IRL,2010,Female,25-55,305,1.7200632,.01636854,2.2793937,.01015902,12.371928,.0024971101
IRL,2010,Female,25-55,306,1.740235,.01288232,2.303278,.0095343199,12.387424,.00232716
IRL,2010,Female,25-55,307,1.7604069,.01347462,2.3271623,.0094264001,12.40292,.00216301
IRL,2010,Female,25-55,308,1.7805789,.01368991,2.3510466,.0095029101,12.418416,.0020079999
IRL,2010,Female,25-55,309,1.8007506,.0139131,2.3749309,.0098818401,12.433912,.00181954
IRL,2010,Female,25-55,310,1.8209225,.01373626,2.3988149,.01008129,12.449408,.0016178699
IRL,2010,Female,25-55,311,1.8410943,.01473531,2.4226992,.01000384,12.464904,.00145242
IRL,2010,Female,25-55,312,1.8612663,.01424056,2.4465835,.01049284,12.4804,.00131984
IRL,2010,Female,25-55,313,1.8814381,.0104731,2.4704678,.01015838,12.495896,.00120908
IRL,2010,Female,25-55,314,1.9016099,.0094215404,2.4943521,.0091272499,12.511392,.0011181399
IRL,2010,Female,25-55,315,1.9217818,.01058782,2.5182364,.0074539101,12.526888,.00102383
IRL,2010,Female,25-55,316,1.9419537,.0092387004,2.5421207,.0058838101,12.542383,.00092952
IRL,2010,Female,25-55,317,1.9621255,.00848871,2.566005,.0048349099,12.557879,.00087693002
IRL,2010,Female,25-55,318,1.9822974,.0087925503,2.589889,.00491965,12.573375,.00084256002
IRL,2010,Female,25-55,319,2.0024693,.0084331501,2.6137733,.0052232398,12.588871,.00079173001
IRL,2010,Female,25-55,320,2.0226412,.0091812899,2.6376576,.0049935798,12.604367,.00076209998
IRL,2010,Female,25-55,321,2.0428131,.0077499798,2.6615419,.00446263,12.619863,.00073531002
IRL,2010,Female,25-55,322,2.0629847,.0070855902,2.6854262,.00356571,12.635359,.00073292002
IRL,2010,Female,25-55,323,2.0831566,.00768155,2.7093105,.0030352201,12.650855,.00072436
IRL,2010,Female,25-55,324,2.1033287,.0086360797,2.7331946,.0030779401,12.666351,.00069324003
IRL,2010,Female,25-55,325,2.1235003,.0075993701,2.7570789,.0031995401,12.681847,.00067858002
IRL,2010,Female,25-55,326,2.1436722,.00672082,2.7809632,.00302065,12.697343,.0006727
IRL,2010,Female,25-55,327,2.1638441,.0078478297,2.8048475,.00324177,12.712839,.00065576
IRL,2010,Female,25-55,328,2.184016,.0057264902,2.8287318,.0030219799,12.728335,.00065732998
IRL,2010,Female,25-55,329,2.2041879,.00444159,2.8526161,.0027119699,12.743831,.00065428001
IRL,2010,Female,25-55,330,2.2243598,.0038642499,2.8765004,.0024816601,12.759326,.00063898001
IRL,2010,Female,25-55,331,2.2445316,.00374471,2.9003847,.0021250499,12.774822,.00062235002
IRL,2010,Female,25-55,332,2.2647035,.0049368101,2.9242687,.00165844,12.790318,.00061982998
IRL,2010,Female,25-55,333,2.2848754,.0046844902,2.948153,.00155569,12.805814,.00061664003
IRL,2010,Female,25-55,334,2.3050473,.0047096,2.9720373,.00141103,12.82131,.00059933
IRL,2010,Female,25-55,335,2.3252192,.00405289,2.9959216,.0013616,12.836806,.0005661
IRL,2010,Female,25-55,336,2.3453908,.00186323,3.0198059,.00131184,12.852302,.00051763002
IRL,2010,Female,25-55,337,2.3655629,.00262082,3.0436902,.00142296,12.867798,.00046720001
IRL,2010,Female,25-55,338,2.3857346,.00409126,3.0675745,.0013629,12.883294,.00042483999
IRL,2010,Female,25-55,339,2.4059064,.0028502101,3.0914588,.00114885,12.89879,.00037592
IRL,2010,Female,25-55,340,2.4260783,.00163901,3.1153429,.0010411,12.914286,.00034480999
IRL,2010,Female,25-55,341,2.4462502,.0020067899,3.1392272,.00072493998,12.929782,.00031224001
IRL,2010,Female,25-55,342,2.4664221,.0023802901,3.1631114,.00048829999,12.945278,.00030360001
IRL,2010,Female,25-55,343,2.486594,.001724,3.1869957,.00067641999,12.960774,.00029153001
IRL,2010,Female,25-55,344,2.5067658,.00187112,3.21088,.00086278003,12.97627,.00027017001
IRL,2010,Female,25-55,345,2.5269377,.00225443,3.2347641,.00094324001,12.991765,.00024580001
IRL,2010,Female,25-55,346,2.5471096,.0029198001,3.2586484,.0010703499,13.007261,.00022051
IRL,2010,Female,25-55,347,2.5672815,.00289522,3.2825327,.00102352,13.022757,.00019124
IRL,2010,Female,25-55,348,2.5874534,.00145321,3.306417,.00075923,13.038253,.00017593001
IRL,2010,Female,25-55,349,2.607625,.00093530997,3.3303013,.00047835999,13.053749,.00016131
IRL,2010,Female,25-55,350,2.6277969,.00081689999,3.3541856,.00030337,13.069245,.00015214
IRL,2010,Female,25-55,351,2.647969,.00072105997,3.3780699,.00024468001,13.084741,.00013899
IRL,2010,Female,25-55,352,2.6681406,.0011084001,3.4019542,.00019496,13.100237,.00012863999
IRL,2010,Female,25-55,353,2.6883125,.00108026,3.4258382,.00027923999,13.115733,.00012223001
IRL,2010,Female,25-55,354,2.7084844,.00049131003,3.4497225,.00032694,13.131229,.00011317
IRL,2010,Female,25-55,355,2.7286563,0,3.4736068,.00028134999,13.146725,.00010146
IRL,2010,Female,25-55,356,2.7488282,0,3.4974911,.00019565001,13.162221,.000087100001
IRL,2010,Female,25-55,357,2.7690001,0,3.5213754,.00014212,13.177717,.00007319
IRL,2010,Female,25-55,358,2.7891719,.00016618001,3.5452597,.000041930001,13.193213,.000065920001
IRL,2010,Female,25-55,359,2.8093438,.00042813001,3.569144,0,13.208709,.00005468
IRL,2010,Female,25-55,360,2.8295157,.00030146999,3.5930283,0,13.224204,.000051909999
IRL,2010,Female,25-55,361,2.8496876,.00063889002,3.6169124,0,13.2397,.000047940001
IRL,2010,Female,25-55,362,2.8698595,.00070027,3.6407967,0,13.255196,.000051880001
IRL,2010,Female,25-55,363,2.8900311,.00016842,3.664681,0,13.270692,.00005766
IRL,2010,Female,25-55,364,2.9102032,.00040362999,3.6885653,0,13.286188,.000062109997
IRL,2010,Female,25-55,365,2.9303751,.00143115,3.7124496,0,13.301684,.00006523
IRL,2010,Female,25-55,366,2.9505467,.00130111,3.7363338,0,13.31718,.000067020002
IRL,2010,Female,25-55,367,2.9707186,.00042803001,3.7602179,0,13.332676,.00006749
IRL,2010,Female,25-55,368,2.9908905,.00016409,3.7841022,0,13.348172,.000066629997
IRL,2010,Female,25-55,369,3.0110624,0,3.8079865,0,13.363668,.000064439999
IRL,2010,Female,25-55,370,3.0312343,0,3.8318708,0,13.379164,.00006093
IRL,2010,Female,25-55,371,3.0514061,0,3.8557551,0,13.39466,.000061819999
IRL,2010,Female,25-55,372,3.071578,0,3.8796394,0,13.410156,.000067790003
IRL,2010,Female,25-55,373,3.0917499,0,3.9035237,0,13.425652,.00007111
IRL,2010,Female,25-55,374,3.1119218,0,3.927408,0,13.441147,.000071770002
IRL,2010,Female,25-55,375,3.1320937,0,3.951292,0,13.456643,.000069790003
IRL,2010,Female,25-55,376,3.1522653,.00035305999,3.9751763,0,13.472139,.000065150001
IRL,2010,Female,25-55,377,3.1724372,.00038295999,3.9990606,.00011481,13.487635,.00005866
IRL,2010,Female,25-55,378,3.1926093,0,4.0229449,.00018344,13.503131,.000062840001
IRL,2010,Female,25-55,379,3.212781,0,4.0468292,.00020541,13.518627,.000065699998
IRL,2010,Female,25-55,380,3.2329528,0,4.0707135,.00018074,13.534123,.000067219997
IRL,2010,Female,25-55,381,3.2531247,0,4.0945978,.00010941,13.549619,.000067419998
IRL,2010,Female,25-55,382,3.2732966,0,4.1184821,0,13.565115,.000066289998
IRL,2010,Female,25-55,383,3.2934685,0,4.1423664,0,13.580611,.000063840002
IRL,2010,Female,25-55,384,3.3136404,0,4.1662507,0,13.596107,.00006006
IRL,2010,Female,25-55,385,3.3338122,0,4.190135,0,13.611603,.00005495
IRL,2010,Female,25-55,386,3.3539841,0,4.2140188,0,13.627099,.000056289999
IRL,2010,Female,25-55,387,3.374156,0,4.2379031,0,13.642595,.000060449998
IRL,2010,Female,25-55,388,3.3943279,0,4.2617874,0,13.658091,.000061960003
IRL,2010,Female,25-55,389,3.4144998,0,4.2856717,0,13.673586,.000060819999
IRL,2010,Female,25-55,390,3.4346714,0,4.309556,0,13.689082,.00005703
IRL,2010,Female,25-55,391,3.4548433,0,4.3334403,0,13.704578,.00005414
IRL,2010,Female,25-55,392,3.4750154,0,4.3573246,0,13.720074,.00005943
IRL,2010,Female,25-55,393,3.495187,0,4.3812089,0,13.73557,.000063389998
IRL,2010,Female,25-55,394,3.5153589,0,4.4050932,0,13.751066,.000066029999
IRL,2010,Female,25-55,395,3.5355308,0,4.4289775,0,13.766562,.000067339999
IRL,2010,Female,25-55,396,3.5557027,0,4.4528618,.000038800001,13.782058,.000067330002
IRL,2010,Female,25-55,397,3.5758746,0,4.4767461,.00014016,13.797554,.000065990003
IRL,2010,Female,25-55,398,3.5960464,0,4.5006304,.00019486999,13.81305,.000063320003
IRL,2010,Female,25-55,399,3.6162183,.00039025,4.5245142,.00020292999,13.828546,.000059319998
IRL,2010,Female,25-55,400,3.6363902,.00034294999,4.5483985,.00016434,13.844042,.000054
IRL,2015,Female,25-55,1,-5.0727787,.00028832001,-4.7061901,.00013107,7.6510768,.0093460698
IRL,2015,Female,25-55,2,-5.0503736,.00033113,-4.6846294,.0001734,7.6688952,.01264919
IRL,2015,Female,25-55,3,-5.0279684,0,-4.6630688,.00031413001,7.6867142,.016209271
IRL,2015,Female,25-55,4,-5.0055633,0,-4.6415081,.00049224001,7.7045326,.01996813
IRL,2015,Female,25-55,5,-4.9831581,0,-4.6199474,.00063347002,7.7223511,.02394155
IRL,2015,Female,25-55,6,-4.960753,0,-4.5983868,.00066813,7.74017,.02799724
IRL,2015,Female,25-55,7,-4.9383478,0,-4.5768261,.00062457001,7.7579885,.03210948
IRL,2015,Female,25-55,8,-4.9159427,0,-4.5552659,.00054724998,7.7758074,.036156289
IRL,2015,Female,25-55,9,-4.8935375,0,-4.5337052,.00038468,7.7936258,.03997954
IRL,2015,Female,25-55,10,-4.8711324,0,-4.5121446,.00017219,7.8114443,.043399218
IRL,2015,Female,25-55,11,-4.8487272,0,-4.4905839,.00003766,7.8292632,.04648174
IRL,2015,Female,25-55,12,-4.8263221,0,-4.4690232,0,7.8470817,.049168251
IRL,2015,Female,25-55,13,-4.8039169,0,-4.4474626,0,7.8649001,.051298268
IRL,2015,Female,25-55,14,-4.7815118,0,-4.4259019,0,7.882719,.05264179
IRL,2015,Female,25-55,15,-4.7591066,0,-4.4043412,0,7.9005375,.05353906
IRL,2015,Female,25-55,16,-4.7367015,0,-4.3827806,0,7.9183564,.054457288
IRL,2015,Female,25-55,17,-4.7142963,0,-4.3612199,0,7.9361749,.05543039
IRL,2015,Female,25-55,18,-4.6918912,0,-4.3396592,0,7.9539933,.056327391
IRL,2015,Female,25-55,19,-4.669486,0,-4.318099,0,7.9718122,.057307161
IRL,2015,Female,25-55,20,-4.6470809,0,-4.2965384,0,7.9896307,.057984881
IRL,2015,Female,25-55,21,-4.6246758,0,-4.2749777,0,8.0074492,.058383569
IRL,2015,Female,25-55,22,-4.6022706,0,-4.253417,0,8.0252676,.05880117
IRL,2015,Female,25-55,23,-4.5798655,.00022396,-4.2318563,0,8.043087,.059331559
IRL,2015,Female,25-55,24,-4.5574603,.00070431002,-4.2102957,0,8.0609055,.05999038
IRL,2015,Female,25-55,25,-4.5350552,.00041176999,-4.188735,.0001099,8.0787239,.06081263
IRL,2015,Female,25-55,26,-4.51265,0,-4.1671743,.00022474999,8.0965424,.061847221
IRL,2015,Female,25-55,27,-4.4902449,0,-4.1456137,.00034510001,8.1143608,.06302458
IRL,2015,Female,25-55,28,-4.4678397,.00021621,-4.124053,.00043427001,8.1321793,.064320669
IRL,2015,Female,25-55,29,-4.4454346,.00035682,-4.1024928,.00045950001,8.1499987,.065648541
IRL,2015,Female,25-55,30,-4.4230294,.00011097,-4.0809317,.00047709999,8.1678171,.067153752
IRL,2015,Female,25-55,31,-4.4006243,0,-4.0593715,.00043149001,8.1856356,.068783261
IRL,2015,Female,25-55,32,-4.3782191,0,-4.0378108,.00030074001,8.203454,.070235386
IRL,2015,Female,25-55,33,-4.355814,0,-4.0162501,.00028081,8.2212725,.071386501
IRL,2015,Female,25-55,34,-4.3334088,0,-3.9946895,.00027007001,8.2390919,.072912678
IRL,2015,Female,25-55,35,-4.3110037,0,-3.9731288,.00026745,8.2569103,.074729636
IRL,2015,Female,25-55,36,-4.2885985,0,-3.9515681,.00023976,8.2747288,.076797932
IRL,2015,Female,25-55,37,-4.2661934,0,-3.9300077,.00016944,8.2925472,.07880076
IRL,2015,Female,25-55,38,-4.2437882,0,-3.9084468,.00014063,8.3103657,.080750227
IRL,2015,Female,25-55,39,-4.2213831,0,-3.8868864,.00015515,8.3281841,.082410187
IRL,2015,Female,25-55,40,-4.1989779,0,-3.8653257,.00021342,8.3460035,.083454289
IRL,2015,Female,25-55,41,-4.1765728,0,-3.843765,.00026828001,8.363822,.08441785
IRL,2015,Female,25-55,42,-4.1541677,.00022746,-3.8222044,.00033417999,8.3816404,.085373871
IRL,2015,Female,25-55,43,-4.1317625,.00035478,-3.8006437,.00043068,8.3994589,.086281382
IRL,2015,Female,25-55,44,-4.1093574,.000095650001,-3.7790833,.00053408003,8.4172773,.087506332
IRL,2015,Female,25-55,45,-4.0869522,0,-3.7575226,.0007344,8.4350967,.088758647
IRL,2015,Female,25-55,46,-4.0645471,0,-3.7359619,.00092602998,8.4529152,.090036273
IRL,2015,Female,25-55,47,-4.0421419,0,-3.7144012,.00109775,8.4707336,.091277622
IRL,2015,Female,25-55,48,-4.0197368,0,-3.6928408,.00129348,8.4885521,.092475913
IRL,2015,Female,25-55,49,-3.9973314,0,-3.6712801,.0014027799,8.5063705,.093850367
IRL,2015,Female,25-55,50,-3.9749262,0,-3.6497195,.00146304,8.5241899,.095361277
IRL,2015,Female,25-55,51,-3.9525211,.000068540001,-3.6281588,.00147227,8.5420084,.0967125
IRL,2015,Female,25-55,52,-3.9301159,.00035026,-3.6065981,.00129216,8.5598269,.09826681
IRL,2015,Female,25-55,53,-3.9077108,.00045257999,-3.5850377,.00114976,8.5776453,.10013135
IRL,2015,Female,25-55,54,-3.8853056,.00035809999,-3.5634768,.00105503,8.5954638,.10256795
IRL,2015,Female,25-55,55,-3.8629005,.00015911,-3.5419164,.00096610002,8.6132822,.10515453
IRL,2015,Female,25-55,56,-3.8404953,.00034359001,-3.5203557,.00102814,8.6311016,.10764423
IRL,2015,Female,25-55,57,-3.8180902,.00028707,-3.498795,.00108761,8.6489201,.10996085
IRL,2015,Female,25-55,58,-3.7956851,.00034037,-3.4772344,.0012747,8.6667385,.11237758
IRL,2015,Female,25-55,59,-3.7732799,.00027157,-3.4556737,.00172221,8.684557,.11472645
IRL,2015,Female,25-55,60,-3.7508748,0,-3.4341133,.0020358299,8.7023754,.11689682
IRL,2015,Female,25-55,61,-3.7284696,.000015670001,-3.4125526,.0021893601,8.7201948,.11894736
IRL,2015,Female,25-55,62,-3.7060645,.00033862001,-3.3909919,.00214719,8.7380133,.12100349
IRL,2015,Female,25-55,63,-3.6836593,.00027513001,-3.3694313,.00208136,8.7558317,.12348126
IRL,2015,Female,25-55,64,-3.6612542,0,-3.3478706,.0023759101,8.7736502,.12590888
IRL,2015,Female,25-55,65,-3.638849,0,-3.3263102,.00246928,8.7914686,.12828331
IRL,2015,Female,25-55,66,-3.6164439,0,-3.3047495,.00258803,8.8092871,.13064197
IRL,2015,Female,25-55,67,-3.5940387,0,-3.2831888,.00308957,8.8271065,.13296226
IRL,2015,Female,25-55,68,-3.5716336,.000039760002,-3.2616282,.00356286,8.8449249,.13540633
IRL,2015,Female,25-55,69,-3.5492284,.00034435,-3.2400675,.0037613099,8.8627434,.13779385
IRL,2015,Female,25-55,70,-3.5268233,.00027481001,-3.2185068,.0036622901,8.8805618,.14015387
IRL,2015,Female,25-55,71,-3.5044181,.00037051999,-3.1969464,.00347265,8.8983803,.14289242
IRL,2015,Female,25-55,72,-3.482013,.00102551,-3.1753857,.0035836301,8.9161997,.14599067
IRL,2015,Female,25-55,73,-3.4596078,.00097042002,-3.153825,.00369996,8.9340181,.14955933
IRL,2015,Female,25-55,74,-3.4372027,.00048695999,-3.1322644,.0040787901,8.9518366,.15328901
IRL,2015,Female,25-55,75,-3.4147975,.00081990001,-3.1107037,.0045248098,8.969655,.15715361
IRL,2015,Female,25-55,76,-3.3923924,.0010845,-3.0891433,.0047431602,8.9874735,.16124441
IRL,2015,Female,25-55,77,-3.3699872,.00074431999,-3.0675826,.0046419399,9.0052919,.16563222
IRL,2015,Female,25-55,78,-3.3475821,.00058514002,-3.0460219,.0043960698,9.0231113,.17007492
IRL,2015,Female,25-55,79,-3.325177,.00059458998,-3.0244613,.0040457002,9.0409298,.17432143
IRL,2015,Female,25-55,80,-3.3027718,.0012055,-3.0029006,.00368851,9.0587482,.17875235
IRL,2015,Female,25-55,81,-3.2803667,.00176866,-2.9813402,.0035244999,9.0765667,.18337443
IRL,2015,Female,25-55,82,-3.2579615,.00169801,-2.9597795,.00388821,9.0943851,.1881232
IRL,2015,Female,25-55,83,-3.2355564,.00228666,-2.9382188,.0046754801,9.1122046,.19319829
IRL,2015,Female,25-55,84,-3.2131512,.00193045,-2.9166582,.0057050399,9.130023,.19803876
IRL,2015,Female,25-55,85,-3.1907461,.00084815,-2.8950975,.00675066,9.1478415,.20374364
IRL,2015,Female,25-55,86,-3.1683407,.00073607999,-2.8735368,.0079971096,9.1656599,.21042092
IRL,2015,Female,25-55,87,-3.1459358,.00033514999,-2.8519764,.0089364899,9.1834784,.21685778
IRL,2015,Female,25-55,88,-3.1235304,.00001152,-2.8304157,.0094038304,9.2012978,.22279698
IRL,2015,Female,25-55,89,-3.1011255,.00062866998,-2.8088551,.0092754401,9.2191162,.22819231
IRL,2015,Female,25-55,90,-3.0787201,.00140355,-2.7872944,.0087006697,9.2369347,.23286699
IRL,2015,Female,25-55,91,-3.0563152,.0020043,-2.7657337,.00801217,9.2547531,.23699903
IRL,2015,Female,25-55,92,-3.0339098,.00230554,-2.7441733,.0075663701,9.2725716,.24049701
IRL,2015,Female,25-55,93,-3.0115049,.00226161,-2.7226126,.0073273098,9.290391,.24366528
IRL,2015,Female,25-55,94,-2.9890995,.00123691,-2.701052,.00779203,9.3082094,.24621703
IRL,2015,Female,25-55,95,-2.9666946,.00096480001,-2.6794913,.0084349997,9.3260279,.24863219
IRL,2015,Female,25-55,96,-2.9442892,.0029478001,-2.6579306,.0091446498,9.3438463,.25092176
IRL,2015,Female,25-55,97,-2.9218843,.0024755099,-2.6363702,.0097366096,9.3616648,.25273818
IRL,2015,Female,25-55,98,-2.8994789,.00212056,-2.6148095,.01023236,9.3794832,.25414285
IRL,2015,Female,25-55,99,-2.8770738,.0037942,-2.5932488,.01019843,9.3973026,.25550008
IRL,2015,Female,25-55,100,-2.8546686,.0047521,-2.5716882,.01032838,9.4151211,.25713763
IRL,2015,Female,25-55,101,-2.8322635,.0051346901,-2.5501275,.01053526,9.4329395,.25892857
IRL,2015,Female,25-55,102,-2.8098583,.0046085301,-2.5285668,.01052773,9.450758,.26107284
IRL,2015,Female,25-55,103,-2.7874532,.0041346299,-2.5070064,.01029908,9.4685764,.26366097
IRL,2015,Female,25-55,104,-2.765048,.0033398501,-2.4854457,.01040925,9.4863949,.2671701
IRL,2015,Female,25-55,105,-2.7426429,.00348561,-2.4638851,.0105659,9.5042143,.27232531
IRL,2015,Female,25-55,106,-2.7202377,.0047553601,-2.4423244,.01085613,9.5220327,.27826652
IRL,2015,Female,25-55,107,-2.6978326,.0045579602,-2.4207637,.01153671,9.5398512,.28477997
IRL,2015,Female,25-55,108,-2.6754274,.00436283,-2.3992033,.01294431,9.5576696,.29160234
IRL,2015,Female,25-55,109,-2.6530223,.0047649099,-2.3776426,.0149722,9.5754881,.29852059
IRL,2015,Female,25-55,110,-2.6306171,.0059008501,-2.356082,.01615707,9.5933075,.30587551
IRL,2015,Female,25-55,111,-2.608212,.00489874,-2.3345213,.01700986,9.6111259,.3137061
IRL,2015,Female,25-55,112,-2.5858068,.0041584,-2.3129606,.01785996,9.6289444,.32209164
IRL,2015,Female,25-55,113,-2.5634017,.0035302599,-2.2914002,.0182749,9.6467628,.33075109
IRL,2015,Female,25-55,114,-2.5409966,.00384249,-2.2698393,.017897241,9.6645813,.34144717
IRL,2015,Female,25-55,115,-2.5185914,.0043476201,-2.2482789,.017813349,9.6823997,.35252872
IRL,2015,Female,25-55,116,-2.4961863,.0063163899,-2.2267182,.01819502,9.7002192,.36296031
IRL,2015,Female,25-55,117,-2.4737811,.0072892499,-2.2051575,.019173531,9.7180376,.37269691
IRL,2015,Female,25-55,118,-2.451376,.0050172601,-2.1835968,.01958856,9.7358561,.38208947
IRL,2015,Female,25-55,119,-2.4289708,.0056404402,-2.1620364,.02023674,9.7536745,.39156899
IRL,2015,Female,25-55,120,-2.4065657,.0067031002,-2.1404757,.02113477,9.771493,.40089172
IRL,2015,Female,25-55,121,-2.3841605,.0073748198,-2.1189151,.02154807,9.7893124,.40952522
IRL,2015,Female,25-55,122,-2.3617554,.0090213902,-2.0973544,.021568511,9.8071308,.41794077
IRL,2015,Female,25-55,123,-2.3393502,.010236,-2.0757937,.0216508,9.8249493,.42521733
IRL,2015,Female,25-55,124,-2.3169451,.0092407595,-2.0542333,.022040529,9.8427677,.43160689
IRL,2015,Female,25-55,125,-2.2945399,.00908262,-2.0326724,.022380801,9.8605862,.43691385
IRL,2015,Female,25-55,126,-2.2721348,.0075451001,-2.011112,.022693031,9.8784056,.44115111
IRL,2015,Female,25-55,127,-2.2497296,.0068717101,-1.9895513,.023540519,9.896224,.44421998
IRL,2015,Female,25-55,128,-2.2273245,.0080656903,-1.9679908,.02466576,9.9140425,.44627059
IRL,2015,Female,25-55,129,-2.2049193,.0091440603,-1.94643,.02496629,9.9318609,.44823903
IRL,2015,Female,25-55,130,-2.1825142,.0088481503,-1.9248694,.025593409,9.9496794,.44993433
IRL,2015,Female,25-55,131,-2.1601088,.01039558,-1.9033087,.02707109,9.9674978,.45163497
IRL,2015,Female,25-55,132,-2.1377039,.0096416697,-1.8817482,.029528379,9.9853172,.45361808
IRL,2015,Female,25-55,133,-2.1152985,.0067834998,-1.8601875,.031820279,10.003136,.45753741
IRL,2015,Female,25-55,134,-2.0928936,.0056814798,-1.8386269,.033277299,10.020954,.4622395
IRL,2015,Female,25-55,135,-2.0704882,.0076404801,-1.8170663,.034478769,10.038773,.46687272
IRL,2015,Female,25-55,136,-2.0480833,.01007581,-1.7955056,.03562941,10.056591,.47116473
IRL,2015,Female,25-55,137,-2.0256779,.01093587,-1.773945,.034904759,10.07441,.47506618
IRL,2015,Female,25-55,138,-2.003273,.01243498,-1.7523844,.03439983,10.092229,.47916597
IRL,2015,Female,25-55,139,-1.9808677,.01343376,-1.7308238,.03398921,10.110047,.48342657
IRL,2015,Female,25-55,140,-1.9584626,.01427975,-1.7092632,.03394239,10.127866,.48782098
IRL,2015,Female,25-55,141,-1.9360574,.01306273,-1.6877025,.034819499,10.145685,.49211162
IRL,2015,Female,25-55,142,-1.9136523,.01491175,-1.6661419,.035623088,10.163503,.49725518
IRL,2015,Female,25-55,143,-1.8912472,.0143874,-1.6445813,.036251292,10.181322,.5024808
IRL,2015,Female,25-55,144,-1.868842,.01181888,-1.6230206,.03708512,10.19914,.50716281
IRL,2015,Female,25-55,145,-1.8464369,.01314238,-1.60146,.038154829,10.216959,.51142871
IRL,2015,Female,25-55,146,-1.8240317,.01490296,-1.5798994,.040339291,10.234778,.51529324
IRL,2015,Female,25-55,147,-1.8016264,.016209161,-1.5583388,.042609211,10.252596,.51898491
IRL,2015,Female,25-55,148,-1.7792213,.015812291,-1.5367782,.044967219,10.270415,.52245915
IRL,2015,Female,25-55,149,-1.7568161,.01718973,-1.5152175,.04833924,10.288234,.5254128
IRL,2015,Female,25-55,150,-1.734411,.016169131,-1.4936569,.051492881,10.306052,.52826506
IRL,2015,Female,25-55,151,-1.7120059,.01397302,-1.4720963,.053784911,10.323871,.53133583
IRL,2015,Female,25-55,152,-1.6896007,.018404741,-1.4505357,.05509105,10.341689,.53421295
IRL,2015,Female,25-55,153,-1.6671956,.02248789,-1.428975,.056692172,10.359508,.53719133
IRL,2015,Female,25-55,154,-1.6447904,.01834357,-1.4074144,.05819511,10.377327,.54095966
IRL,2015,Female,25-55,155,-1.6223853,.018176081,-1.3858538,.059188191,10.395145,.54422265
IRL,2015,Female,25-55,156,-1.5999801,.021848891,-1.3642932,.060163289,10.412964,.54556996
IRL,2015,Female,25-55,157,-1.577575,.019487301,-1.3427325,.06083319,10.430783,.54526395
IRL,2015,Female,25-55,158,-1.5551698,.01681342,-1.3211719,.06134573,10.448601,.54415989
IRL,2015,Female,25-55,159,-1.5327647,.01915835,-1.2996113,.06233846,10.46642,.54155529
IRL,2015,Female,25-55,160,-1.5103595,.020279311,-1.2780507,.063533567,10.484238,.53748101
IRL,2015,Female,25-55,161,-1.4879544,.02065083,-1.25649,.065165177,10.502057,.532942
IRL,2015,Female,25-55,162,-1.4655492,.020168209,-1.2349294,.066389978,10.519876,.52835172
IRL,2015,Female,25-55,163,-1.4431441,.01846564,-1.2133688,.067619108,10.537694,.52316022
IRL,2015,Female,25-55,164,-1.4207389,.019841829,-1.1918082,.068753071,10.555513,.51756716
IRL,2015,Female,25-55,165,-1.3983337,.02390663,-1.1702476,.068532974,10.573332,.51152349
IRL,2015,Female,25-55,166,-1.3759286,.026626401,-1.1486869,.068125851,10.59115,.50544286
IRL,2015,Female,25-55,167,-1.3535234,.030996431,-1.1271263,.068970352,10.608969,.49920291
IRL,2015,Female,25-55,168,-1.3311183,.02988789,-1.1055657,.071006142,10.626787,.49288809
IRL,2015,Female,25-55,169,-1.3087131,.028353591,-1.084005,.073219642,10.644606,.48664021
IRL,2015,Female,25-55,170,-1.2863081,.02824006,-1.0624444,.075572588,10.662425,.48024419
IRL,2015,Female,25-55,171,-1.2639028,.029135279,-1.0408838,.078498341,10.680243,.47379661
IRL,2015,Female,25-55,172,-1.2414978,.03018246,-1.0193232,.08130192,10.698062,.46749607
IRL,2015,Female,25-55,173,-1.2190925,.031670351,-.99776256,.082732178,10.715881,.46232474
IRL,2015,Female,25-55,174,-1.1966873,.038783129,-.97620189,.083601922,10.733699,.45746136
IRL,2015,Female,25-55,175,-1.1742822,.037691802,-.95464128,.085475057,10.751518,.45223913
IRL,2015,Female,25-55,176,-1.151877,.036663961,-.93308067,.088624828,10.769336,.44701898
IRL,2015,Female,25-55,177,-1.1294719,.03969416,-.91152006,.090746902,10.787155,.44224226
IRL,2015,Female,25-55,178,-1.1070668,.043554019,-.88995939,.093136653,10.804974,.43702808
IRL,2015,Female,25-55,179,-1.0846616,.04264278,-.86839879,.096211143,10.822792,.43146217
IRL,2015,Female,25-55,180,-1.0622565,.040478598,-.84683818,.098077931,10.840611,.42565161
IRL,2015,Female,25-55,181,-1.0398513,.044093572,-.82527757,.10080701,10.85843,.42011234
IRL,2015,Female,25-55,182,-1.017446,.049578901,-.8037169,.10354287,10.876248,.41387066
IRL,2015,Female,25-55,183,-.99504101,.051354099,-.78215629,.10875344,10.894067,.40697417
IRL,2015,Female,25-55,184,-.97263587,.04571902,-.76059568,.1151369,10.911885,.39905089
IRL,2015,Female,25-55,185,-.95023066,.040155619,-.73903507,.12246686,10.929704,.39055729
IRL,2015,Female,25-55,186,-.92782551,.04179636,-.7174744,.13004674,10.947523,.38172877
IRL,2015,Female,25-55,187,-.90542036,.051320121,-.69591379,.13620155,10.965341,.37302303
IRL,2015,Female,25-55,188,-.88301522,.055467211,-.67435318,.14120416,10.98316,.36372057
IRL,2015,Female,25-55,189,-.86061007,.05230476,-.65279257,.14740048,11.000979,.35280696
IRL,2015,Female,25-55,190,-.83820492,.055822451,-.6312319,.15490617,11.018797,.34062853
IRL,2015,Female,25-55,191,-.81579977,.06217324,-.60967129,.16297349,11.036616,.32713458
IRL,2015,Female,25-55,192,-.79339463,.064499013,-.58811069,.17071234,11.054434,.31233788
IRL,2015,Female,25-55,193,-.77098948,.068017706,-.56655002,.17718425,11.072253,.2963931
IRL,2015,Female,25-55,194,-.74858433,.069284163,-.54498941,.1843733,11.090072,.27955267
IRL,2015,Female,25-55,195,-.72617912,.067688838,-.5234288,.1902269,11.10789,.26301375
IRL,2015,Female,25-55,196,-.70377398,.072895989,-.50186819,.19899558,11.125709,.24683346
IRL,2015,Female,25-55,197,-.68136883,.082161367,-.48030755,.20936894,11.143528,.23110545
IRL,2015,Female,25-55,198,-.65896368,.087085649,-.45874691,.22274873,11.161346,.21556324
IRL,2015,Female,25-55,199,-.63655853,.098737933,-.4371863,.23632467,11.179165,.20078398
IRL,2015,Female,25-55,200,-.61415339,.098932348,-.41562566,.24897256,11.196983,.1866187
IRL,2015,Female,25-55,201,-.59174824,.099736571,-.39406505,.26029953,11.214802,.17278133
IRL,2015,Female,25-55,202,-.56934309,.10834923,-.37250441,.27302724,11.232621,.1595231
IRL,2015,Female,25-55,203,-.54693794,.11495182,-.3509438,.28351951,11.250439,.14687189
IRL,2015,Female,25-55,204,-.52453279,.12160822,-.32938316,.29447141,11.268258,.13522522
IRL,2015,Female,25-55,205,-.50212765,.12388504,-.30782253,.30789879,11.286077,.12469955
IRL,2015,Female,25-55,206,-.47972247,.12711819,-.28626192,.32615817,11.303895,.11565433
IRL,2015,Female,25-55,207,-.45731732,.13424157,-.26470128,.34486178,11.321714,.10764637
IRL,2015,Female,25-55,208,-.43491215,.14809106,-.24314067,.36291996,11.339532,.10023419
IRL,2015,Female,25-55,209,-.412507,.15764046,-.22158004,.3851085,11.357351,.093339078
IRL,2015,Female,25-55,210,-.39010185,.15335773,-.20001942,.41410321,11.37517,.086948194
IRL,2015,Female,25-55,211,-.3676967,.16030927,-.17845879,.44323289,11.392988,.080982603
IRL,2015,Female,25-55,212,-.34529155,.17879571,-.15689817,.47510624,11.410807,.075219683
IRL,2015,Female,25-55,213,-.32288641,.19461329,-.13533755,.51181084,11.428626,.06950666
IRL,2015,Female,25-55,214,-.30048126,.1995929,-.11377692,.55561626,11.446444,.064283967
IRL,2015,Female,25-55,215,-.27807608,.20166554,-.092216291,.60772884,11.464263,.05985821
IRL,2015,Female,25-55,216,-.25567093,.2070027,-.070655666,.67601812,11.482082,.056072298
IRL,2015,Female,25-55,217,-.23326579,.23331846,-.049095038,.75981838,11.4999,.052588601
IRL,2015,Female,25-55,218,-.21086062,.26748079,-.02753442,.86011755,11.517719,.049270891
IRL,2015,Female,25-55,219,-.18845548,.2835055,-.0059737898,.97518265,11.535537,.04604334
IRL,2015,Female,25-55,220,-.16605033,.30301863,.01558683,1.1022596,11.553356,.042994659
IRL,2015,Female,25-55,221,-.14364517,.33346269,.037147459,1.2222108,11.571175,.040206019
IRL,2015,Female,25-55,222,-.12124002,.38439137,.058708079,1.3189307,11.588993,.03767949
IRL,2015,Female,25-55,223,-.098834872,.46579888,.080268711,1.3796238,11.606812,.03532229
IRL,2015,Female,25-55,224,-.07642971,.57313329,.10182933,1.407341,11.624631,.03314691
IRL,2015,Female,25-55,225,-.054024559,.70174855,.12338996,1.3982383,11.642449,.031035449
IRL,2015,Female,25-55,226,-.031619411,.90436715,.14495058,1.3557374,11.660268,.029007699
IRL,2015,Female,25-55,227,-.0092142597,1.30782,.16651121,1.2898021,11.678086,.02726819
IRL,2015,Female,25-55,228,.0131909,2.1329527,.18807183,1.2109804,11.695905,.02553024
IRL,2015,Female,25-55,229,.03559605,3.2726383,.20963246,1.1246496,11.713724,.024011791
IRL,2015,Female,25-55,230,.058001202,4.0270753,.23119308,1.0374308,11.731542,.022690181
IRL,2015,Female,25-55,231,.08040636,3.8067379,.2527537,.94946063,11.749361,.021500589
IRL,2015,Female,25-55,232,.10281151,3.0328155,.27431434,.86670274,11.76718,.0203756
IRL,2015,Female,25-55,233,.12521666,2.2823923,.29587495,.79318321,11.784998,.0193648
IRL,2015,Female,25-55,234,.14762183,1.7478733,.31743559,.73026282,11.802817,.018638941
IRL,2015,Female,25-55,235,.17002697,1.4193755,.3389962,.67714465,11.820635,.0180356
IRL,2015,Female,25-55,236,.19243212,1.1791183,.36055684,.63110512,11.838454,.017493051
IRL,2015,Female,25-55,237,.21483727,.98222399,.38211745,.59114063,11.856273,.01690306
IRL,2015,Female,25-55,238,.23724243,.83440262,.40367809,.55585027,11.874091,.01629612
IRL,2015,Female,25-55,239,.25964758,.71657449,.4252387,.52133137,11.89191,.0157804
IRL,2015,Female,25-55,240,.28205273,.62070388,.44679934,.48818147,11.909729,.01525787
IRL,2015,Female,25-55,241,.3044579,.53704321,.46835995,.45711088,11.927547,.01480708
IRL,2015,Female,25-55,242,.32686305,.46569586,.48992059,.4267188,11.945366,.01435358
IRL,2015,Female,25-55,243,.3492682,.39912766,.51148123,.39990836,11.963184,.01389383
IRL,2015,Female,25-55,244,.37167335,.35993049,.53304183,.37763211,11.981003,.01331625
IRL,2015,Female,25-55,245,.39407849,.33457214,.55460244,.35913575,11.998822,.01266905
IRL,2015,Female,25-55,246,.41648364,.31190196,.57616305,.34395185,12.01664,.0121
IRL,2015,Female,25-55,247,.43888882,.28666034,.59772372,.32596675,12.034459,.01150764
IRL,2015,Female,25-55,248,.46129397,.25965461,.61928433,.30764183,12.052278,.01092704
IRL,2015,Female,25-55,249,.48369911,.24198151,.64084494,.28867665,12.070096,.01030815
IRL,2015,Female,25-55,250,.50610423,.22010519,.66240555,.2704719,12.087915,.0097582098
IRL,2015,Female,25-55,251,.52850944,.20372713,.68396622,.2543292,12.105733,.0092074499
IRL,2015,Female,25-55,252,.55091459,.20202908,.70552683,.239382,12.123552,.0086716097
IRL,2015,Female,25-55,253,.57331973,.18658736,.72708744,.22830226,12.141371,.0082019102
IRL,2015,Female,25-55,254,.59572488,.17201474,.74864811,.22107248,12.159189,.0077684601
IRL,2015,Female,25-55,255,.61813003,.15662348,.77020872,.21420768,12.177008,.0073858998
IRL,2015,Female,25-55,256,.64053518,.14846645,.79176933,.2062465,12.194827,.0070052198
IRL,2015,Female,25-55,257,.66294032,.14392146,.81332994,.19696181,12.212645,.0066261501
IRL,2015,Female,25-55,258,.68534547,.13392478,.8348906,.18782854,12.230464,.0063168202
IRL,2015,Female,25-55,259,.70775062,.12751174,.85645121,.17636865,12.248282,.00598541
IRL,2015,Female,25-55,260,.73015583,.12100307,.87801182,.16327149,12.266101,.0056705498
IRL,2015,Female,25-55,261,.75256097,.12409343,.89957243,.15213989,12.28392,.0053078998
IRL,2015,Female,25-55,262,.77496612,.11784193,.9211331,.14436761,12.301738,.0049562599
IRL,2015,Female,25-55,263,.79737127,.11162073,.94269371,.13746318,12.319557,.0045853201
IRL,2015,Female,25-55,264,.81977642,.10467982,.96425432,.13120952,12.337376,.0042360998
IRL,2015,Female,25-55,265,.84218156,.096502662,.98581499,.12689041,12.355194,.0039540599
IRL,2015,Female,25-55,266,.86458671,.098023467,1.0073756,.12513672,12.373013,.0036685299
IRL,2015,Female,25-55,267,.88699186,.091614053,1.0289361,.12100388,12.390831,.00337354
IRL,2015,Female,25-55,268,.90939701,.087229572,1.0504968,.11514862,12.40865,.00309712
IRL,2015,Female,25-55,269,.93180215,.087072536,1.0720575,.10956512,12.426469,.0029257301
IRL,2015,Female,25-55,270,.9542073,.081729978,1.0936182,.10519363,12.444287,.0028017301
IRL,2015,Female,25-55,271,.97661251,.076075301,1.1151787,.1009828,12.462106,.00271563
IRL,2015,Female,25-55,272,.99901766,.070214912,1.1367393,.096921712,12.479925,.0026343099
IRL,2015,Female,25-55,273,1.0214227,.072909661,1.1583,.092791907,12.497743,.00257477
IRL,2015,Female,25-55,274,1.0438279,.073044032,1.1798606,.090395562,12.515562,.0024890199
IRL,2015,Female,25-55,275,1.0662332,.07372345,1.2014211,.087709539,12.53338,.0023837399
IRL,2015,Female,25-55,276,1.0886382,.071264818,1.2229818,.084832549,12.551199,.00228422
IRL,2015,Female,25-55,277,1.1110435,.061517902,1.2445425,.081326902,12.569018,.0022225999
IRL,2015,Female,25-55,278,1.1334485,.056793518,1.2661031,.079078063,12.586836,.0021796201
IRL,2015,Female,25-55,279,1.1558537,.059251629,1.2876637,.077855423,12.604655,.00209633
IRL,2015,Female,25-55,280,1.1782589,.059961092,1.3092242,.07643909,12.622474,.0019789999
IRL,2015,Female,25-55,281,1.200664,.059920881,1.330785,.074380688,12.640292,.0018658499
IRL,2015,Female,25-55,282,1.2230692,.066120557,1.3523456,.072169892,12.658111,.00175233
IRL,2015,Female,25-55,283,1.2454743,.05897342,1.3739063,.069483079,12.675929,.00162387
IRL,2015,Female,25-55,284,1.2678795,.050138511,1.3954668,.067360647,12.693748,.00148874
IRL,2015,Female,25-55,285,1.2902846,.047975238,1.4170275,.064386413,12.711567,.001344
IRL,2015,Female,25-55,286,1.3126898,.040953841,1.4385881,.06177387,12.729385,.00120673
IRL,2015,Female,25-55,287,1.3350949,.040382631,1.4601487,.059528161,12.747204,.00108706
IRL,2015,Female,25-55,288,1.3575001,.04249765,1.4817092,.05666922,12.765023,.00100718
IRL,2015,Female,25-55,289,1.3799052,.041085601,1.50327,.0534597,12.782841,.00090092001
IRL,2015,Female,25-55,290,1.4023104,.038758822,1.5248306,.05116998,12.80066,.00080839999
IRL,2015,Female,25-55,291,1.4247155,.037051171,1.5463912,.04894653,12.818478,.00075135002
IRL,2015,Female,25-55,292,1.4471207,.036746461,1.5679518,.046955131,12.836297,.00071659999
IRL,2015,Female,25-55,293,1.4695258,.03083458,1.5895125,.044465881,12.854116,.00069061999
IRL,2015,Female,25-55,294,1.491931,.024852371,1.6110731,.042512979,12.871934,.00068921997
IRL,2015,Female,25-55,295,1.5143362,.02694229,1.6326337,.041399918,12.889753,.00071729999
IRL,2015,Female,25-55,296,1.5367413,.02856867,1.6541944,.03974963,12.907572,.00074807002
IRL,2015,Female,25-55,297,1.5591465,.02657802,1.675755,.037761949,12.92539,.00076705997
IRL,2015,Female,25-55,298,1.5815516,.02562419,1.6973156,.037393719,12.943209,.00078156998
IRL,2015,Female,25-55,299,1.6039568,.02615501,1.7188762,.037477579,12.961028,.00079672999
IRL,2015,Female,25-55,300,1.6263618,.02503637,1.7404368,.037897252,12.978846,.00080470002
IRL,2015,Female,25-55,301,1.6487671,.02154457,1.7619975,.037476931,12.996665,.00081453001
IRL,2015,Female,25-55,302,1.6711721,.016805241,1.7835581,.03660832,13.014483,.00081601
IRL,2015,Female,25-55,303,1.6935774,.01707096,1.8051187,.036112569,13.032302,.00080094999
IRL,2015,Female,25-55,304,1.7159826,.016101349,1.8266793,.035238121,13.050121,.00078536
IRL,2015,Female,25-55,305,1.7383877,.01537887,1.84824,.03339931,13.067939,.00076309999
IRL,2015,Female,25-55,306,1.7607929,.017136971,1.8698006,.031140581,13.085758,.0007337
IRL,2015,Female,25-55,307,1.783198,.01425436,1.8913612,.028345151,13.103577,.00069498998
IRL,2015,Female,25-55,308,1.8056031,.01438919,1.9129218,.02603917,13.121395,.00063659
IRL,2015,Female,25-55,309,1.8280083,.01760456,1.9344825,.02384568,13.139214,.00057234999
IRL,2015,Female,25-55,310,1.8504134,.01615135,1.9560431,.021501981,13.157032,.00052334002
IRL,2015,Female,25-55,311,1.8728186,.0141706,1.9776037,.02033649,13.174851,.00046201999
IRL,2015,Female,25-55,312,1.8952239,.01286188,1.9991643,.01967302,13.19267,.00039631
IRL,2015,Female,25-55,313,1.9176289,.01208614,2.020725,.01953274,13.210488,.00035088
IRL,2015,Female,25-55,314,1.9400342,.0148863,2.0422857,.019924089,13.228307,.00032463
IRL,2015,Female,25-55,315,1.9624392,.01505736,2.0638461,.019920619,13.246126,.00028914999
IRL,2015,Female,25-55,316,1.9848444,.0101281,2.0854068,.01999568,13.263944,.00026135999
IRL,2015,Female,25-55,317,2.0072496,.0074539301,2.1069674,.019899569,13.281763,.00025076
IRL,2015,Female,25-55,318,2.0296547,.0071738702,2.1285281,.019641699,13.299581,.00024759999
IRL,2015,Female,25-55,319,2.0520599,.0090804696,2.1500888,.01981955,13.3174,.00023643
IRL,2015,Female,25-55,320,2.074465,.01081026,2.1716492,.018860901,13.335219,.00021725
IRL,2015,Female,25-55,321,2.0968702,.0086717103,2.1932099,.017453481,13.353037,.00020544
IRL,2015,Female,25-55,322,2.1192753,.00481031,2.2147706,.01628029,13.370856,.00019766
IRL,2015,Female,25-55,323,2.1416805,.00315115,2.2363312,.0155237,13.388675,.00019398
IRL,2015,Female,25-55,324,2.1640856,.00419336,2.2578919,.01476618,13.406493,.00019136
IRL,2015,Female,25-55,325,2.1864908,.0070332098,2.2794526,.01476016,13.424312,.00018844999
IRL,2015,Female,25-55,326,2.2088959,.0082699703,2.301013,.01462537,13.44213,.00018535
IRL,2015,Female,25-55,327,2.2313011,.0067256899,2.3225737,.01490923,13.459949,.0001832
IRL,2015,Female,25-55,328,2.2537062,.0061409902,2.3441343,.01442646,13.477768,.0001752
IRL,2015,Female,25-55,329,2.2761114,.0056836898,2.365695,.01307759,13.495586,.00017312
IRL,2015,Female,25-55,330,2.2985165,.0047812802,2.3872557,.0114694,13.513405,.0001657
IRL,2015,Female,25-55,331,2.3209217,.0036613599,2.4088161,.01001995,13.531224,.00015294
IRL,2015,Female,25-55,332,2.3433268,.001939,2.4303768,.0088122599,13.549042,.00013981
IRL,2015,Female,25-55,333,2.365732,.0013087899,2.4519374,.0084034204,13.566861,.00014211
IRL,2015,Female,25-55,334,2.3881371,.0025829501,2.4734981,.0081911804,13.584679,.00013905999
IRL,2015,Female,25-55,335,2.4105422,.00323838,2.4950588,.0086212,13.602498,.00013689999
IRL,2015,Female,25-55,336,2.4329474,.00169419,2.5166192,.0088088596,13.620317,.00013714
IRL,2015,Female,25-55,337,2.4553525,.00145745,2.5381801,.0085828099,13.638135,.0001354
IRL,2015,Female,25-55,338,2.4777577,.0019064,2.5597405,.0084342305,13.655954,.00013941
IRL,2015,Female,25-55,339,2.5001628,.00173174,2.5813012,.0081378901,13.673773,.00013807999
IRL,2015,Female,25-55,340,2.522568,.00186162,2.6028619,.0075541101,13.691591,.00013806
IRL,2015,Female,25-55,341,2.5449731,.0028701001,2.6244226,.0069033699,13.70941,.00015162
IRL,2015,Female,25-55,342,2.5673783,.0031937801,2.6459832,.00643527,13.727228,.00015983
IRL,2015,Female,25-55,343,2.5897834,.00182367,2.6675436,.0062283599,13.745047,.0001627
IRL,2015,Female,25-55,344,2.6121888,.00125687,2.6891043,.0057540899,13.762866,.00016448001
IRL,2015,Female,25-55,345,2.6345937,.001989,2.710665,.00522843,13.780684,.00017398001
IRL,2015,Female,25-55,346,2.6569991,.00151829,2.7322257,.0050839102,13.798503,.00018495999
IRL,2015,Female,25-55,347,2.679404,.0010294101,2.7537861,.0048919902,13.816322,.0001906
IRL,2015,Female,25-55,348,2.7018094,.00167117,2.7753468,.0044474001,13.83414,.0001909
IRL,2015,Female,25-55,349,2.7242143,.00139889,2.7969074,.0040777801,13.851959,.00018585
IRL,2015,Female,25-55,350,2.7466197,.00059298001,2.8184681,.0036925101,13.869777,.00017545999
IRL,2015,Female,25-55,351,2.7690246,.00059050001,2.8400288,.00345838,13.887596,.00016065
IRL,2015,Female,25-55,352,2.79143,.00099895999,2.8615892,.0031077201,13.905415,.000153
IRL,2015,Female,25-55,353,2.8138349,.00048645999,2.8831501,.0028161099,13.923233,.00014136
IRL,2015,Female,25-55,354,2.8362403,.00067814998,2.9047105,.0028250599,13.941052,.0001257
IRL,2015,Female,25-55,355,2.8586452,.00054823002,2.9262712,.0026966899,13.958871,.00011634
IRL,2015,Female,25-55,356,2.8810506,0,2.9478319,.0023888999,13.976689,.00010598
IRL,2015,Female,25-55,357,2.9034555,0,2.9693925,.00191754,13.994508,.00010142
IRL,2015,Female,25-55,358,2.9258609,.00040588999,2.9909532,.00124671,14.012326,.000092859998
IRL,2015,Female,25-55,359,2.9482658,.00071063999,3.0125136,.00079576002,14.030145,.000082899998
IRL,2015,Female,25-55,360,2.9706712,.0002425,3.0340743,.00041412999,14.047964,.000079930003
IRL,2015,Female,25-55,361,2.9930763,.0002274,3.055635,.00030908,14.065782,.000074290001
IRL,2015,Female,25-55,362,3.0154815,.00035479001,3.0771956,.00038221999,14.083601,.000065979999
IRL,2015,Female,25-55,363,3.0378866,.000095739997,3.0987563,.00049266999,14.10142,.000059800001
IRL,2015,Female,25-55,364,3.0602918,0,3.1203167,.00066763,14.119238,.000059980001
IRL,2015,Female,25-55,365,3.0826969,0,3.1418774,.00080529001,14.137057,.000058819998
IRL,2015,Female,25-55,366,3.1051021,0,3.1634381,.00090118998,14.154875,.000056329998
IRL,2015,Female,25-55,367,3.1275072,0,3.1849988,.00091649999,14.172694,.0000525
IRL,2015,Female,25-55,368,3.1499124,0,3.2065592,.00078419002,14.190513,.00004734
IRL,2015,Female,25-55,369,3.1723175,0,3.2281201,.00071254,14.208331,.000040840001
IRL,2015,Female,25-55,370,3.1947227,0,3.2496805,.00059024,14.22615,.000033010001
IRL,2015,Female,25-55,371,3.2171278,0,3.2712412,.00045513001,14.243969,.000023840001
IRL,2015,Female,25-55,372,3.2395329,0,3.2928019,.00038278001,14.261787,.00001333
IRL,2015,Female,25-55,373,3.2619381,0,3.3143625,.00032016999,14.279606,1.4900000e-06
IRL,2015,Female,25-55,374,3.2843432,0,3.3359232,.00028847999,14.297424,0
IRL,2015,Female,25-55,375,3.3067484,0,3.3574836,.00021776,14.315243,0
IRL,2015,Female,25-55,376,3.3291535,0,3.3790443,.0001044,14.333062,0
IRL,2015,Female,25-55,377,3.3515587,0,3.400605,.00003657,14.35088,0
IRL,2015,Female,25-55,378,3.3739638,0,3.4221656,0,14.368699,0
IRL,2015,Female,25-55,379,3.396369,0,3.4437263,0,14.386518,0
IRL,2015,Female,25-55,380,3.4187741,0,3.4652867,0,14.404336,0
IRL,2015,Female,25-55,381,3.4411793,0,3.4868474,0,14.422155,0
IRL,2015,Female,25-55,382,3.4635844,.00024674,3.5084081,0,14.439974,0
IRL,2015,Female,25-55,383,3.4859896,.00034991,3.5299687,0,14.457792,0
IRL,2015,Female,25-55,384,3.5083947,.000066619999,3.5515294,0,14.475611,0
IRL,2015,Female,25-55,385,3.5307999,0,3.5730901,0,14.493429,0
IRL,2015,Female,25-55,386,3.553205,0,3.5946505,0,14.511248,0
IRL,2015,Female,25-55,387,3.5756102,0,3.6162112,0,14.529067,8.8520001e-06
IRL,2015,Female,25-55,388,3.5980153,0,3.6377718,0,14.546885,.000019880001
IRL,2015,Female,25-55,389,3.6204205,0,3.6593325,.000072139999,14.564704,.000029569999
IRL,2015,Female,25-55,390,3.6428256,0,3.6808932,.000124,14.582523,.00003793
IRL,2015,Female,25-55,391,3.6652308,0,3.7024536,.00015455,14.600341,.00004495
IRL,2015,Female,25-55,392,3.6876359,0,3.7240143,.00016379,14.61816,.000050639999
IRL,2015,Female,25-55,393,3.7100413,0,3.745575,.00015171,14.635978,.00005499
IRL,2015,Female,25-55,394,3.7324462,0,3.7671356,.00016723,14.653797,.000058009999
IRL,2015,Female,25-55,395,3.7548516,0,3.7886963,.00022336,14.671616,.000059689999
IRL,2015,Female,25-55,396,3.7772565,0,3.8102567,.00025632,14.689434,.000060030001
IRL,2015,Female,25-55,397,3.7996619,0,3.8318174,.00031025,14.707253,.000059040001
IRL,2015,Female,25-55,398,3.8220668,0,3.8533781,.00032155999,14.725072,.00005672
IRL,2015,Female,25-55,399,3.8444722,.00033113,3.8749387,.00029023,14.74289,.00005305
IRL,2015,Female,25-55,400,3.8668773,.00028832001,3.8964994,.00021627999,14.760709,.000048059999
IRL,2020,Female,25-55,1,-4.5548229,.00022194,,,7.759769,.01162075
IRL,2020,Female,25-55,2,-4.5343976,.00027382001,,,7.7763467,.01538651
IRL,2020,Female,25-55,3,-4.5139728,.00015094,,,7.7929249,.019607831
IRL,2020,Female,25-55,4,-4.4935474,0,,,7.8095026,.02422937
IRL,2020,Female,25-55,5,-4.4731221,0,,,7.8260803,.028934499
IRL,2020,Female,25-55,6,-4.4526968,0,,,7.8426585,.033854071
IRL,2020,Female,25-55,7,-4.432272,0,,,7.8592362,.038861189
IRL,2020,Female,25-55,8,-4.4118466,0,,,7.875814,.043875679
IRL,2020,Female,25-55,9,-4.3914213,0,,,7.8923917,.048761249
IRL,2020,Female,25-55,10,-4.370996,0,,,7.9089699,.053314999
IRL,2020,Female,25-55,11,-4.3505712,0,,,7.9255476,.057509322
IRL,2020,Female,25-55,12,-4.3301458,0,,,7.9421253,.06137877
IRL,2020,Female,25-55,13,-4.3097205,0,,,7.9587035,.064810649
IRL,2020,Female,25-55,14,-4.2892957,0,,,7.9752812,.067589939
IRL,2020,Female,25-55,15,-4.2688704,.00021059001,,,7.9918594,.069683701
IRL,2020,Female,25-55,16,-4.248445,.00027605001,,,8.0084372,.071099147
IRL,2020,Female,25-55,17,-4.2280197,.00016675,,,8.0250149,.072088793
IRL,2020,Female,25-55,18,-4.2075949,0,,,8.0415926,.073090181
IRL,2020,Female,25-55,19,-4.1871696,0,,,8.0581703,.074144267
IRL,2020,Female,25-55,20,-4.1667442,0,,,8.074748,.075048856
IRL,2020,Female,25-55,21,-4.1463194,.000066319997,,,8.0913267,.07602074
IRL,2020,Female,25-55,22,-4.1258941,.00025057001,,,8.1079044,.077095091
IRL,2020,Female,25-55,23,-4.1054688,.00026007,,,8.1244822,.078158669
IRL,2020,Female,25-55,24,-4.0850434,.000094800002,,,8.1410599,.079392597
IRL,2020,Female,25-55,25,-4.0646186,0,,,8.1576376,.080641732
IRL,2020,Female,25-55,26,-4.0441933,0,,,8.1742163,.081724033
IRL,2020,Female,25-55,27,-4.0237679,0,,,8.190794,.082896121
IRL,2020,Female,25-55,28,-4.0033431,.000090299996,,,8.2073717,.084112652
IRL,2020,Female,25-55,29,-3.9829178,.00025866,,,8.2239494,.085244931
IRL,2020,Female,25-55,30,-3.9624925,.00025226001,,,8.2405272,.086334653
IRL,2020,Female,25-55,31,-3.9420674,.000071100003,,,8.2571049,.087423109
IRL,2020,Female,25-55,32,-3.9216421,0,,,8.2736826,.088475481
IRL,2020,Female,25-55,33,-3.901217,0,,,8.2902613,.089462802
IRL,2020,Female,25-55,34,-3.8807917,0,,,8.306839,.090338357
IRL,2020,Female,25-55,35,-3.8603666,0,,,8.3234167,.090991259
IRL,2020,Female,25-55,36,-3.8399415,0,,,8.3399944,.091719307
IRL,2020,Female,25-55,37,-3.8195162,0,,,8.3565722,.092605308
IRL,2020,Female,25-55,38,-3.7990911,0,,,8.3731499,.09348356
IRL,2020,Female,25-55,39,-3.7786658,.000060130002,,,8.3897285,.094438352
IRL,2020,Female,25-55,40,-3.7582407,.00024833999,,,8.4063063,.09548296
IRL,2020,Female,25-55,41,-3.7378154,.00064867001,,,8.422884,.096584752
IRL,2020,Female,25-55,42,-3.7173903,.00080927002,,,8.4394617,.097867943
IRL,2020,Female,25-55,43,-3.6969652,.00087395002,,,8.4560394,.099262111
IRL,2020,Female,25-55,44,-3.6765399,.00050698,,,8.4726171,.10079166
IRL,2020,Female,25-55,45,-3.6561148,.00015769,,,8.4891958,.10227824
IRL,2020,Female,25-55,46,-3.6356895,0,,,8.5057735,.10369155
IRL,2020,Female,25-55,47,-3.6152644,0,,,8.5223513,.10517719
IRL,2020,Female,25-55,48,-3.5948391,0,,,8.538929,.10676272
IRL,2020,Female,25-55,49,-3.574414,.00012031,,,8.5555067,.10813557
IRL,2020,Female,25-55,50,-3.5539887,.00026726999,,,8.5720844,.10928485
IRL,2020,Female,25-55,51,-3.5335636,.00031885999,,,8.5886621,.11038777
IRL,2020,Female,25-55,52,-3.5131383,.00029200999,,,8.6052408,.11156374
IRL,2020,Female,25-55,53,-3.4927132,.00025605,,,8.6218185,.11276784
IRL,2020,Female,25-55,54,-3.4722879,.000082240003,,,8.6383963,.11379855
IRL,2020,Female,25-55,55,-3.4518628,.00035367999,,,8.654974,.11470593
IRL,2020,Female,25-55,56,-3.4314375,.00101393,,,8.6715517,.11553126
IRL,2020,Female,25-55,57,-3.4110124,.00105369,,,8.6881294,.11665135
IRL,2020,Female,25-55,58,-3.3905871,.00101126,,,8.7047081,.11790789
IRL,2020,Female,25-55,59,-3.370162,.00095726998,,,8.7212858,.11901186
IRL,2020,Female,25-55,60,-3.3497369,.00109505,,,8.7378635,.12005945
IRL,2020,Female,25-55,61,-3.3293116,.00088329002,,,8.7544413,.12130251
IRL,2020,Female,25-55,62,-3.3088865,.0010919099,,,8.771019,.12262373
IRL,2020,Female,25-55,63,-3.2884612,.00162764,,,8.7875967,.12395894
IRL,2020,Female,25-55,64,-3.2680361,.0016451899,,,8.8041754,.12545533
IRL,2020,Female,25-55,65,-3.2476108,.00166271,,,8.8207531,.12695847
IRL,2020,Female,25-55,66,-3.2271857,.0016490699,,,8.8373308,.12838826
IRL,2020,Female,25-55,67,-3.2067606,.0013418,,,8.8539085,.12987371
IRL,2020,Female,25-55,68,-3.1863353,.0010955,,,8.8704863,.13141967
IRL,2020,Female,25-55,69,-3.1659102,.00176668,,,8.887064,.13294314
IRL,2020,Female,25-55,70,-3.1454849,.0020266101,,,8.9036427,.13438234
IRL,2020,Female,25-55,71,-3.1250598,.00164525,,,8.9202204,.13578357
IRL,2020,Female,25-55,72,-3.1046345,.0012498,,,8.9367981,.13707246
IRL,2020,Female,25-55,73,-3.0842094,.00079224998,,,8.9533758,.13851561
IRL,2020,Female,25-55,74,-3.0637841,.00077893998,,,8.9699535,.14028284
IRL,2020,Female,25-55,75,-3.043359,.00114657,,,8.9865313,.14210556
IRL,2020,Female,25-55,76,-3.022934,.00159526,,,9.0031099,.14417368
IRL,2020,Female,25-55,77,-3.0025086,.0021370901,,,9.0196877,.14612071
IRL,2020,Female,25-55,78,-2.9820836,.0018385201,,,9.0362654,.14833826
IRL,2020,Female,25-55,79,-2.9616582,.00115757,,,9.0528431,.15064368
IRL,2020,Female,25-55,80,-2.9412332,.00086838001,,,9.0694208,.15323947
IRL,2020,Female,25-55,81,-2.9208078,.00152198,,,9.0859985,.15595405
IRL,2020,Female,25-55,82,-2.9003828,.00173016,,,9.1025763,.15894061
IRL,2020,Female,25-55,83,-2.8799574,.0021134899,,,9.1191549,.16220678
IRL,2020,Female,25-55,84,-2.8595324,.0027439001,,,9.1357327,.16550153
IRL,2020,Female,25-55,85,-2.8391073,.00379044,,,9.1523104,.16899253
IRL,2020,Female,25-55,86,-2.818682,.0042654402,,,9.1688881,.17258741
IRL,2020,Female,25-55,87,-2.7982569,.00368168,,,9.1854658,.17631322
IRL,2020,Female,25-55,88,-2.7778316,.00410114,,,9.2020435,.18065678
IRL,2020,Female,25-55,89,-2.7574065,.00409899,,,9.2186222,.18566516
IRL,2020,Female,25-55,90,-2.7369812,.0038577099,,,9.2351999,.19099136
IRL,2020,Female,25-55,91,-2.7165561,.0036054901,,,9.2517776,.19623546
IRL,2020,Female,25-55,92,-2.696131,.00373995,,,9.2683554,.20123605
IRL,2020,Female,25-55,93,-2.6757057,.0030161999,,,9.2849331,.20597993
IRL,2020,Female,25-55,94,-2.6552806,.00205534,,,9.3015108,.210567
IRL,2020,Female,25-55,95,-2.6348553,.00223992,,,9.3180895,.21503282
IRL,2020,Female,25-55,96,-2.6144302,.00308245,,,9.3346672,.21923289
IRL,2020,Female,25-55,97,-2.5940049,.0042152102,,,9.3512449,.22337486
IRL,2020,Female,25-55,98,-2.5735798,.0051937099,,,9.3678226,.22696051
IRL,2020,Female,25-55,99,-2.5531545,.0062426399,,,9.3844004,.23046255
IRL,2020,Female,25-55,100,-2.5327294,.0066303401,,,9.4009781,.23363207
IRL,2020,Female,25-55,101,-2.5123043,.0058399299,,,9.4175568,.23644067
IRL,2020,Female,25-55,102,-2.491879,.0058541601,,,9.4341345,.23907331
IRL,2020,Female,25-55,103,-2.4714539,.0067167999,,,9.4507122,.24140415
IRL,2020,Female,25-55,104,-2.4510286,.0074494202,,,9.4672899,.24342792
IRL,2020,Female,25-55,105,-2.4306035,.0068455902,,,9.4838676,.24516612
IRL,2020,Female,25-55,106,-2.4101782,.00570226,,,9.5004454,.24674532
IRL,2020,Female,25-55,107,-2.3897531,.0050273999,,,9.5170231,.24787538
IRL,2020,Female,25-55,108,-2.3693278,.00500825,,,9.5336018,.24876256
IRL,2020,Female,25-55,109,-2.3489027,.0065759998,,,9.5501795,.24995662
IRL,2020,Female,25-55,110,-2.3284774,.0069429199,,,9.5667572,.25179979
IRL,2020,Female,25-55,111,-2.3080523,.0068610599,,,9.5833349,.25408816
IRL,2020,Female,25-55,112,-2.287627,.0073780902,,,9.5999126,.25650901
IRL,2020,Female,25-55,113,-2.2672019,.0065170801,,,9.6164904,.25913653
IRL,2020,Female,25-55,114,-2.2467766,.0063162302,,,9.633069,.26222599
IRL,2020,Female,25-55,115,-2.2263515,.0074944198,,,9.6496468,.26551411
IRL,2020,Female,25-55,116,-2.2059264,.00754323,,,9.6662245,.26886353
IRL,2020,Female,25-55,117,-2.1855011,.00684484,,,9.6828022,.27267191
IRL,2020,Female,25-55,118,-2.165076,.0073794299,,,9.6993799,.2771228
IRL,2020,Female,25-55,119,-2.1446507,.0070858002,,,9.7159576,.28168085
IRL,2020,Female,25-55,120,-2.1242256,.0066498602,,,9.7325363,.28671116
IRL,2020,Female,25-55,121,-2.1038003,.00749852,,,9.749114,.29225102
IRL,2020,Female,25-55,122,-2.0833752,.0086636804,,,9.7656918,.29794157
IRL,2020,Female,25-55,123,-2.0629499,.0076337601,,,9.7822695,.30413601
IRL,2020,Female,25-55,124,-2.0425248,.0066688401,,,9.7988472,.31061831
IRL,2020,Female,25-55,125,-2.0220997,.0091920402,,,9.8154249,.31746796
IRL,2020,Female,25-55,126,-2.0016744,.01086359,,,9.8320036,.32425481
IRL,2020,Female,25-55,127,-1.9812493,.01003609,,,9.8485813,.3310878
IRL,2020,Female,25-55,128,-1.9608241,.0083919298,,,9.865159,.33827338
IRL,2020,Female,25-55,129,-1.9403989,.0099970698,,,9.8817368,.34561524
IRL,2020,Female,25-55,130,-1.9199737,.01126827,,,9.8983145,.35310104
IRL,2020,Female,25-55,131,-1.8995485,.01189322,,,9.9148922,.36074147
IRL,2020,Female,25-55,132,-1.8791233,.01384349,,,9.9314709,.36846432
IRL,2020,Female,25-55,133,-1.8586982,.01430529,,,9.9480486,.3760494
IRL,2020,Female,25-55,134,-1.838273,.01141204,,,9.9646263,.3838903
IRL,2020,Female,25-55,135,-1.8178478,.0098732002,,,9.981204,.39228758
IRL,2020,Female,25-55,136,-1.7974226,.01076235,,,9.9977818,.40129134
IRL,2020,Female,25-55,137,-1.7769974,.01271097,,,10.01436,.4102414
IRL,2020,Female,25-55,138,-1.7565722,.01489706,,,10.030938,.41957718
IRL,2020,Female,25-55,139,-1.736147,.016518001,,,10.047516,.42911199
IRL,2020,Female,25-55,140,-1.7157218,.015861459,,,10.064093,.43789476
IRL,2020,Female,25-55,141,-1.6952966,.01481821,,,10.080671,.44644871
IRL,2020,Female,25-55,142,-1.6748714,.01316226,,,10.097249,.45476979
IRL,2020,Female,25-55,143,-1.6544462,.01421551,,,10.113827,.46233431
IRL,2020,Female,25-55,144,-1.634021,.01476757,,,10.130405,.46939442
IRL,2020,Female,25-55,145,-1.6135958,.01747603,,,10.146983,.47626045
IRL,2020,Female,25-55,146,-1.5931706,.0193797,,,10.163561,.48315218
IRL,2020,Female,25-55,147,-1.5727454,.02046204,,,10.180139,.48948878
IRL,2020,Female,25-55,148,-1.5523202,.019022319,,,10.196716,.4949742
IRL,2020,Female,25-55,149,-1.5318952,.019232109,,,10.213294,.50009978
IRL,2020,Female,25-55,150,-1.51147,.020362521,,,10.229872,.50443375
IRL,2020,Female,25-55,151,-1.4910448,.02223167,,,10.24645,.50808817
IRL,2020,Female,25-55,152,-1.4706196,.026055099,,,10.263028,.5109008
IRL,2020,Female,25-55,153,-1.4501944,.023985449,,,10.279606,.51272625
IRL,2020,Female,25-55,154,-1.4297692,.020366941,,,10.296184,.51392943
IRL,2020,Female,25-55,155,-1.409344,.020118371,,,10.312761,.51513869
IRL,2020,Female,25-55,156,-1.3889188,.02341211,,,10.329339,.51589787
IRL,2020,Female,25-55,157,-1.3684937,.02535787,,,10.345917,.51695698
IRL,2020,Female,25-55,158,-1.3480685,.026488731,,,10.362495,.51807481
IRL,2020,Female,25-55,159,-1.3276433,.02749313,,,10.379073,.51933444
IRL,2020,Female,25-55,160,-1.3072181,.027641499,,,10.395651,.52106696
IRL,2020,Female,25-55,161,-1.2867929,.02589515,,,10.412229,.52278882
IRL,2020,Female,25-55,162,-1.2663677,.025568649,,,10.428807,.525922
IRL,2020,Female,25-55,163,-1.2459425,.026085271,,,10.445384,.52951849
IRL,2020,Female,25-55,164,-1.2255173,.029311771,,,10.461962,.5325256
IRL,2020,Female,25-55,165,-1.2050922,.02991958,,,10.47854,.53440428
IRL,2020,Female,25-55,166,-1.184667,.03077909,,,10.495118,.53638977
IRL,2020,Female,25-55,167,-1.1642418,.028634841,,,10.511696,.53808105
IRL,2020,Female,25-55,168,-1.1438166,.028650541,,,10.528274,.53988004
IRL,2020,Female,25-55,169,-1.1233914,.032520581,,,10.544852,.54141617
IRL,2020,Female,25-55,170,-1.1029662,.039413899,,,10.56143,.54255915
IRL,2020,Female,25-55,171,-1.082541,.043886181,,,10.578007,.54319233
IRL,2020,Female,25-55,172,-1.0621158,.04148373,,,10.594585,.54257637
IRL,2020,Female,25-55,173,-1.0416907,.038202349,,,10.611163,.54064202
IRL,2020,Female,25-55,174,-1.0212655,.03757529,,,10.627741,.53707492
IRL,2020,Female,25-55,175,-1.0008403,.037298411,,,10.644319,.5324778
IRL,2020,Female,25-55,176,-.98041511,.039221209,,,10.660897,.52716595
IRL,2020,Female,25-55,177,-.95998991,.042677969,,,10.677475,.52070004
IRL,2020,Female,25-55,178,-.9395647,.04631263,,,10.694053,.51319999
IRL,2020,Female,25-55,179,-.9191395,.047311042,,,10.71063,.50514859
IRL,2020,Female,25-55,180,-.89871436,.046292439,,,10.727208,.49637869
IRL,2020,Female,25-55,181,-.87828916,.048673041,,,10.743786,.48762235
IRL,2020,Female,25-55,182,-.85786396,.050862782,,,10.760364,.47866228
IRL,2020,Female,25-55,183,-.83743876,.054620288,,,10.776942,.47127283
IRL,2020,Female,25-55,184,-.81701356,.058067448,,,10.79352,.464636
IRL,2020,Female,25-55,185,-.79658842,.061052501,,,10.810098,.45814332
IRL,2020,Female,25-55,186,-.77616322,.059903719,,,10.826676,.45172241
IRL,2020,Female,25-55,187,-.75573802,.061154421,,,10.843253,.44552547
IRL,2020,Female,25-55,188,-.73531282,.069514111,,,10.859831,.43926534
IRL,2020,Female,25-55,189,-.71488768,.078671269,,,10.876409,.43383262
IRL,2020,Female,25-55,190,-.69446248,.079736039,,,10.892987,.42881709
IRL,2020,Female,25-55,191,-.67403728,.082250804,,,10.909565,.42415127
IRL,2020,Female,25-55,192,-.65361208,.093439631,,,10.926143,.4200674
IRL,2020,Female,25-55,193,-.63318688,.098346509,,,10.942721,.41529474
IRL,2020,Female,25-55,194,-.61276174,.095061719,,,10.959299,.41025123
IRL,2020,Female,25-55,195,-.59233654,.097594433,,,10.975876,.40470424
IRL,2020,Female,25-55,196,-.57191133,.10680724,,,10.992454,.39872319
IRL,2020,Female,25-55,197,-.55148613,.11432453,,,11.009032,.39201495
IRL,2020,Female,25-55,198,-.53106093,.12160301,,,11.02561,.38491589
IRL,2020,Female,25-55,199,-.51063579,.12921077,,,11.042188,.37731269
IRL,2020,Female,25-55,200,-.49021059,.13734305,,,11.058766,.36901349
IRL,2020,Female,25-55,201,-.46978539,.14561318,,,11.075344,.35968041
IRL,2020,Female,25-55,202,-.44936022,.15122254,,,11.091922,.34928715
IRL,2020,Female,25-55,203,-.42893502,.1573135,,,11.108499,.33774313
IRL,2020,Female,25-55,204,-.40850985,.16532639,,,11.125077,.32551599
IRL,2020,Female,25-55,205,-.38808465,.17331277,,,11.141655,.31283742
IRL,2020,Female,25-55,206,-.36765945,.18270707,,,11.158233,.2995393
IRL,2020,Female,25-55,207,-.34723428,.19917531,,,11.174811,.28628707
IRL,2020,Female,25-55,208,-.32680908,.2168382,,,11.191389,.27268374
IRL,2020,Female,25-55,209,-.30638391,.23798279,,,11.207967,.25906542
IRL,2020,Female,25-55,210,-.28595871,.24955946,,,11.224545,.24596365
IRL,2020,Female,25-55,211,-.26553351,.2677483,,,11.241122,.23298806
IRL,2020,Female,25-55,212,-.24510834,.28923473,,,11.2577,.22024088
IRL,2020,Female,25-55,213,-.22468315,.31415644,,,11.274278,.20823555
IRL,2020,Female,25-55,214,-.20425797,.35336861,,,11.290856,.19621788
IRL,2020,Female,25-55,215,-.18383276,.411257,,,11.307434,.18459983
IRL,2020,Female,25-55,216,-.16340758,.46501467,,,11.324012,.17365547
IRL,2020,Female,25-55,217,-.14298239,.53531951,,,11.34059,.16337366
IRL,2020,Female,25-55,218,-.12255721,.63405186,,,11.357168,.15353349
IRL,2020,Female,25-55,219,-.10213202,.80578226,,,11.373745,.14434983
IRL,2020,Female,25-55,220,-.081706829,1.0573033,,,11.390323,.13603173
IRL,2020,Female,25-55,221,-.06128164,1.4169425,,,11.406901,.12822045
IRL,2020,Female,25-55,222,-.040856458,1.9640315,,,11.423479,.1207615
IRL,2020,Female,25-55,223,-.020431271,2.6845393,,,11.440057,.11365784
IRL,2020,Female,25-55,224,-6.0819998e-06,3.2559464,,,11.456635,.10682432
IRL,2020,Female,25-55,225,.02041911,3.353389,,,11.473213,.1003049
IRL,2020,Female,25-55,226,.040844291,3.0070286,,,11.489791,.09431234
IRL,2020,Female,25-55,227,.061269481,2.5222549,,,11.506368,.08858107
IRL,2020,Female,25-55,228,.08169467,2.0652778,,,11.522946,.083088033
IRL,2020,Female,25-55,229,.10211986,1.7079899,,,11.539524,.07799688
IRL,2020,Female,25-55,230,.12254504,1.4425347,,,11.556102,.073491082
IRL,2020,Female,25-55,231,.14297023,1.2398013,,,11.57268,.069309108
IRL,2020,Female,25-55,232,.16339542,1.083198,,,11.589258,.065301552
IRL,2020,Female,25-55,233,.18382061,.9356125,,,11.605836,.061687931
IRL,2020,Female,25-55,234,.20424581,.8125183,,,11.622414,.058340348
IRL,2020,Female,25-55,235,.22467098,.70301557,,,11.638991,.055157319
IRL,2020,Female,25-55,236,.24509618,.63392961,,,11.655569,.052311949
IRL,2020,Female,25-55,237,.26552135,.57838881,,,11.672147,.04976774
IRL,2020,Female,25-55,238,.28594655,.53878176,,,11.688725,.047314871
IRL,2020,Female,25-55,239,.30637172,.49191529,,,11.705303,.045192402
IRL,2020,Female,25-55,240,.32679692,.44908747,,,11.721881,.043157149
IRL,2020,Female,25-55,241,.34722212,.4156934,,,11.738459,.04119144
IRL,2020,Female,25-55,242,.36764729,.38383704,,,11.755037,.0392593
IRL,2020,Female,25-55,243,.38807249,.34565297,,,11.771614,.037484311
IRL,2020,Female,25-55,244,.40849766,.32412946,,,11.788192,.035808239
IRL,2020,Female,25-55,245,.42892286,.30576423,,,11.80477,.034153551
IRL,2020,Female,25-55,246,.44934806,.27532986,,,11.821348,.03266529
IRL,2020,Female,25-55,247,.46977323,.25288475,,,11.837926,.031360392
IRL,2020,Female,25-55,248,.49019843,.24471661,,,11.854504,.030192429
IRL,2020,Female,25-55,249,.51062363,.2365604,,,11.871082,.028986059
IRL,2020,Female,25-55,250,.53104877,.21579301,,,11.88766,.02779633
IRL,2020,Female,25-55,251,.55147398,.19550629,,,11.904237,.02671824
IRL,2020,Female,25-55,252,.57189918,.17848358,,,11.920815,.025573621
IRL,2020,Female,25-55,253,.59232438,.17005099,,,11.937393,.024460001
IRL,2020,Female,25-55,254,.61274958,.16730453,,,11.953971,.023451719
IRL,2020,Female,25-55,255,.63317472,.16347764,,,11.970549,.02251124
IRL,2020,Female,25-55,256,.65359992,.14996222,,,11.987127,.021558151
IRL,2020,Female,25-55,257,.67402512,.13774274,,,12.003705,.0207488
IRL,2020,Female,25-55,258,.69445032,.13348716,,,12.020282,.019908059
IRL,2020,Female,25-55,259,.71487552,.13632302,,,12.03686,.019104101
IRL,2020,Female,25-55,260,.73530066,.13599227,,,12.053438,.01841248
IRL,2020,Female,25-55,261,.75572586,.13225406,,,12.070016,.0176931
IRL,2020,Female,25-55,262,.77615106,.12373629,,,12.086594,.016977429
IRL,2020,Female,25-55,263,.79657626,.11730952,,,12.103172,.016251151
IRL,2020,Female,25-55,264,.8170014,.11441172,,,12.11975,.01564797
IRL,2020,Female,25-55,265,.8374266,.10626733,,,12.136328,.01502904
IRL,2020,Female,25-55,266,.8578518,.097870588,,,12.152905,.01434668
IRL,2020,Female,25-55,267,.878277,.09281306,,,12.169483,.01372932
IRL,2020,Female,25-55,268,.8987022,.088986538,,,12.186061,.0131574
IRL,2020,Female,25-55,269,.91912735,.085476764,,,12.202639,.0126802
IRL,2020,Female,25-55,270,.93955255,.084174193,,,12.219217,.01214901
IRL,2020,Female,25-55,271,.95997775,.081478283,,,12.235795,.01164481
IRL,2020,Female,25-55,272,.98040295,.075632878,,,12.252373,.01107115
IRL,2020,Female,25-55,273,1.0008281,.07108666,,,12.268951,.0104952
IRL,2020,Female,25-55,274,1.0212533,.071194857,,,12.285528,.0099595496
IRL,2020,Female,25-55,275,1.0416785,.070142627,,,12.302106,.0095309503
IRL,2020,Female,25-55,276,1.0621037,.068064637,,,12.318684,.0092129996
IRL,2020,Female,25-55,277,1.0825289,.069214731,,,12.335262,.0089400103
IRL,2020,Female,25-55,278,1.1029541,.070996389,,,12.35184,.0087120803
IRL,2020,Female,25-55,279,1.1233792,.068646409,,,12.368418,.0084696095
IRL,2020,Female,25-55,280,1.1438044,.064186841,,,12.384996,.0082359901
IRL,2020,Female,25-55,281,1.1642296,.06093581,,,12.401574,.0080539696
IRL,2020,Female,25-55,282,1.1846548,.058470119,,,12.418151,.0078475596
IRL,2020,Female,25-55,283,1.20508,.059500981,,,12.434729,.0076311301
IRL,2020,Female,25-55,284,1.2255052,.062338151,,,12.451307,.0074159
IRL,2020,Female,25-55,285,1.2459304,.058953971,,,12.467885,.00723826
IRL,2020,Female,25-55,286,1.2663556,.050761592,,,12.484463,.0070534102
IRL,2020,Female,25-55,287,1.2867807,.044639342,,,12.501041,.0068568299
IRL,2020,Female,25-55,288,1.3072059,.04526794,,,12.517619,.00663521
IRL,2020,Female,25-55,289,1.3276311,.045518599,,,12.534197,.00642577
IRL,2020,Female,25-55,290,1.3480563,.04358406,,,12.550774,.0062230099
IRL,2020,Female,25-55,291,1.3684815,.044072039,,,12.567352,.0059890202
IRL,2020,Female,25-55,292,1.3889067,.042535558,,,12.58393,.0057372199
IRL,2020,Female,25-55,293,1.4093319,.04157367,,,12.600508,.0054208199
IRL,2020,Female,25-55,294,1.4297571,.040980268,,,12.617086,.0050869598
IRL,2020,Female,25-55,295,1.4501822,.03953113,,,12.633664,.0047720899
IRL,2020,Female,25-55,296,1.4706074,.034535021,,,12.650242,.0044911699
IRL,2020,Female,25-55,297,1.4910326,.03237107,,,12.66682,.0042033601
IRL,2020,Female,25-55,298,1.5114578,.03134102,,,12.683397,.0039463001
IRL,2020,Female,25-55,299,1.531883,.029237211,,,12.699975,.0037160099
IRL,2020,Female,25-55,300,1.5523082,.024884799,,,12.716553,.00347724
IRL,2020,Female,25-55,301,1.5727334,.022261219,,,12.733131,.0032431099
IRL,2020,Female,25-55,302,1.5931586,.02365029,,,12.749709,.00303078
IRL,2020,Female,25-55,303,1.6135837,.02563303,,,12.766287,.00279513
IRL,2020,Female,25-55,304,1.6340089,.023369061,,,12.782865,.0025637101
IRL,2020,Female,25-55,305,1.6544341,.022049069,,,12.799443,.00237069
IRL,2020,Female,25-55,306,1.6748593,.023121789,,,12.81602,.0022038601
IRL,2020,Female,25-55,307,1.6952845,.021701161,,,12.832598,.0020673501
IRL,2020,Female,25-55,308,1.7157097,.020343531,,,12.849176,.0019358
IRL,2020,Female,25-55,309,1.7361349,.021892481,,,12.865754,.0018094
IRL,2020,Female,25-55,310,1.7565601,.02190249,,,12.882332,.0017358999
IRL,2020,Female,25-55,311,1.7769852,.020232519,,,12.89891,.00167256
IRL,2020,Female,25-55,312,1.7974104,.018075099,,,12.915488,.0015917399
IRL,2020,Female,25-55,313,1.8178356,.01737898,,,12.932066,.00150131
IRL,2020,Female,25-55,314,1.8382608,.01526063,,,12.948643,.00137771
IRL,2020,Female,25-55,315,1.858686,.01295105,,,12.965221,.00125035
IRL,2020,Female,25-55,316,1.8791112,.01194744,,,12.981799,.00113322
IRL,2020,Female,25-55,317,1.8995364,.01220264,,,12.998377,.00102726
IRL,2020,Female,25-55,318,1.9199616,.01347115,,,13.014955,.00093503
IRL,2020,Female,25-55,319,1.9403867,.01339282,,,13.031533,.00086322002
IRL,2020,Female,25-55,320,1.9608119,.01146611,,,13.048111,.00082094001
IRL,2020,Female,25-55,321,1.9812371,.01106355,,,13.064689,.00080539001
IRL,2020,Female,25-55,322,2.0016623,.01178474,,,13.081266,.00082304003
IRL,2020,Female,25-55,323,2.0220876,.01179946,,,13.097844,.00083496998
IRL,2020,Female,25-55,324,2.0425127,.01013781,,,13.114422,.00082621002
IRL,2020,Female,25-55,325,2.062938,.0085492004,,,13.131,.0008098
IRL,2020,Female,25-55,326,2.0833631,.0073691001,,,13.147578,.00078197999
IRL,2020,Female,25-55,327,2.1037884,.0056010401,,,13.164156,.00074261997
IRL,2020,Female,25-55,328,2.1242135,.00400936,,,13.180734,.00070844998
IRL,2020,Female,25-55,329,2.1446385,.00525804,,,13.197312,.00066234003
IRL,2020,Female,25-55,330,2.1650639,.0066939001,,,13.213889,.00061416999
IRL,2020,Female,25-55,331,2.1854889,.0067965998,,,13.230467,.00059764
IRL,2020,Female,25-55,332,2.2059143,.0052713398,,,13.247045,.00058674999
IRL,2020,Female,25-55,333,2.2263393,.0056182998,,,13.263623,.00056449999
IRL,2020,Female,25-55,334,2.2467647,.00528801,,,13.280201,.00052952999
IRL,2020,Female,25-55,335,2.2671897,.00665092,,,13.296779,.00048183001
IRL,2020,Female,25-55,336,2.2876148,.0068175499,,,13.313357,.00042528001
IRL,2020,Female,25-55,337,2.3080401,.0057591498,,,13.329935,.00036321001
IRL,2020,Female,25-55,338,2.3284652,.0041427398,,,13.346512,.00029612999
IRL,2020,Female,25-55,339,2.3488905,.0032015999,,,13.36309,.00023816001
IRL,2020,Female,25-55,340,2.3693156,.0028338199,,,13.379668,.00019517999
IRL,2020,Female,25-55,341,2.3897409,.0036663399,,,13.396246,.00016294001
IRL,2020,Female,25-55,342,2.410166,.0041558398,,,13.412824,.00015086
IRL,2020,Female,25-55,343,2.4305913,.00350391,,,13.429402,.00014541
IRL,2020,Female,25-55,344,2.4510164,.0023690299,,,13.44598,.00015062001
IRL,2020,Female,25-55,345,2.4714415,.00230258,,,13.462558,.00015624
IRL,2020,Female,25-55,346,2.4918668,.0020588101,,,13.479135,.00016471
IRL,2020,Female,25-55,347,2.5122919,.00145787,,,13.495713,.00017196999
IRL,2020,Female,25-55,348,2.5327172,.00111551,,,13.512291,.00017530999
IRL,2020,Female,25-55,349,2.5531423,.00159594,,,13.528869,.00017473
IRL,2020,Female,25-55,350,2.5735676,.0020942399,,,13.545447,.00017024
IRL,2020,Female,25-55,351,2.5939927,.00191137,,,13.562025,.00016184
IRL,2020,Female,25-55,352,2.6144178,.00120681,,,13.578603,.00014952
IRL,2020,Female,25-55,353,2.6348431,.00040513001,,,13.595181,.00014374001
IRL,2020,Female,25-55,354,2.6552682,.00070897001,,,13.611758,.00013525999
IRL,2020,Female,25-55,355,2.6756935,.00092180999,,,13.628336,.00012544
IRL,2020,Female,25-55,356,2.6961186,.00075715,,,13.644914,.00012067
IRL,2020,Female,25-55,357,2.7165439,.00089024001,,,13.661492,.00011198
IRL,2020,Female,25-55,358,2.736969,.00131265,,,13.67807,.000099370001
IRL,2020,Female,25-55,359,2.7573943,.0014821501,,,13.694648,.000082849998
IRL,2020,Female,25-55,360,2.7778194,.00108032,,,13.711226,.000074919997
IRL,2020,Female,25-55,361,2.7982447,.00047075999,,,13.727803,.000073149997
IRL,2020,Female,25-55,362,2.8186698,.00071380002,,,13.744381,.000069419999
IRL,2020,Female,25-55,363,2.8390951,.00108548,,,13.760959,.000063740001
IRL,2020,Female,25-55,364,2.8595202,.00112023,,,13.777537,.000056090001
IRL,2020,Female,25-55,365,2.8799455,.00061748998,,,13.794115,.00005336
IRL,2020,Female,25-55,366,2.9003706,.00085923,,,13.810693,.000053150001
IRL,2020,Female,25-55,367,2.9207959,.00058168999,,,13.827271,.00005196
IRL,2020,Female,25-55,368,2.941221,.00068236998,,,13.843849,.000049800001
IRL,2020,Female,25-55,369,2.9616461,.00054366002,,,13.860426,.000046649999
IRL,2020,Female,25-55,370,2.9820714,.00039830001,,,13.877004,.000042529999
IRL,2020,Female,25-55,371,3.0024965,.00003164,,,13.893582,.000037419999
IRL,2020,Female,25-55,372,3.0229218,0,,,13.91016,.000031340001
IRL,2020,Female,25-55,373,3.0433469,0,,,13.926738,.00002428
IRL,2020,Female,25-55,374,3.0637722,.00042403,,,13.943316,.00002585
IRL,2020,Female,25-55,375,3.0841973,.00103911,,,13.959894,.000025609999
IRL,2020,Female,25-55,376,3.1046224,.00095512997,,,13.976472,.000026170001
IRL,2020,Female,25-55,377,3.1250477,.00024736999,,,13.993049,.000032979999
IRL,2020,Female,25-55,378,3.1454728,.00013899,,,14.009627,.000038819999
IRL,2020,Female,25-55,379,3.1658981,.00028605,,,14.026205,.000043669999
IRL,2020,Female,25-55,380,3.1863232,.00045965999,,,14.042783,.000047540001
IRL,2020,Female,25-55,381,3.2067485,.00028374,,,14.059361,.000050440001
IRL,2020,Female,25-55,382,3.2271736,.00013753001,,,14.075939,.000058540001
IRL,2020,Female,25-55,383,3.2475989,0,,,14.092517,.00007396
IRL,2020,Female,25-55,384,3.268024,0,,,14.109095,.000091269998
IRL,2020,Female,25-55,385,3.288449,0,,,14.125672,.00011236
IRL,2020,Female,25-55,386,3.3088744,0,,,14.14225,.00014261001
IRL,2020,Female,25-55,387,3.3292994,0,,,14.158828,.00016797001
IRL,2020,Female,25-55,388,3.3497248,0,,,14.175406,.00018843
IRL,2020,Female,25-55,389,3.3701499,0,,,14.191984,.000204
IRL,2020,Female,25-55,390,3.3905752,0,,,14.208562,.00021468
IRL,2020,Female,25-55,391,3.4110003,0,,,14.22514,.00022046
IRL,2020,Female,25-55,392,3.4314256,0,,,14.241718,.00022135
IRL,2020,Female,25-55,393,3.4518507,0,,,14.258295,.00021734
IRL,2020,Female,25-55,394,3.4722757,0,,,14.274873,.00020943
IRL,2020,Female,25-55,395,3.4927011,0,,,14.291451,.00020644
IRL,2020,Female,25-55,396,3.5131261,0,,,14.308029,.00019953999
IRL,2020,Female,25-55,397,3.5335515,0,,,14.324607,.00018872001
IRL,2020,Female,25-55,398,3.5539765,.00015094,,,14.341185,.00017399
IRL,2020,Female,25-55,399,3.5744019,.00027382001,,,14.357763,.00015534001
IRL,2020,Female,25-55,400,3.5948269,.00022194,,,14.374341,.00013278
IRL,2005,Male,25-55,1,-4.7853732,.00028994001,-5.8140616,.00017852,7.6587677,.00712462
IRL,2005,Male,25-55,2,-4.7650104,.00034527999,-5.7909021,.00021954,7.6778455,.01051648
IRL,2005,Male,25-55,3,-4.744648,.000080379999,-5.7677426,.00021483999,7.6969233,.01424454
IRL,2005,Male,25-55,4,-4.7242851,0,-5.7445831,.0001644,7.716001,.01809983
IRL,2005,Male,25-55,5,-4.7039227,0,-5.7214236,.000068250003,7.7350788,.021993689
IRL,2005,Male,25-55,6,-4.6835604,0,-5.6982641,0,7.7541566,.025680421
IRL,2005,Male,25-55,7,-4.6631975,.00016285,-5.6751046,0,7.7732344,.02900821
IRL,2005,Male,25-55,8,-4.6428351,.00036025001,-5.6519451,0,7.7923126,.032075111
IRL,2005,Male,25-55,9,-4.6224723,.00023931,-5.6287856,0,7.8113904,.034483518
IRL,2005,Male,25-55,10,-4.6021099,.00050532998,-5.6056261,0,7.8304682,.036258791
IRL,2005,Male,25-55,11,-4.5817475,.00068434997,-5.5824666,0,7.849546,.037183952
IRL,2005,Male,25-55,12,-4.5613847,.00022288,-5.5593071,0,7.8686237,.037488092
IRL,2005,Male,25-55,13,-4.5410223,0,-5.5361476,0,7.8877015,.037783422
IRL,2005,Male,25-55,14,-4.5206594,0,-5.5129886,0,7.9067793,.038013279
IRL,2005,Male,25-55,15,-4.5002971,0,-5.4898291,0,7.9258571,.038297769
IRL,2005,Male,25-55,16,-4.4799342,0,-5.4666696,0,7.9449348,.038552489
IRL,2005,Male,25-55,17,-4.4595718,0,-5.4435101,0,7.9640126,.039011691
IRL,2005,Male,25-55,18,-4.439209,.00028666001,-5.4203506,0,7.9830904,.039435349
IRL,2005,Male,25-55,19,-4.4188466,.00058792997,-5.397191,0,8.0021687,.039948288
IRL,2005,Male,25-55,20,-4.3984842,.00044646999,-5.3740315,0,8.021246,.040439449
IRL,2005,Male,25-55,21,-4.3781214,.00015810999,-5.350872,0,8.0403242,.041086782
IRL,2005,Male,25-55,22,-4.357759,0,-5.3277125,0,8.0594015,.042004019
IRL,2005,Male,25-55,23,-4.3373961,0,-5.304553,0,8.0784798,.042878829
IRL,2005,Male,25-55,24,-4.3170338,0,-5.2813935,0,8.0975571,.043588482
IRL,2005,Male,25-55,25,-4.2966714,0,-5.258234,0,8.1166353,.044341501
IRL,2005,Male,25-55,26,-4.2763085,0,-5.2350745,0,8.1357126,.045221969
IRL,2005,Male,25-55,27,-4.2559462,0,-5.211915,0,8.1547909,.046263199
IRL,2005,Male,25-55,28,-4.2355833,.00030337,-5.1887555,0,8.1738691,.047334131
IRL,2005,Male,25-55,29,-4.2152209,.00033772999,-5.165596,.000086569999,8.1929464,.048620552
IRL,2005,Male,25-55,30,-4.1948581,.000051849998,-5.1424365,.00017547001,8.2120247,.050103799
IRL,2005,Male,25-55,31,-4.1744957,.00047361001,-5.119277,.00021863999,8.231102,.051416811
IRL,2005,Male,25-55,32,-4.1541333,.00071718998,-5.0961175,.00028167001,8.2501802,.052810069
IRL,2005,Male,25-55,33,-4.1337705,.00054536999,-5.072958,.00033056,8.2692575,.054204009
IRL,2005,Male,25-55,34,-4.1134081,.00036154999,-5.0497985,.00039239999,8.2883358,.055711631
IRL,2005,Male,25-55,35,-4.0930452,.00017776999,-5.026639,.00040575999,8.3074131,.057136718
IRL,2005,Male,25-55,36,-4.0726829,.00037579,-5.0034795,.00052132999,8.3264914,.05855054
IRL,2005,Male,25-55,37,-4.05232,.00070993003,-4.98032,.00049971999,8.3455687,.059756842
IRL,2005,Male,25-55,38,-4.0319576,.00040357999,-4.9571605,.00037821001,8.3646469,.060435262
IRL,2005,Male,25-55,39,-4.0115952,0,-4.934001,.00025943,8.3837252,.061045252
IRL,2005,Male,25-55,40,-3.9912324,0,-4.9108415,.00014264,8.4028025,.06145294
IRL,2005,Male,25-55,41,-3.97087,0,-4.8876824,.000033969998,8.4218807,.061897181
IRL,2005,Male,25-55,42,-3.9505074,0,-4.8645229,0,8.440958,.062220428
IRL,2005,Male,25-55,43,-3.9301448,0,-4.8413634,0,8.4600363,.06250111
IRL,2005,Male,25-55,44,-3.9097822,0,-4.8182039,0,8.4791136,.062969491
IRL,2005,Male,25-55,45,-3.8894196,0,-4.7950444,0,8.4981918,.063635588
IRL,2005,Male,25-55,46,-3.8690569,0,-4.7718849,0,8.5172691,.064664967
IRL,2005,Male,25-55,47,-3.8486943,0,-4.7487254,.00005409,8.5363474,.06586089
IRL,2005,Male,25-55,48,-3.8283319,0,-4.7255659,.00015557,8.5554247,.067287229
IRL,2005,Male,25-55,49,-3.8079693,0,-4.7024064,.00021132,8.5745029,.06937594
IRL,2005,Male,25-55,50,-3.7876067,0,-4.6792469,.00022134,8.5935802,.071490623
IRL,2005,Male,25-55,51,-3.7672441,0,-4.6560874,.00018564,8.6126585,.073704682
IRL,2005,Male,25-55,52,-3.7468815,.000055469998,-4.6329279,.00010421,8.6317368,.07546334
IRL,2005,Male,25-55,53,-3.7265191,.00033874001,-4.6097684,0,8.6508141,.076675512
IRL,2005,Male,25-55,54,-3.7061565,.00090912997,-4.5866089,.000035550001,8.6698923,.077768333
IRL,2005,Male,25-55,55,-3.6857939,.00121687,-4.5634494,.00014367,8.6889696,.079053439
IRL,2005,Male,25-55,56,-3.6654313,.00085985003,-4.5402899,.00020605999,8.7080479,.080282472
IRL,2005,Male,25-55,57,-3.6450686,.00075335999,-4.5171304,.00026894,8.7271252,.081544481
IRL,2005,Male,25-55,58,-3.624706,.00116134,-4.4939709,.00041631001,8.7462034,.082847387
IRL,2005,Male,25-55,59,-3.6043434,.00197809,-4.4708114,.00049481,8.7652807,.083861038
IRL,2005,Male,25-55,60,-3.5839808,.00173726,-4.4476519,.00071240001,8.784359,.084889963
IRL,2005,Male,25-55,61,-3.5636182,.00080186001,-4.4244924,.00094295002,8.8034363,.08634045
IRL,2005,Male,25-55,62,-3.5432558,.00097048999,-4.4013329,.00094487,8.8225145,.087839752
IRL,2005,Male,25-55,63,-3.5228932,.00082598999,-4.3781734,.00073829998,8.8415918,.089502253
IRL,2005,Male,25-55,64,-3.5025306,.00118521,-4.3550138,.00067346002,8.8606701,.091317661
IRL,2005,Male,25-55,65,-3.482168,.00124524,-4.3318543,.00057893002,8.8797474,.093400016
IRL,2005,Male,25-55,66,-3.4618053,.00060052,-4.3086948,.00056939002,8.8988256,.095375799
IRL,2005,Male,25-55,67,-3.441443,.00057526003,-4.2855358,.00074564002,8.9179039,.09699183
IRL,2005,Male,25-55,68,-3.4210804,.00069473998,-4.2623763,.00080839999,8.9369812,.098117307
IRL,2005,Male,25-55,69,-3.4007177,.00073649001,-4.2392168,.00072667003,8.9560595,.099008128
IRL,2005,Male,25-55,70,-3.3803551,.00035968999,-4.2160573,.00067694997,8.9751368,.099953666
IRL,2005,Male,25-55,71,-3.3599925,.00144521,-4.1928978,.00068018999,8.994215,.10105037
IRL,2005,Male,25-55,72,-3.3396299,.0024546799,-4.1697383,.00079898001,9.0132923,.10264441
IRL,2005,Male,25-55,73,-3.3192675,.0023419999,-4.1465788,.00097152003,9.0323706,.10428378
IRL,2005,Male,25-55,74,-3.2989049,.0029874099,-4.1234193,.0011566,9.0514479,.10609702
IRL,2005,Male,25-55,75,-3.2785423,.0028204301,-4.1002598,.0012736199,9.0705261,.10791348
IRL,2005,Male,25-55,76,-3.2581797,.00140335,-4.0771003,.00149039,9.0896034,.10989183
IRL,2005,Male,25-55,77,-3.237817,.0016332699,-4.0539408,.00180747,9.1086817,.11459913
IRL,2005,Male,25-55,78,-3.2174544,.0020909801,-4.0307813,.00194856,9.127759,.11967662
IRL,2005,Male,25-55,79,-3.1970918,.00158338,-4.0076218,.00211159,9.1468372,.12471727
IRL,2005,Male,25-55,80,-3.1767292,.0017114501,-3.9844623,.0022728399,9.1659155,.12875269
IRL,2005,Male,25-55,81,-3.1563668,.00183294,-3.9613028,.0021935999,9.1849928,.13192409
IRL,2005,Male,25-55,82,-3.1360042,.00122535,-3.9381433,.0020892101,9.204071,.13459024
IRL,2005,Male,25-55,83,-3.1156416,.00120639,-3.9149837,.00222282,9.2231483,.13643609
IRL,2005,Male,25-55,84,-3.095279,.00260135,-3.8918242,.0025663499,9.2422266,.13775472
IRL,2005,Male,25-55,85,-3.0749164,.0046434999,-3.8686647,.00318597,9.2613039,.13871136
IRL,2005,Male,25-55,86,-3.054554,.0038274401,-3.8455052,.0036200299,9.2803822,.13945001
IRL,2005,Male,25-55,87,-3.0341914,.00232658,-3.8223457,.00369526,9.2994595,.1402107
IRL,2005,Male,25-55,88,-3.0138288,.0028538001,-3.7991862,.00370553,9.3185377,.14063443
IRL,2005,Male,25-55,89,-2.9934661,.0033249501,-3.7760267,.00351063,9.337615,.14092083
IRL,2005,Male,25-55,90,-2.9731035,.0036408301,-3.7528675,.0033696799,9.3566933,.14106572
IRL,2005,Male,25-55,91,-2.9527409,.00467026,-3.729708,.00396901,9.3757706,.14200719
IRL,2005,Male,25-55,92,-2.9323783,.0044035702,-3.7065485,.0045401501,9.3948488,.14532328
IRL,2005,Male,25-55,93,-2.9120159,.0033722101,-3.6833889,.0049103699,9.4139271,.14929855
IRL,2005,Male,25-55,94,-2.8916533,.0045815199,-3.6602294,.0053123701,9.4330044,.15353464
IRL,2005,Male,25-55,95,-2.8712907,.0059254202,-3.6370699,.0058757798,9.4520826,.15700933
IRL,2005,Male,25-55,96,-2.8509281,.0050278702,-3.6139104,.0061306399,9.4711599,.16050257
IRL,2005,Male,25-55,97,-2.8305655,.0036638801,-3.5907509,.00643453,9.4902382,.16406184
IRL,2005,Male,25-55,98,-2.8102028,.0031085301,-3.5675914,.0065271398,9.5093155,.16760619
IRL,2005,Male,25-55,99,-2.7898402,.0044331099,-3.5444319,.00643472,9.5283937,.17090569
IRL,2005,Male,25-55,100,-2.7694778,.0052194102,-3.5212724,.0065191002,9.547471,.17428683
IRL,2005,Male,25-55,101,-2.7491152,.0047831298,-3.4981129,.0070619001,9.5665493,.17766592
IRL,2005,Male,25-55,102,-2.7287526,.0043935701,-3.4749534,.0078612696,9.5856266,.18159807
IRL,2005,Male,25-55,103,-2.70839,.00446562,-3.4517939,.0090764603,9.6047049,.18594252
IRL,2005,Male,25-55,104,-2.6880274,.0050288499,-3.4286344,.0098236604,9.6237822,.1914205
IRL,2005,Male,25-55,105,-2.667665,.0056599798,-3.4054751,.00948554,9.6428604,.1974584
IRL,2005,Male,25-55,106,-2.6473024,.0054536401,-3.3823156,.0091031101,9.6619387,.20463806
IRL,2005,Male,25-55,107,-2.6269398,.0047436398,-3.3591561,.0083233397,9.681016,.21271132
IRL,2005,Male,25-55,108,-2.6065772,.0048650298,-3.3359966,.0074943299,9.7000942,.22171634
IRL,2005,Male,25-55,109,-2.5862145,.0068182,-3.3128371,.0073414901,9.7191715,.23132081
IRL,2005,Male,25-55,110,-2.5658519,.0085833902,-3.2896776,.0080035198,9.7382498,.24133252
IRL,2005,Male,25-55,111,-2.5454893,.0084701199,-3.2665181,.0092944195,9.7573271,.25226223
IRL,2005,Male,25-55,112,-2.5251267,.0083687101,-3.2433586,.01080666,9.7764053,.26345
IRL,2005,Male,25-55,113,-2.5047643,.0080690403,-3.2201991,.0121652,9.7954826,.27463809
IRL,2005,Male,25-55,114,-2.4844017,.0084761698,-3.1970396,.01279864,9.8145609,.28673986
IRL,2005,Male,25-55,115,-2.4640391,.0077287802,-3.1738801,.0121284,9.8336382,.29912886
IRL,2005,Male,25-55,116,-2.4436765,.0058243601,-3.1507206,.01139352,9.8527164,.31021959
IRL,2005,Male,25-55,117,-2.4233139,.0063748402,-3.1275611,.01080415,9.8717937,.3219288
IRL,2005,Male,25-55,118,-2.4029512,.0078507503,-3.1044016,.01067818,9.890872,.33446836
IRL,2005,Male,25-55,119,-2.3825886,.0083646597,-3.0812421,.01123688,9.9099503,.34645888
IRL,2005,Male,25-55,120,-2.3622262,.0080549903,-3.0580828,.01173194,9.9290276,.35810632
IRL,2005,Male,25-55,121,-2.3418636,.0067245099,-3.0349233,.01140868,9.9481058,.36999291
IRL,2005,Male,25-55,122,-2.321501,.0070332899,-3.0117638,.01098027,9.9671831,.38094914
IRL,2005,Male,25-55,123,-2.3011384,.0095062302,-2.9886043,.01122158,9.9862614,.39168563
IRL,2005,Male,25-55,124,-2.2807758,.01140288,-2.9654448,.01190524,10.005339,.40216151
IRL,2005,Male,25-55,125,-2.2604134,.01158305,-2.9422853,.01358157,10.024417,.41285342
IRL,2005,Male,25-55,126,-2.2400508,.01037366,-2.9191258,.0147165,10.043495,.42339316
IRL,2005,Male,25-55,127,-2.2196882,.0093007796,-2.8959663,.0150289,10.062572,.43302169
IRL,2005,Male,25-55,128,-2.1993256,.0099065099,-2.8728068,.01440451,10.08165,.44459298
IRL,2005,Male,25-55,129,-2.1789629,.01377737,-2.8496473,.01398631,10.100728,.4572013
IRL,2005,Male,25-55,130,-2.1586003,.0138063,-2.826488,.01390749,10.119806,.47022954
IRL,2005,Male,25-55,131,-2.1382377,.01003029,-2.8033285,.0145698,10.138884,.48366544
IRL,2005,Male,25-55,132,-2.1178751,.0092072804,-2.780169,.015904561,10.157961,.49852666
IRL,2005,Male,25-55,133,-2.0975125,.01134191,-2.7570095,.016577611,10.177039,.51488614
IRL,2005,Male,25-55,134,-2.0771501,.01337509,-2.73385,.016525161,10.196117,.53182793
IRL,2005,Male,25-55,135,-2.0567875,.01479741,-2.7106905,.016312251,10.215195,.54898232
IRL,2005,Male,25-55,136,-2.0364249,.0144727,-2.687531,.016308749,10.234273,.56532174
IRL,2005,Male,25-55,137,-2.0160623,.01351144,-2.6643715,.016189,10.253351,.57949585
IRL,2005,Male,25-55,138,-1.9956996,.01370099,-2.641212,.01707362,10.272428,.59303492
IRL,2005,Male,25-55,139,-1.9753371,.01394399,-2.6180525,.01818675,10.291506,.6050716
IRL,2005,Male,25-55,140,-1.9549747,.01440737,-2.594893,.018925071,10.310584,.6166299
IRL,2005,Male,25-55,141,-1.934612,.01225367,-2.5717335,.0196332,10.329662,.62518585
IRL,2005,Male,25-55,142,-1.9142494,.01363531,-2.548574,.02101841,10.34874,.63276672
IRL,2005,Male,25-55,143,-1.8938869,.016703229,-2.5254147,.022045931,10.367817,.63993645
IRL,2005,Male,25-55,144,-1.8735243,.01373174,-2.5022552,.02212872,10.386895,.64506507
IRL,2005,Male,25-55,145,-1.8531617,.01485084,-2.4790957,.02274169,10.405973,.64971393
IRL,2005,Male,25-55,146,-1.8327991,.016421629,-2.4559362,.024123261,10.425051,.65381712
IRL,2005,Male,25-55,147,-1.8124365,.015767571,-2.4327767,.02395859,10.444129,.65794253
IRL,2005,Male,25-55,148,-1.792074,.01820362,-2.4096172,.02398056,10.463206,.6624431
IRL,2005,Male,25-55,149,-1.7717113,.01828816,-2.3864577,.02435351,10.482284,.66692084
IRL,2005,Male,25-55,150,-1.7513489,.016544489,-2.3632982,.02421207,10.501362,.67190439
IRL,2005,Male,25-55,151,-1.7309862,.016097389,-2.3401387,.024365099,10.52044,.67553127
IRL,2005,Male,25-55,152,-1.7106236,.016774369,-2.3169792,.02544803,10.539518,.67719221
IRL,2005,Male,25-55,153,-1.6902611,.01955153,-2.2938197,.02595498,10.558596,.67788893
IRL,2005,Male,25-55,154,-1.6698985,.019554541,-2.2706602,.025804261,10.577673,.6771884
IRL,2005,Male,25-55,155,-1.6495359,.01952328,-2.2475007,.026023099,10.596751,.67439198
IRL,2005,Male,25-55,156,-1.6291733,.024584981,-2.2243412,.02639571,10.615829,.66896659
IRL,2005,Male,25-55,157,-1.6088107,.027638,-2.2011817,.02600533,10.634907,.6604206
IRL,2005,Male,25-55,158,-1.5884482,.025333051,-2.1780224,.02544209,10.653985,.6490016
IRL,2005,Male,25-55,159,-1.5680856,.023684191,-2.1548629,.025037181,10.673062,.63465059
IRL,2005,Male,25-55,160,-1.5477231,.02064801,-2.1317034,.02461338,10.69214,.61859483
IRL,2005,Male,25-55,161,-1.5273604,.02133777,-2.1085439,.025476869,10.711218,.602323
IRL,2005,Male,25-55,162,-1.5069978,.023383951,-2.0853844,.02780514,10.730296,.58630419
IRL,2005,Male,25-55,163,-1.4866353,.024849709,-2.0622249,.02984358,10.749374,.57067811
IRL,2005,Male,25-55,164,-1.4662727,.028734749,-2.0390654,.031945091,10.768452,.55606174
IRL,2005,Male,25-55,165,-1.4459101,.025576429,-2.0159059,.033601459,10.787529,.54271638
IRL,2005,Male,25-55,166,-1.4255475,.02246364,-1.9927464,.033960469,10.806607,.52972591
IRL,2005,Male,25-55,167,-1.405185,.0250485,-1.9695868,.033772301,10.825685,.51734763
IRL,2005,Male,25-55,168,-1.3848224,.024134479,-1.9464273,.03366432,10.844763,.50584298
IRL,2005,Male,25-55,169,-1.3644598,.024053561,-1.9232678,.03226367,10.863841,.49481696
IRL,2005,Male,25-55,170,-1.3440973,.03058367,-1.9001085,.03156323,10.882918,.48524687
IRL,2005,Male,25-55,171,-1.3237346,.03266168,-1.876949,.031876449,10.901996,.47507319
IRL,2005,Male,25-55,172,-1.3033721,.032981198,-1.8537894,.03288509,10.921074,.46437484
IRL,2005,Male,25-55,173,-1.2830095,.03336307,-1.8306299,.034421392,10.940152,.45329174
IRL,2005,Male,25-55,174,-1.2626469,.031234641,-1.8074704,.037553258,10.95923,.44146299
IRL,2005,Male,25-55,175,-1.2422843,.031755392,-1.7843111,.039181449,10.978307,.42824721
IRL,2005,Male,25-55,176,-1.2219217,.033905022,-1.7611516,.039135691,10.997385,.41503251
IRL,2005,Male,25-55,177,-1.2015592,.0325648,-1.737992,.03940865,11.016463,.40236136
IRL,2005,Male,25-55,178,-1.1811966,.03334251,-1.7148325,.039354201,11.035541,.3896184
IRL,2005,Male,25-55,179,-1.160834,.0326721,-1.691673,.040477108,11.054619,.37712958
IRL,2005,Male,25-55,180,-1.1404715,.031862911,-1.6685135,.042414218,11.073697,.36502144
IRL,2005,Male,25-55,181,-1.1201088,.03613184,-1.6453542,.04487478,11.092774,.35265252
IRL,2005,Male,25-55,182,-1.0997463,.041857172,-1.6221946,.047470059,11.111852,.33967891
IRL,2005,Male,25-55,183,-1.0793837,.04227462,-1.5990351,.049222551,11.13093,.32587415
IRL,2005,Male,25-55,184,-1.0590211,.042622808,-1.5758756,.050675489,11.150008,.31167489
IRL,2005,Male,25-55,185,-1.0386585,.043983661,-1.5527161,.050864559,11.169086,.29773727
IRL,2005,Male,25-55,186,-1.018296,.039800528,-1.5295566,.050695341,11.188163,.28368258
IRL,2005,Male,25-55,187,-.99793339,.04278776,-1.5063971,.049928539,11.207241,.26989016
IRL,2005,Male,25-55,188,-.97757077,.047949169,-1.4832376,.051050939,11.226319,.25690314
IRL,2005,Male,25-55,189,-.95720822,.0463158,-1.4600782,.051844329,11.245397,.24396814
IRL,2005,Male,25-55,190,-.9368456,.045166772,-1.4369187,.052622501,11.264475,.23057687
IRL,2005,Male,25-55,191,-.91648304,.044480879,-1.4137592,.054491811,11.283553,.21770497
IRL,2005,Male,25-55,192,-.89612049,.04585981,-1.3905997,.054358039,11.30263,.20535932
IRL,2005,Male,25-55,193,-.87575787,.052711051,-1.3674402,.054676749,11.321708,.19317254
IRL,2005,Male,25-55,194,-.85539532,.05986733,-1.3442807,.056093968,11.340786,.18179376
IRL,2005,Male,25-55,195,-.83503276,.062696539,-1.3211212,.058504801,11.359864,.17122237
IRL,2005,Male,25-55,196,-.81467015,.058199041,-1.2979618,.060649451,11.378942,.16176946
IRL,2005,Male,25-55,197,-.79430759,.057627179,-1.2748023,.063273698,11.398019,.15274094
IRL,2005,Male,25-55,198,-.77394497,.059286751,-1.2516428,.065023683,11.417097,.14370809
IRL,2005,Male,25-55,199,-.75358242,.062983878,-1.2284833,.065948673,11.436175,.13505252
IRL,2005,Male,25-55,200,-.73321986,.068228811,-1.2053238,.067469649,11.455253,.12702073
IRL,2005,Male,25-55,201,-.71285725,.065936409,-1.1821643,.06964092,11.474331,.11965077
IRL,2005,Male,25-55,202,-.69249469,.070280068,-1.1590048,.071960531,11.493408,.11244914
IRL,2005,Male,25-55,203,-.67213213,.077603839,-1.1358453,.07362017,11.512486,.10619246
IRL,2005,Male,25-55,204,-.65176952,.080354042,-1.1126859,.07471668,11.531564,.10017099
IRL,2005,Male,25-55,205,-.63140696,.079416163,-1.0895264,.07576029,11.550642,.09429305
IRL,2005,Male,25-55,206,-.61104435,.073851973,-1.0663669,.078082629,11.56972,.089040272
IRL,2005,Male,25-55,207,-.59068179,.074293889,-1.0432074,.078300111,11.588798,.084258899
IRL,2005,Male,25-55,208,-.57031924,.085635632,-1.0200479,.079436153,11.607875,.079381369
IRL,2005,Male,25-55,209,-.54995662,.093406692,-.99688846,.079339981,11.626953,.07442674
IRL,2005,Male,25-55,210,-.52959406,.09689831,-.97372895,.078728169,11.646031,.069807082
IRL,2005,Male,25-55,211,-.50923145,.10389151,-.95056945,.0821224,11.665109,.065527938
IRL,2005,Male,25-55,212,-.48886889,.10813013,-.92740995,.090145662,11.684187,.061570331
IRL,2005,Male,25-55,213,-.46850631,.1077117,-.9042505,.097845986,11.703264,.057984222
IRL,2005,Male,25-55,214,-.44814375,.11438257,-.881091,.10508363,11.722342,.054693092
IRL,2005,Male,25-55,215,-.42778116,.12146948,-.85793149,.10861645,11.74142,.051813468
IRL,2005,Male,25-55,216,-.40741858,.1303919,-.83477199,.10790205,11.760498,.04907896
IRL,2005,Male,25-55,217,-.38705599,.13414714,-.81161255,.1060753,11.779576,.046554729
IRL,2005,Male,25-55,218,-.36669341,.13620989,-.78845304,.10925495,11.798654,.044278551
IRL,2005,Male,25-55,219,-.34633085,.14022611,-.76529354,.11474932,11.817731,.041995559
IRL,2005,Male,25-55,220,-.32596827,.14947954,-.74213409,.12386329,11.836809,.04010443
IRL,2005,Male,25-55,221,-.30560568,.16176334,-.71897459,.13425857,11.855887,.038458191
IRL,2005,Male,25-55,222,-.28524309,.17867182,-.69581509,.14218491,11.874965,.036805429
IRL,2005,Male,25-55,223,-.26488051,.19969529,-.67265558,.14601007,11.894043,.035065081
IRL,2005,Male,25-55,224,-.24451795,.21615911,-.64949614,.14771378,11.91312,.033223409
IRL,2005,Male,25-55,225,-.22415537,.24071553,-.62633663,.15057665,11.932198,.031382918
IRL,2005,Male,25-55,226,-.2037928,.26680544,-.60317713,.15491544,11.951276,.029524021
IRL,2005,Male,25-55,227,-.18343021,.30101019,-.58001769,.16414177,11.970354,.027857199
IRL,2005,Male,25-55,228,-.16306762,.34808847,-.55685818,.17668006,11.989432,.02645942
IRL,2005,Male,25-55,229,-.14270505,.38636124,-.53369868,.18767291,12.00851,.025295969
IRL,2005,Male,25-55,230,-.12234247,.45917344,-.51053917,.19677055,12.027587,.02427071
IRL,2005,Male,25-55,231,-.10197989,.57757407,-.48737973,.20504083,12.046665,.023433739
IRL,2005,Male,25-55,232,-.081617311,.72396773,-.46422023,.2132635,12.065743,.022559579
IRL,2005,Male,25-55,233,-.061254729,.93890047,-.44106075,.22469285,12.084821,.021535249
IRL,2005,Male,25-55,234,-.04089215,1.2450677,-.41790125,.24207146,12.103899,.02046795
IRL,2005,Male,25-55,235,-.020529579,1.7015553,-.39474177,.2638126,12.122976,.01950202
IRL,2005,Male,25-55,236,-.00016700001,2.2853711,-.37158227,.28510252,12.142054,.01838425
IRL,2005,Male,25-55,237,.020195579,2.9314544,-.3484228,.30443409,12.161132,.017238811
IRL,2005,Male,25-55,238,.040558159,3.493439,-.32526332,.32633036,12.18021,.016192401
IRL,2005,Male,25-55,239,.060920741,3.6932788,-.30210382,.34926182,12.199288,.01508868
IRL,2005,Male,25-55,240,.081283323,3.4064999,-.27894434,.37702653,12.218365,.01399566
IRL,2005,Male,25-55,241,.1016459,2.8038795,-.25578484,.41492826,12.237443,.01295909
IRL,2005,Male,25-55,242,.12200848,2.2070992,-.23262537,.46623072,12.256521,.01210339
IRL,2005,Male,25-55,243,.14237106,1.7576452,-.20946588,.52201295,12.275599,.01134307
IRL,2005,Male,25-55,244,.16273364,1.4123183,-.18630639,.58581841,12.294677,.01070022
IRL,2005,Male,25-55,245,.18309622,1.1536082,-.1631469,.6533885,12.313755,.01010278
IRL,2005,Male,25-55,246,.20345879,.97165132,-.13998741,.73184782,12.332832,.0096677402
IRL,2005,Male,25-55,247,.22382137,.8201803,-.11682793,.8209132,12.35191,.0092224702
IRL,2005,Male,25-55,248,.24418394,.69301528,-.093668438,.9220379,12.370988,.0087415604
IRL,2005,Male,25-55,249,.26454654,.59686083,-.070508949,1.0365684,12.390066,.00829258
IRL,2005,Male,25-55,250,.2849091,.50999844,-.047349472,1.162641,12.409144,.0077525899
IRL,2005,Male,25-55,251,.30527169,.43236163,-.024189981,1.287518,12.428221,.00716689
IRL,2005,Male,25-55,252,.32563427,.38245434,-.00103049,1.408698,12.447299,.0066702799
IRL,2005,Male,25-55,253,.34599686,.35818791,.02212899,1.5077177,12.466377,.0061551402
IRL,2005,Male,25-55,254,.36635944,.32374355,.045288481,1.5650316,12.485455,.00557634
IRL,2005,Male,25-55,255,.386722,.29095387,.06844797,1.5725056,12.504533,.0049955901
IRL,2005,Male,25-55,256,.40708458,.271263,.091607451,1.5485477,12.523611,.0045487299
IRL,2005,Male,25-55,257,.42744717,.25041008,.11476694,1.4895219,12.542688,.0041007502
IRL,2005,Male,25-55,258,.44780973,.22690865,.13792643,1.401311,12.561766,.00371514
IRL,2005,Male,25-55,259,.46817231,.20609678,.1610859,1.2966511,12.580844,.0033992899
IRL,2005,Male,25-55,260,.4885349,.19399321,.18424539,1.1804295,12.599922,.00314724
IRL,2005,Male,25-55,261,.50889748,.17574497,.2074049,1.0527503,12.619,.00286961
IRL,2005,Male,25-55,262,.52926004,.15883106,.23056437,.93749899,12.638077,.0026266901
IRL,2005,Male,25-55,263,.54962265,.15013628,.25372386,.83801937,12.657155,.00252948
IRL,2005,Male,25-55,264,.56998521,.14986236,.27688336,.74900621,12.676233,.00241583
IRL,2005,Male,25-55,265,.59034783,.15132113,.30004284,.66483599,12.695311,.0023906601
IRL,2005,Male,25-55,266,.61071038,.14274301,.32320231,.58870089,12.714389,.0024022299
IRL,2005,Male,25-55,267,.63107294,.13398197,.34636182,.52261025,12.733466,.0023934001
IRL,2005,Male,25-55,268,.65143555,.12996066,.36952129,.47135872,12.752544,.0023751401
IRL,2005,Male,25-55,269,.67179811,.13112992,.39268079,.43039116,12.771622,.0023369601
IRL,2005,Male,25-55,270,.69216067,.12151645,.41584027,.39553404,12.7907,.00236754
IRL,2005,Male,25-55,271,.71252328,.11255593,.43899977,.36248156,12.809778,.0023872899
IRL,2005,Male,25-55,272,.73288584,.1125448,.46215925,.32124528,12.828856,.0023541499
IRL,2005,Male,25-55,273,.75324845,.10264849,.48531872,.28206602,12.847933,.00229066
IRL,2005,Male,25-55,274,.77361101,.096022859,.50847822,.249008,12.867011,.0022734599
IRL,2005,Male,25-55,275,.79397357,.09683644,.53163773,.2241808,12.886089,.0021730601
IRL,2005,Male,25-55,276,.81433618,.096239507,.55479717,.20570594,12.905167,.00200882
IRL,2005,Male,25-55,277,.83469874,.096855603,.57795668,.1911853,12.924245,.001848
IRL,2005,Male,25-55,278,.85506129,.098661892,.60111618,.18048763,12.943322,.00168121
IRL,2005,Male,25-55,279,.87542391,.094184153,.62427562,.16863309,12.9624,.00149672
IRL,2005,Male,25-55,280,.89578646,.09032131,.64743513,.15731969,12.981478,.00137912
IRL,2005,Male,25-55,281,.91614908,.083890706,.67059463,.14914028,13.000556,.0012659
IRL,2005,Male,25-55,282,.93651164,.074980803,.69375414,.14130208,13.019634,.0011623
IRL,2005,Male,25-55,283,.95687419,.07378231,.71691358,.13192177,13.038712,.00104654
IRL,2005,Male,25-55,284,.97723681,.073168591,.74007308,.12474976,13.057789,.00094210001
IRL,2005,Male,25-55,285,.99759936,.072645411,.76323259,.11818975,13.076867,.00088424998
IRL,2005,Male,25-55,286,1.017962,.070566632,.78639203,.10988192,13.095945,.00079188001
IRL,2005,Male,25-55,287,1.0383245,.067579582,.80955154,.10395604,13.115023,.00068931998
IRL,2005,Male,25-55,288,1.0586871,.065485202,.83271104,.097919211,13.134101,.00063236
IRL,2005,Male,25-55,289,1.0790497,.060463142,.85587054,.091948152,13.153178,.00058598001
IRL,2005,Male,25-55,290,1.0994123,.057877868,.87902999,.085884079,13.172256,.00050934998
IRL,2005,Male,25-55,291,1.1197749,.060107011,.90218949,.080890879,13.191334,.00041663999
IRL,2005,Male,25-55,292,1.1401374,.060053442,.925349,.076173916,13.210412,.00033544001
IRL,2005,Male,25-55,293,1.1605,.056812871,.94850844,.072986729,13.22949,.00028563
IRL,2005,Male,25-55,294,1.1808625,.057673302,.97166795,.072167523,13.248567,.00028223
IRL,2005,Male,25-55,295,1.2012252,.057937201,.99482745,.072728999,13.267645,.00029641
IRL,2005,Male,25-55,296,1.2215877,.058290951,1.0179869,.072081052,13.286723,.00032769999
IRL,2005,Male,25-55,297,1.2419503,.058738042,1.0411464,.070662417,13.305801,.00037612999
IRL,2005,Male,25-55,298,1.2623129,.054078151,1.0643059,.068276703,13.324879,.00040707001
IRL,2005,Male,25-55,299,1.2826755,.052457958,1.0874654,.063830078,13.343957,.00043469999
IRL,2005,Male,25-55,300,1.3030381,.051417191,1.1106249,.058143981,13.363034,.00047736999
IRL,2005,Male,25-55,301,1.3234006,.04391408,1.1337844,.054826431,13.382112,.00050751999
IRL,2005,Male,25-55,302,1.3437632,.04244031,1.1569438,.0531426,13.40119,.00051985
IRL,2005,Male,25-55,303,1.3641258,.043454781,1.1801033,.0543283,13.420268,.00052598998
IRL,2005,Male,25-55,304,1.3844883,.043946199,1.2032628,.05542447,13.439346,.00051470997
IRL,2005,Male,25-55,305,1.404851,.0470916,1.2264223,.05728941,13.458423,.00048892002
IRL,2005,Male,25-55,306,1.4252135,.043650571,1.2495818,.055736519,13.477501,.00043561999
IRL,2005,Male,25-55,307,1.4455761,.036928639,1.2727413,.052096222,13.496579,.00037892
IRL,2005,Male,25-55,308,1.4659387,.0345359,1.2959008,.047544681,13.515657,.00034900999
IRL,2005,Male,25-55,309,1.4863013,.035804611,1.3190603,.043979209,13.534735,.00032316
IRL,2005,Male,25-55,310,1.5066639,.03893156,1.3422197,.041505639,13.553813,.00028606001
IRL,2005,Male,25-55,311,1.5270264,.03793196,1.3653792,.0402673,13.57289,.00025709
IRL,2005,Male,25-55,312,1.547389,.035455558,1.3885387,.039919809,13.591968,.00022777999
IRL,2005,Male,25-55,313,1.5677516,.034733489,1.4116982,.040841449,13.611046,.00018472
IRL,2005,Male,25-55,314,1.5881141,.036226358,1.4348577,.04077113,13.630124,.00014649
IRL,2005,Male,25-55,315,1.6084768,.033742111,1.4580172,.03975511,13.649202,.00012415
IRL,2005,Male,25-55,316,1.6288393,.02892765,1.4811767,.038571682,13.668279,.00013008001
IRL,2005,Male,25-55,317,1.6492019,.02761622,1.5043361,.03682838,13.687357,.00012775
IRL,2005,Male,25-55,318,1.6695645,.02775649,1.5274956,.0344988,13.706435,.00011717
IRL,2005,Male,25-55,319,1.6899271,.027447071,1.5506551,.03376326,13.725513,.00012636
IRL,2005,Male,25-55,320,1.7102896,.02333786,1.5738146,.03287543,13.744591,.00014013999
IRL,2005,Male,25-55,321,1.7306522,.022638161,1.5969741,.031663708,13.763668,.0001492
IRL,2005,Male,25-55,322,1.7510148,.0270958,1.6201336,.03013969,13.782746,.00016457999
IRL,2005,Male,25-55,323,1.7713774,.02391454,1.6432931,.02904857,13.801824,.00017066
IRL,2005,Male,25-55,324,1.7917399,.01986408,1.6664526,.027991479,13.820902,.00018562999
IRL,2005,Male,25-55,325,1.8121026,.019747499,1.689612,.027503829,13.83998,.00019234
IRL,2005,Male,25-55,326,1.8324651,.022755779,1.7127715,.02764534,13.859058,.0001908
IRL,2005,Male,25-55,327,1.8528277,.023304719,1.735931,.02683999,13.878135,.00018100999
IRL,2005,Male,25-55,328,1.8731903,.018696919,1.7590905,.026339529,13.897213,.00016297
IRL,2005,Male,25-55,329,1.8935529,.01751372,1.78225,.025910521,13.916291,.00013668
IRL,2005,Male,25-55,330,1.9139154,.01859124,1.8054096,.026729001,13.935369,.0001151
IRL,2005,Male,25-55,331,1.934278,.017570419,1.8285691,.02646412,13.954447,.00009537
IRL,2005,Male,25-55,332,1.9546406,.01637255,1.8517284,.025076751,13.973524,.000070139999
IRL,2005,Male,25-55,333,1.9750032,.01831512,1.8748879,.023317929,13.992602,.000039409999
IRL,2005,Male,25-55,334,1.9953659,.01774938,1.8980474,.02094024,14.01168,.000024409999
IRL,2005,Male,25-55,335,2.0157282,.01814788,1.921207,.018602129,14.030758,6.7609999e-06
IRL,2005,Male,25-55,336,2.0360909,.01757504,1.9443665,.016868319,14.049836,0
IRL,2005,Male,25-55,337,2.0564535,.01477083,1.967526,.01683186,14.068914,0
IRL,2005,Male,25-55,338,2.0768161,.01235845,1.9906853,.016809851,14.087991,0
IRL,2005,Male,25-55,339,2.0971787,.01072667,2.013845,.01659167,14.107069,0
IRL,2005,Male,25-55,340,2.1175413,.0119631,2.0370042,.01621408,14.126147,0
IRL,2005,Male,25-55,341,2.1379037,.01379085,2.0601637,.016539549,14.145225,5.3909998e-06
IRL,2005,Male,25-55,342,2.1582663,.0134619,2.0833232,.016316829,14.164303,.00002324
IRL,2005,Male,25-55,343,2.1786289,.01159056,2.1064827,.01552462,14.18338,.000038329999
IRL,2005,Male,25-55,344,2.1989915,.0102578,2.1296422,.01459513,14.202458,.000050670002
IRL,2005,Male,25-55,345,2.2193542,.01026123,2.1528018,.01334896,14.221536,.000060260001
IRL,2005,Male,25-55,346,2.2397168,.01015156,2.1759613,.01210259,14.240614,.000067109999
IRL,2005,Male,25-55,347,2.2600794,.01007909,2.1991208,.01113827,14.259692,.000071199996
IRL,2005,Male,25-55,348,2.280442,.0093714297,2.2222803,.01051088,14.278769,.000072540002
IRL,2005,Male,25-55,349,2.3008044,.0089152604,2.2454398,.01030635,14.297847,.000071130002
IRL,2005,Male,25-55,350,2.321167,.0074744401,2.2685993,.0097382497,14.316925,.000066970002
IRL,2005,Male,25-55,351,2.3415296,.0079000499,2.2917588,.0087074097,14.336003,.00006006
IRL,2005,Male,25-55,352,2.3618922,.0081563601,2.3149183,.0087248404,14.355081,.000050400002
IRL,2005,Male,25-55,353,2.3822548,.0067152302,2.3380778,.0087311398,14.374159,.000037990001
IRL,2005,Male,25-55,354,2.4026172,.0053300899,2.3612373,.0082622096,14.393236,.00002283
IRL,2005,Male,25-55,355,2.4229798,.0033754001,2.3843966,.0076054102,14.412314,4.9209998e-06
IRL,2005,Male,25-55,356,2.4433424,.0040064901,2.4075561,.0065085599,14.431392,0
IRL,2005,Male,25-55,357,2.4637051,.0043726498,2.4307156,.0053304201,14.45047,0
IRL,2005,Male,25-55,358,2.4840677,.0030471899,2.4538751,.0045535099,14.469548,0
IRL,2005,Male,25-55,359,2.5044303,.0036037399,2.4770346,.00392354,14.488625,0
IRL,2005,Male,25-55,360,2.5247929,.00347307,2.5001941,.0040614498,14.507703,0
IRL,2005,Male,25-55,361,2.5451553,.00423253,2.5233536,.0042432901,14.526781,0
IRL,2005,Male,25-55,362,2.5655179,.0057762899,2.5465131,.0044491198,14.545859,0
IRL,2005,Male,25-55,363,2.5858805,.0051980298,2.5696726,.0048576901,14.564937,0
IRL,2005,Male,25-55,364,2.6062431,.0040313699,2.5928321,.0057500601,14.584015,0
IRL,2005,Male,25-55,365,2.6266057,.0029817801,2.6159916,.0060359798,14.603092,0
IRL,2005,Male,25-55,366,2.6469684,.0027855199,2.6391511,.0056990599,14.62217,0
IRL,2005,Male,25-55,367,2.667331,.00263083,2.6623106,.0052245301,14.641248,9.2570002e-07
IRL,2005,Male,25-55,368,2.6876934,.00240644,2.6854701,.00449479,14.660326,.0000194
IRL,2005,Male,25-55,369,2.708056,.0025770499,2.7086296,.0036782101,14.679404,.00003512
IRL,2005,Male,25-55,370,2.7284186,.00306598,2.7317889,.00333713,14.698481,.000048090002
IRL,2005,Male,25-55,371,2.7487812,.0023896601,2.7549484,.0033929001,14.717559,.000058310001
IRL,2005,Male,25-55,372,2.7691438,.00144349,2.7781079,.00312241,14.736637,.000065790002
IRL,2005,Male,25-55,373,2.7895062,.00085114001,2.8012674,.0034050499,14.755715,.000070510003
IRL,2005,Male,25-55,374,2.8098688,.00065548002,2.8244269,.00342397,14.774793,.000072479997
IRL,2005,Male,25-55,375,2.8302314,.00115676,2.8475864,.0038437599,14.79387,.0000717
IRL,2005,Male,25-55,376,2.850594,.00165121,2.8707459,.0041143699,14.812948,.000068169997
IRL,2005,Male,25-55,377,2.8709567,.00118432,2.8939054,.0041319798,14.832026,.000061890001
IRL,2005,Male,25-55,378,2.8913193,.00092091999,2.9170649,.0034471799,14.851104,.000052849999
IRL,2005,Male,25-55,379,2.9116819,.0007265,2.9402244,.00311722,14.870182,.000041070001
IRL,2005,Male,25-55,380,2.9320445,.00065526,2.9633839,.0025629899,14.88926,.000026539999
IRL,2005,Male,25-55,381,2.9524069,.00160185,2.9865434,.0020860101,14.908337,9.2580003e-06
IRL,2005,Male,25-55,382,2.9727695,.00133984,3.0097027,.00177821,14.927415,6.8099998e-06
IRL,2005,Male,25-55,383,2.9931321,.00034515999,3.0328622,.00132729,14.946493,.000024450001
IRL,2005,Male,25-55,384,3.0134947,.00038233001,3.0560217,.00092641998,14.965571,.000039340001
IRL,2005,Male,25-55,385,3.0338573,.00050989998,3.0791812,.00080822001,14.984649,.000051480001
IRL,2005,Male,25-55,386,3.05422,.00058538001,3.1023407,.00091387,15.003726,.000060869999
IRL,2005,Male,25-55,387,3.0745823,.00035335001,3.1255002,.0010917099,15.022804,.000067510002
IRL,2005,Male,25-55,388,3.094945,.00011702,3.1486597,.00108842,15.041882,.000071390001
IRL,2005,Male,25-55,389,3.1153076,.00030001,3.1718192,.00095670001,15.06096,.000072529998
IRL,2005,Male,25-55,390,3.1356702,.00071037997,3.1949787,.00074639003,15.080038,.000080769998
IRL,2005,Male,25-55,391,3.1560328,.00048027001,3.2181382,.00058301003,15.099116,.0000936
IRL,2005,Male,25-55,392,3.1763954,0,3.2412977,.00046566999,15.118193,.00010093
IRL,2005,Male,25-55,393,3.1967578,0,3.264457,.00052606,15.137271,.00010276
IRL,2005,Male,25-55,394,3.2171204,0,3.2876165,.00049189001,15.156349,.000099090001
IRL,2005,Male,25-55,395,3.237483,0,3.310776,.00034366001,15.175427,.000089920002
IRL,2005,Male,25-55,396,3.2578456,0,3.3339355,.00027630999,15.194505,.000075249998
IRL,2005,Male,25-55,397,3.2782083,0,3.357095,.00030915,15.213582,.000072460003
IRL,2005,Male,25-55,398,3.2985709,.000080379999,3.3802545,.00025203,15.23266,.000070399998
IRL,2005,Male,25-55,399,3.3189335,.00034527999,3.403414,.00021954,15.251738,.00006559
IRL,2005,Male,25-55,400,3.3392961,.00028994001,3.4265735,.00017852,15.270816,.00005803
IRL,2010,Male,25-55,1,-4.8021827,.00038201001,-4.1989017,.00030608001,7.6654453,.00676631
IRL,2010,Male,25-55,2,-4.7819734,.00041991999,-4.1759381,.00044127999,7.6835508,.0094350995
IRL,2010,Male,25-55,3,-4.761764,0,-4.1529746,.00045778,7.7016563,.01234127
IRL,2010,Male,25-55,4,-4.7415547,0,-4.1300111,.00035558999,7.7197623,.01562356
IRL,2010,Male,25-55,5,-4.7213454,0,-4.1070476,.00020394,7.7378678,.019053601
IRL,2010,Male,25-55,6,-4.7011361,0,-4.084084,.00018064999,7.7559733,.02266161
IRL,2010,Male,25-55,7,-4.6809268,0,-4.0611205,.00032774999,7.7740793,.026204539
IRL,2010,Male,25-55,8,-4.6607175,0,-4.038157,.00042057,7.7921848,.02974684
IRL,2010,Male,25-55,9,-4.6405087,0,-4.0151935,.00042579,7.8102908,.0329042
IRL,2010,Male,25-55,10,-4.6202993,.00023506999,-3.9922297,.00040786,7.8283963,.03585203
IRL,2010,Male,25-55,11,-4.60009,.0004743,-3.9692662,.00036440001,7.8465018,.038384441
IRL,2010,Male,25-55,12,-4.5798807,.00011072,-3.9463027,.00028760001,7.8646078,.040385298
IRL,2010,Male,25-55,13,-4.5596714,0,-3.9233391,.00044321999,7.8827133,.041651022
IRL,2010,Male,25-55,14,-4.5394621,0,-3.9003756,.00085516,7.9008193,.042778939
IRL,2010,Male,25-55,15,-4.5192528,0,-3.8774121,.00146344,7.9189248,.044071048
IRL,2010,Male,25-55,16,-4.4990435,0,-3.8544486,.00186718,7.9370303,.04565613
IRL,2010,Male,25-55,17,-4.4788346,0,-3.831485,.00194151,7.9551363,.047018409
IRL,2010,Male,25-55,18,-4.4586253,0,-3.8085215,.0016266,7.9732418,.048386522
IRL,2010,Male,25-55,19,-4.438416,0,-3.785558,.00114991,7.9913478,.049710412
IRL,2010,Male,25-55,20,-4.4182067,0,-3.7625942,.00106652,8.0094538,.051062729
IRL,2010,Male,25-55,21,-4.3979974,0,-3.7396307,.0011558899,8.0275593,.052185811
IRL,2010,Male,25-55,22,-4.3777881,0,-3.7166674,.0011495301,8.0456648,.053282309
IRL,2010,Male,25-55,23,-4.3575788,0,-3.6937037,.00114473,8.0637703,.054231189
IRL,2010,Male,25-55,24,-4.3373699,0,-3.6707401,.001147,8.0818758,.055081859
IRL,2010,Male,25-55,25,-4.3171606,0,-3.6477766,.00135892,8.0999813,.055377711
IRL,2010,Male,25-55,26,-4.2969513,0,-3.6248131,.0019575499,8.1180878,.05572566
IRL,2010,Male,25-55,27,-4.276742,0,-3.6018496,.00256007,8.1361933,.05597771
IRL,2010,Male,25-55,28,-4.2565327,0,-3.578886,.00260513,8.1542988,.056125991
IRL,2010,Male,25-55,29,-4.2363234,.00012955,-3.5559225,.00243412,8.1724043,.056031369
IRL,2010,Male,25-55,30,-4.216114,.00047584,-3.532959,.00201776,8.1905098,.056003649
IRL,2010,Male,25-55,31,-4.1959047,.00021930999,-3.5099955,.0019982799,8.2086163,.056017861
IRL,2010,Male,25-55,32,-4.1756954,0,-3.4870317,.0026197401,8.2267218,.056248419
IRL,2010,Male,25-55,33,-4.1554866,0,-3.4640684,.0031568899,8.2448273,.056516379
IRL,2010,Male,25-55,34,-4.1352773,.00012471,-3.4411047,.0033547401,8.2629328,.056937691
IRL,2010,Male,25-55,35,-4.115068,.00047549,-3.4181411,.0029036901,8.2810383,.057394609
IRL,2010,Male,25-55,36,-4.0948586,.00022345,-3.3951776,.0022479401,8.2991447,.058017481
IRL,2010,Male,25-55,37,-4.0746493,0,-3.3722141,.0021388,8.3172503,.058541428
IRL,2010,Male,25-55,38,-4.05444,0,-3.3492506,.0022076201,8.3353558,.059402861
IRL,2010,Male,25-55,39,-4.0342307,.00043345999,-3.326287,.0027566401,8.3534613,.06053286
IRL,2010,Male,25-55,40,-4.0140214,.00080528,-3.3033235,.0034692499,8.3715668,.061552551
IRL,2010,Male,25-55,41,-3.9938123,.00034599999,-3.28036,.00413553,8.3896732,.062268268
IRL,2010,Male,25-55,42,-3.973603,.00041312,-3.2573965,.0046537202,8.4077787,.063202977
IRL,2010,Male,25-55,43,-3.9533937,.0014090301,-3.2344329,.0047166701,8.4258842,.06429866
IRL,2010,Male,25-55,44,-3.9331846,.00101714,-3.2114694,.00489457,8.4439898,.065533131
IRL,2010,Male,25-55,45,-3.9129753,.00094001001,-3.1885059,.0054637901,8.4620953,.066773929
IRL,2010,Male,25-55,46,-3.892766,.00025379,-3.1655421,.0055386801,8.4802017,.068946823
IRL,2010,Male,25-55,47,-3.8725567,.00024713,-3.1425786,.0057185101,8.4983072,.071358733
IRL,2010,Male,25-55,48,-3.8523476,.00064113003,-3.1196151,.0055277799,8.5164127,.07374417
IRL,2010,Male,25-55,49,-3.8321383,.00057301001,-3.0966516,.0049097301,8.5345182,.076062657
IRL,2010,Male,25-55,50,-3.811929,.00018372,-3.073688,.0050819898,8.5526237,.078333251
IRL,2010,Male,25-55,51,-3.7917199,0,-3.0507245,.0057330299,8.5707302,.080283143
IRL,2010,Male,25-55,52,-3.7715106,.00021607,-3.027761,.0060392302,8.5888357,.082199112
IRL,2010,Male,25-55,53,-3.7513013,.00141081,-3.0047975,.0063073901,8.6069412,.083728477
IRL,2010,Male,25-55,54,-3.731092,.00193065,-2.9818339,.0060378602,8.6250467,.08531858
IRL,2010,Male,25-55,55,-3.7108829,.00043933,-2.9588704,.0056604999,8.6431522,.086743191
IRL,2010,Male,25-55,56,-3.6906736,0,-2.9359069,.0055452199,8.6612587,.087898977
IRL,2010,Male,25-55,57,-3.6704643,.00070976,-2.9129434,.0059397998,8.6793642,.088704787
IRL,2010,Male,25-55,58,-3.650255,.00123743,-2.8899796,.00698232,8.6974697,.089206263
IRL,2010,Male,25-55,59,-3.6300459,.00045197,-2.8670163,.0073335501,8.7155752,.089637078
IRL,2010,Male,25-55,60,-3.6098366,.00016982001,-2.8440526,.0074538202,8.7336807,.090195112
IRL,2010,Male,25-55,61,-3.5896273,.00047748,-2.821089,.0071954201,8.7517862,.090254292
IRL,2010,Male,25-55,62,-3.569418,.00130347,-2.7981255,.0070397099,8.7698927,.090560399
IRL,2010,Male,25-55,63,-3.5492089,.00157125,-2.775162,.0063412101,8.7879982,.091046043
IRL,2010,Male,25-55,64,-3.5289996,.00075413001,-2.7521985,.0061612502,8.8061037,.09117876
IRL,2010,Male,25-55,65,-3.5087903,.00107602,-2.7292349,.0056658601,8.8242092,.09124516
IRL,2010,Male,25-55,66,-3.4885809,.00139379,-2.7062714,.0059510502,8.8423157,.091348417
IRL,2010,Male,25-55,67,-3.4683716,.00122228,-2.6833079,.0063284002,8.8604212,.091625251
IRL,2010,Male,25-55,68,-3.4481626,.0022215601,-2.6603444,.00704868,8.8785267,.092193119
IRL,2010,Male,25-55,69,-3.4279532,.00237069,-2.6373806,.0079237502,8.8966322,.092994727
IRL,2010,Male,25-55,70,-3.4077439,.0022106401,-2.6144173,.0084816599,8.9147377,.094276547
IRL,2010,Male,25-55,71,-3.3875346,.00323923,-2.5914538,.0090915402,8.9328442,.095657542
IRL,2010,Male,25-55,72,-3.3673255,.00368565,-2.56849,.0095265396,8.9509497,.09740451
IRL,2010,Male,25-55,73,-3.3471162,.0037960701,-2.5455265,.009025,8.9690552,.099270277
IRL,2010,Male,25-55,74,-3.3269069,.0039344202,-2.522563,.0082977898,8.9871607,.10129905
IRL,2010,Male,25-55,75,-3.3066976,.00270215,-2.4995995,.00779026,9.0052662,.10373124
IRL,2010,Male,25-55,76,-3.2864883,.0021422999,-2.4766359,.0069897599,9.0233727,.1066104
IRL,2010,Male,25-55,77,-3.2662792,.0020781001,-2.4536724,.00659903,9.0414782,.10989313
IRL,2010,Male,25-55,78,-3.2460699,.0038423799,-2.4307089,.0071926699,9.0595837,.11317911
IRL,2010,Male,25-55,79,-3.2258606,.0038735401,-2.4077454,.0075606001,9.0776892,.11640864
IRL,2010,Male,25-55,80,-3.2056513,.0039110798,-2.3847818,.00820853,9.0957947,.11901015
IRL,2010,Male,25-55,81,-3.1854422,.0043156501,-2.3618183,.0090794601,9.1139002,.12086726
IRL,2010,Male,25-55,82,-3.1652329,.0039975699,-2.3388548,.0097569898,9.1320066,.12229603
IRL,2010,Male,25-55,83,-3.1450236,.00357499,-2.315891,.01015371,9.1501122,.1239444
IRL,2010,Male,25-55,84,-3.1248145,.0039165402,-2.2929275,.01105258,9.1682177,.12585603
IRL,2010,Male,25-55,85,-3.1046052,.0055555799,-2.269964,.01205866,9.1863232,.12793124
IRL,2010,Male,25-55,86,-3.0843959,.0048175901,-2.2470005,.01331512,9.2044287,.12988171
IRL,2010,Male,25-55,87,-3.0641868,.00359193,-2.2240369,.01493791,9.2225351,.13163233
IRL,2010,Male,25-55,88,-3.0439775,.00287101,-2.2010734,.016255081,9.2406406,.13444835
IRL,2010,Male,25-55,89,-3.0237682,.0043612602,-2.1781099,.01600584,9.2587461,.13880827
IRL,2010,Male,25-55,90,-3.0035589,.0051402301,-2.1551464,.01529894,9.2768517,.14346172
IRL,2010,Male,25-55,91,-2.9833496,.0033374501,-2.1321828,.01449894,9.2949572,.14783771
IRL,2010,Male,25-55,92,-2.9631405,.0022611001,-2.1092193,.01385233,9.3130636,.15177473
IRL,2010,Male,25-55,93,-2.9429312,.00632702,-2.0862558,.01422104,9.3311691,.15570815
IRL,2010,Male,25-55,94,-2.9227219,.0067078201,-2.0632923,.01589632,9.3492746,.15977925
IRL,2010,Male,25-55,95,-2.9025126,.0040769302,-2.0403285,.017116129,9.3673801,.16384868
IRL,2010,Male,25-55,96,-2.8823035,.0041735098,-2.0173652,.018964849,9.3854856,.16762996
IRL,2010,Male,25-55,97,-2.8620942,.0036662701,-1.9944015,.02050532,9.4035921,.17086995
IRL,2010,Male,25-55,98,-2.8418849,.0050856601,-1.9714381,.020318421,9.4216976,.17319316
IRL,2010,Male,25-55,99,-2.8216755,.00435569,-1.9484744,.0189697,9.4398031,.17488958
IRL,2010,Male,25-55,100,-2.8014662,.00525606,-1.9255109,.017526289,9.4579086,.17592166
IRL,2010,Male,25-55,101,-2.7812572,.00576453,-1.9025474,.017224031,9.4760141,.1771151
IRL,2010,Male,25-55,102,-2.7610478,.0074672601,-1.8795838,.018719669,9.4941206,.17828974
IRL,2010,Male,25-55,103,-2.7408385,.0080489796,-1.8566203,.02002747,9.5122261,.17953627
IRL,2010,Male,25-55,104,-2.7206292,.0051142001,-1.8336567,.02096211,9.5303316,.18142986
IRL,2010,Male,25-55,105,-2.7004201,.0066144802,-1.8106931,.022712899,9.5484371,.18511002
IRL,2010,Male,25-55,106,-2.6802108,.0089167897,-1.7877296,.023436639,9.5665426,.18993853
IRL,2010,Male,25-55,107,-2.6600015,.0068442398,-1.7647661,.02466703,9.5846491,.19518471
IRL,2010,Male,25-55,108,-2.6397922,.0070887902,-1.7418026,.02501595,9.6027546,.20107917
IRL,2010,Male,25-55,109,-2.6195831,.0062945001,-1.718839,.02388484,9.6208601,.20682153
IRL,2010,Male,25-55,110,-2.5993738,.0072867498,-1.6958755,.023850581,9.6389656,.21264987
IRL,2010,Male,25-55,111,-2.5791645,.0088784099,-1.6729119,.0251916,9.6570711,.21926197
IRL,2010,Male,25-55,112,-2.5589552,.01197731,-1.6499484,.026075371,9.6751776,.22636341
IRL,2010,Male,25-55,113,-2.5387461,.01244703,-1.6269848,.02618519,9.6932831,.23465618
IRL,2010,Male,25-55,114,-2.5185368,.0091327,-1.6040213,.02490891,9.7113886,.24423958
IRL,2010,Male,25-55,115,-2.4983275,.01015287,-1.5810578,.0227302,9.7294941,.25502205
IRL,2010,Male,25-55,116,-2.4781182,.01201649,-1.5580941,.02235068,9.7475996,.26595032
IRL,2010,Male,25-55,117,-2.4579091,.0088438401,-1.5351307,.02315514,9.7657061,.27622837
IRL,2010,Male,25-55,118,-2.4376998,.01009224,-1.5121671,.02693502,9.7838116,.28707543
IRL,2010,Male,25-55,119,-2.4174905,.01195114,-1.4892036,.03029486,9.8019171,.29908127
IRL,2010,Male,25-55,120,-2.3972814,.00975894,-1.46624,.03103471,9.8200226,.31127295
IRL,2010,Male,25-55,121,-2.3770721,.0097271902,-1.4432765,.030078851,9.8381281,.32363075
IRL,2010,Male,25-55,122,-2.3568628,.0095913,-1.420313,.02998399,9.8562346,.33552873
IRL,2010,Male,25-55,123,-2.3366535,.0120879,-1.3973494,.03081347,9.8743401,.34730151
IRL,2010,Male,25-55,124,-2.3164442,.01320839,-1.374386,.033738099,9.8924456,.35964739
IRL,2010,Male,25-55,125,-2.2962351,.01061881,-1.3514223,.03702455,9.9105511,.37190357
IRL,2010,Male,25-55,126,-2.2760258,.01184775,-1.3284588,.038283341,9.9286566,.38254914
IRL,2010,Male,25-55,127,-2.2558165,.01222691,-1.3054951,.03830874,9.946763,.39332077
IRL,2010,Male,25-55,128,-2.2356071,.01089607,-1.2825317,.038557991,9.9648685,.40384203
IRL,2010,Male,25-55,129,-2.2153981,.01114001,-1.2595682,.03867799,9.9829741,.4141435
IRL,2010,Male,25-55,130,-2.1951888,.01068054,-1.2366046,.038967941,10.00108,.42379886
IRL,2010,Male,25-55,131,-2.1749794,.01249781,-1.213641,.04023004,10.019185,.43442455
IRL,2010,Male,25-55,132,-2.1547701,.0164499,-1.1906775,.040678948,10.037291,.44567049
IRL,2010,Male,25-55,133,-2.1345611,.01458959,-1.167714,.040090188,10.055397,.45642334
IRL,2010,Male,25-55,134,-2.1143517,.01242626,-1.1447504,.040854011,10.073502,.4664019
IRL,2010,Male,25-55,135,-2.0941424,.0141456,-1.121787,.040800858,10.091608,.47723711
IRL,2010,Male,25-55,136,-2.0739331,.01842957,-1.0988234,.04226277,10.109714,.48747414
IRL,2010,Male,25-55,137,-2.0537238,.01462967,-1.0758598,.046266481,10.12782,.49658927
IRL,2010,Male,25-55,138,-2.0335147,.01382318,-1.0528963,.050077409,10.145925,.50510985
IRL,2010,Male,25-55,139,-2.0133054,.01627896,-1.0299327,.0530416,10.164031,.51399618
IRL,2010,Male,25-55,140,-1.9930962,.01520608,-1.0069692,.05652928,10.182137,.52279872
IRL,2010,Male,25-55,141,-1.9728869,.018520771,-.98400563,.057684459,10.200242,.53128278
IRL,2010,Male,25-55,142,-1.9526777,.02377099,-.96104211,.05780369,10.218348,.53907841
IRL,2010,Male,25-55,143,-1.9324684,.020157089,-.93807852,.05985928,10.236454,.54686517
IRL,2010,Male,25-55,144,-1.9122592,.016281109,-.915115,.06160761,10.254559,.55517423
IRL,2010,Male,25-55,145,-1.8920499,.014357,-.89215147,.064473227,10.272665,.56277579
IRL,2010,Male,25-55,146,-1.8718406,.01856662,-.86918789,.068559781,10.290771,.56963325
IRL,2010,Male,25-55,147,-1.8516314,.02290998,-.84622437,.071354382,10.308876,.57553118
IRL,2010,Male,25-55,148,-1.8314221,.021816989,-.82326084,.074223138,10.326982,.58127588
IRL,2010,Male,25-55,149,-1.8112129,.018348871,-.80029726,.07674408,10.345088,.58703458
IRL,2010,Male,25-55,150,-1.7910036,.021132831,-.77733374,.079696007,10.363194,.5922271
IRL,2010,Male,25-55,151,-1.7707944,.02474035,-.75437021,.08310698,10.381299,.59776813
IRL,2010,Male,25-55,152,-1.7505851,.02640206,-.73140669,.086432047,10.399405,.6028859
IRL,2010,Male,25-55,153,-1.7303759,.025456879,-.70844311,.089167409,10.417511,.60740936
IRL,2010,Male,25-55,154,-1.7101666,.023829009,-.68547958,.094431311,10.435616,.61139792
IRL,2010,Male,25-55,155,-1.6899574,.022855589,-.66251606,.10222754,10.453722,.61550963
IRL,2010,Male,25-55,156,-1.6697481,.02644521,-.63955247,.11062562,10.471828,.61977285
IRL,2010,Male,25-55,157,-1.6495388,.024757629,-.61658895,.11687586,10.489933,.62330288
IRL,2010,Male,25-55,158,-1.6293296,.01850868,-.59362543,.12133431,10.508039,.62539256
IRL,2010,Male,25-55,159,-1.6091202,.02351491,-.57066184,.12356106,10.526145,.62717938
IRL,2010,Male,25-55,160,-1.5889111,.02777553,-.54769832,.13109444,10.544251,.62835044
IRL,2010,Male,25-55,161,-1.5687017,.024237709,-.5247348,.14362288,10.562356,.62825125
IRL,2010,Male,25-55,162,-1.5484926,.022565911,-.50177121,.15151365,10.580462,.62665933
IRL,2010,Male,25-55,163,-1.5282834,.021896061,-.47880769,.15998837,10.598568,.62376046
IRL,2010,Male,25-55,164,-1.508074,.025582381,-.45584416,.16602895,10.616673,.61908245
IRL,2010,Male,25-55,165,-1.4878649,.02700795,-.43288061,.17287108,10.634779,.61337256
IRL,2010,Male,25-55,166,-1.4676557,.02717898,-.40991706,.18579102,10.652885,.60662258
IRL,2010,Male,25-55,167,-1.4474463,.023720309,-.38695353,.20486872,10.67099,.59830546
IRL,2010,Male,25-55,168,-1.4272372,.024818759,-.36398998,.22488803,10.689096,.58946508
IRL,2010,Male,25-55,169,-1.4070278,.02812062,-.34102643,.25215057,10.707202,.57994843
IRL,2010,Male,25-55,170,-1.3868185,.033424769,-.3180629,.28203088,10.725307,.570261
IRL,2010,Male,25-55,171,-1.3666093,.040950421,-.29509935,.31566933,10.743413,.5608753
IRL,2010,Male,25-55,172,-1.3464,.043918531,-.27213579,.35150155,10.761519,.55122024
IRL,2010,Male,25-55,173,-1.3261908,.043572489,-.24917226,.39122328,10.779625,.54144925
IRL,2010,Male,25-55,174,-1.3059815,.03829018,-.22620872,.44107962,10.79773,.53093684
IRL,2010,Male,25-55,175,-1.2857723,.033993378,-.20324518,.49700049,10.815836,.52011502
IRL,2010,Male,25-55,176,-1.265563,.030859699,-.18028162,.56909424,10.833942,.50961578
IRL,2010,Male,25-55,177,-1.2453538,.03191679,-.15731809,.65223157,10.852047,.49857429
IRL,2010,Male,25-55,178,-1.2251445,.038869809,-.13435455,.7405045,10.870153,.48658085
IRL,2010,Male,25-55,179,-1.2049353,.040039189,-.111391,.83642447,10.888259,.47364917
IRL,2010,Male,25-55,180,-1.184726,.03873289,-.088427462,.95082742,10.906364,.46029526
IRL,2010,Male,25-55,181,-1.1645167,.040022459,-.065463923,1.0678149,10.92447,.44714084
IRL,2010,Male,25-55,182,-1.1443075,.040247761,-.042500369,1.1915262,10.942576,.43401667
IRL,2010,Male,25-55,183,-1.1240982,.034921981,-.01953683,1.3135062,10.960681,.42001337
IRL,2010,Male,25-55,184,-1.103889,.040985022,.0034267099,1.4269091,10.978787,.40609583
IRL,2010,Male,25-55,185,-1.0836797,.041274302,.02639026,1.5186743,10.996893,.39282107
IRL,2010,Male,25-55,186,-1.0634705,.039613072,.049353801,1.5773983,11.014999,.38027525
IRL,2010,Male,25-55,187,-1.0432612,.044567559,.072317339,1.6013143,11.033104,.36858293
IRL,2010,Male,25-55,188,-1.023052,.04919669,.095280878,1.5961063,11.05121,.35706758
IRL,2010,Male,25-55,189,-1.0028427,.05040228,.11824443,1.5632828,11.069316,.34553042
IRL,2010,Male,25-55,190,-.98263347,.048159052,.14120796,1.5161716,11.087421,.33497736
IRL,2010,Male,25-55,191,-.96242422,.049080718,.16417152,1.4434566,11.105527,.3246938
IRL,2010,Male,25-55,192,-.94221497,.05350386,.18713506,1.3415923,11.123633,.31517339
IRL,2010,Male,25-55,193,-.92200571,.05633238,.21009859,1.2144455,11.141738,.30594113
IRL,2010,Male,25-55,194,-.90179646,.05767943,.23306213,1.0794353,11.159844,.2966193
IRL,2010,Male,25-55,195,-.88158721,.054870401,.2560257,.95143324,11.17795,.2864511
IRL,2010,Male,25-55,196,-.86137795,.051148482,.27898923,.83693099,11.196056,.27572674
IRL,2010,Male,25-55,197,-.8411687,.048823681,.30195278,.74446595,11.214161,.26532429
IRL,2010,Male,25-55,198,-.82095945,.05236141,.3249163,.67593277,11.232267,.25479248
IRL,2010,Male,25-55,199,-.8007502,.061858341,.34787986,.61106277,11.250373,.24346599
IRL,2010,Male,25-55,200,-.78054088,.069776863,.37084341,.55339265,11.268478,.23175704
IRL,2010,Male,25-55,201,-.76033163,.067504667,.39380693,.50145459,11.286584,.21980524
IRL,2010,Male,25-55,202,-.74012244,.066182002,.41677049,.45360342,11.30469,.20821375
IRL,2010,Male,25-55,203,-.71991313,.073222637,.43973404,.41015798,11.322795,.19680363
IRL,2010,Male,25-55,204,-.69970387,.074483953,.46269757,.37337434,11.340901,.18523791
IRL,2010,Male,25-55,205,-.67949462,.07877522,.48566112,.3402243,11.359007,.17363052
IRL,2010,Male,25-55,206,-.65928537,.069321923,.50862467,.3102282,11.377112,.16274086
IRL,2010,Male,25-55,207,-.63907611,.066408031,.5315882,.2840651,11.395218,.15234189
IRL,2010,Male,25-55,208,-.61886686,.086115681,.55455172,.26400521,11.413324,.14278774
IRL,2010,Male,25-55,209,-.59865761,.091011368,.5775153,.24336334,11.43143,.13380234
IRL,2010,Male,25-55,210,-.57844836,.087975331,.60047883,.22122996,11.449535,.12592676
IRL,2010,Male,25-55,211,-.5582391,.097756341,.62344235,.19929598,11.467641,.11840226
IRL,2010,Male,25-55,212,-.53802985,.10721446,.64640594,.18564066,11.485747,.11147435
IRL,2010,Male,25-55,213,-.5178206,.10385278,.66936946,.17555659,11.503852,.10527543
IRL,2010,Male,25-55,214,-.49761134,.10604808,.69233298,.16979644,11.521958,.10001422
IRL,2010,Male,25-55,215,-.47740209,.11382471,.71529657,.16082856,11.540064,.094714589
IRL,2010,Male,25-55,216,-.45719284,.11638927,.73826009,.14875261,11.558169,.089705899
IRL,2010,Male,25-55,217,-.43698359,.11689546,.76122361,.13737993,11.576275,.085186563
IRL,2010,Male,25-55,218,-.41677433,.1155103,.7841872,.13212115,11.594381,.081220023
IRL,2010,Male,25-55,219,-.39656508,.11999344,.80715072,.12918232,11.612486,.07764557
IRL,2010,Male,25-55,220,-.37635583,.12919806,.83011425,.12624659,11.630592,.07429903
IRL,2010,Male,25-55,221,-.35614657,.13974585,.85307783,.1218973,11.648698,.071127169
IRL,2010,Male,25-55,222,-.33593732,.15486039,.87604135,.11647562,11.666804,.068163462
IRL,2010,Male,25-55,223,-.31572807,.1693866,.89900488,.1114619,11.684909,.065224268
IRL,2010,Male,25-55,224,-.29551882,.17646252,.9219684,.1074217,11.703015,.062545113
IRL,2010,Male,25-55,225,-.27530956,.19344167,.94493198,.1036727,11.721121,.060283128
IRL,2010,Male,25-55,226,-.25510031,.2182553,.96789551,.097552732,11.739226,.05815082
IRL,2010,Male,25-55,227,-.23489106,.22720458,.99085903,.094286352,11.757332,.05638063
IRL,2010,Male,25-55,228,-.21468179,.24340063,1.0138226,.091691829,11.775438,.054527588
IRL,2010,Male,25-55,229,-.19447254,.2581664,1.0367861,.08931233,11.793543,.052686721
IRL,2010,Male,25-55,230,-.17426328,.28794384,1.0597497,.087435208,11.811649,.050851069
IRL,2010,Male,25-55,231,-.15405403,.32877275,1.0827132,.085180089,11.829755,.048647352
IRL,2010,Male,25-55,232,-.13384478,.3559908,1.1056768,.081024192,11.847861,.046151761
IRL,2010,Male,25-55,233,-.11363552,.46318558,1.1286403,.079659589,11.865966,.04370058
IRL,2010,Male,25-55,234,-.093426272,.55244267,1.1516039,.077111468,11.884072,.041372679
IRL,2010,Male,25-55,235,-.073217012,.61580151,1.1745673,.072882041,11.902178,.039222199
IRL,2010,Male,25-55,236,-.053007759,.75331646,1.197531,.06971287,11.920283,.037272502
IRL,2010,Male,25-55,237,-.032798499,.97296166,1.2204945,.064968899,11.938389,.035604
IRL,2010,Male,25-55,238,-.01258925,1.312125,1.243458,.061365388,11.956495,.034079809
IRL,2010,Male,25-55,239,.0076199998,1.8247459,1.2664216,.058611631,11.9746,.032523289
IRL,2010,Male,25-55,240,.02782926,2.6426682,1.2893851,.05657782,11.992706,.03118722
IRL,2010,Male,25-55,241,.048038509,3.8730633,1.3123487,.054449629,12.010812,.0300158
IRL,2010,Male,25-55,242,.068247773,4.6530786,1.3353122,.05449713,12.028917,.02881257
IRL,2010,Male,25-55,243,.088457018,4.2323651,1.3582758,.05540774,12.047023,.027724169
IRL,2010,Male,25-55,244,.10866628,3.3520267,1.3812393,.055930201,12.065129,.02677745
IRL,2010,Male,25-55,245,.12887552,2.611804,1.4042028,.056488238,12.083235,.025706001
IRL,2010,Male,25-55,246,.14908478,1.9699552,1.4271663,.055640541,12.10134,.02471656
IRL,2010,Male,25-55,247,.16929404,1.4723738,1.4501299,.053350952,12.119446,.02365662
IRL,2010,Male,25-55,248,.1895033,1.1308419,1.4730935,.05076462,12.137552,.022543309
IRL,2010,Male,25-55,249,.20971255,.91843337,1.496057,.04616268,12.155657,.02142988
IRL,2010,Male,25-55,250,.2299218,.75885701,1.5190206,.04281408,12.173763,.020214221
IRL,2010,Male,25-55,251,.25013107,.6232571,1.5419841,.041994769,12.191869,.018958399
IRL,2010,Male,25-55,252,.27034032,.52997023,1.5649476,.041232359,12.209974,.01758508
IRL,2010,Male,25-55,253,.29054955,.46059456,1.5879112,.041413128,12.22808,.01619114
IRL,2010,Male,25-55,254,.31075883,.41164097,1.6108747,.04188931,12.246186,.01509424
IRL,2010,Male,25-55,255,.33096808,.35340762,1.6338383,.04107336,12.264292,.0142832
IRL,2010,Male,25-55,256,.35117733,.29001027,1.6568018,.041143142,12.282397,.01349412
IRL,2010,Male,25-55,257,.37138659,.2632806,1.6797653,.040202469,12.300503,.01273367
IRL,2010,Male,25-55,258,.39159584,.242925,1.7027289,.037398871,12.318609,.01199151
IRL,2010,Male,25-55,259,.41180509,.21420008,1.7256924,.03503288,12.336714,.01117473
IRL,2010,Male,25-55,260,.43201435,.20018847,1.748656,.032076791,12.35482,.01031418
IRL,2010,Male,25-55,261,.4522236,.17879346,1.7716196,.03124981,12.372926,.0094244899
IRL,2010,Male,25-55,262,.47243285,.17047106,1.7945831,.03110837,12.391031,.0085731596
IRL,2010,Male,25-55,263,.4926421,.15977274,1.8175466,.032025609,12.409137,.0078397598
IRL,2010,Male,25-55,264,.51285136,.15157132,1.8405102,.031991638,12.427243,.0072693699
IRL,2010,Male,25-55,265,.53306061,.14738066,1.8634737,.031501051,12.445348,.0068095499
IRL,2010,Male,25-55,266,.55326986,.13914508,1.8864372,.029482551,12.463454,.0062865601
IRL,2010,Male,25-55,267,.57347912,.13512744,1.9094008,.02729479,12.48156,.0058045299
IRL,2010,Male,25-55,268,.59368837,.12213428,1.9323643,.025158441,12.499666,.0054038302
IRL,2010,Male,25-55,269,.61389762,.10835919,1.9553279,.023747761,12.517771,.0050008502
IRL,2010,Male,25-55,270,.63410687,.098556422,1.9782914,.022508331,12.535877,.0046919198
IRL,2010,Male,25-55,271,.65431613,.10671532,2.001255,.021437081,12.553983,.0045463699
IRL,2010,Male,25-55,272,.67452538,.10961444,2.0242186,.02095356,12.572088,.00445709
IRL,2010,Male,25-55,273,.69473463,.10251088,2.0471821,.02090936,12.590194,.00438431
IRL,2010,Male,25-55,274,.71494389,.097367607,2.0701456,.02111656,12.6083,.00428434
IRL,2010,Male,25-55,275,.73515314,.088777602,2.0931091,.021824639,12.626405,.0042209802
IRL,2010,Male,25-55,276,.75536239,.081253178,2.1160727,.020623419,12.644511,.0040911599
IRL,2010,Male,25-55,277,.77557164,.081325449,2.1390362,.019018261,12.662617,.0039223498
IRL,2010,Male,25-55,278,.7957809,.084904253,2.1619997,.017767871,12.680722,.00373335
IRL,2010,Male,25-55,279,.81599021,.078590333,2.1849632,.016878851,12.698828,.0035588699
IRL,2010,Male,25-55,280,.8361994,.067563511,2.2079268,.016413441,12.716934,.00335807
IRL,2010,Male,25-55,281,.85640866,.068236649,2.2308905,.01682974,12.73504,.0031792
IRL,2010,Male,25-55,282,.87661797,.073318377,2.2538538,.01651543,12.753145,.0030094199
IRL,2010,Male,25-55,283,.89682716,.069161452,2.2768176,.01555069,12.771251,.0028351201
IRL,2010,Male,25-55,284,.91703647,.06137995,2.2997811,.01390223,12.789357,.0026549799
IRL,2010,Male,25-55,285,.93724573,.064616628,2.3227446,.01219058,12.807462,.0024842201
IRL,2010,Male,25-55,286,.95745498,.064240918,2.3457081,.01087746,12.825568,.0023135201
IRL,2010,Male,25-55,287,.97766423,.057093091,2.3686717,.01078463,12.843674,.0021662801
IRL,2010,Male,25-55,288,.99787349,.053707492,2.3916352,.01132313,12.861779,.00203409
IRL,2010,Male,25-55,289,1.0180827,.043081079,2.4145987,.01206682,12.879885,.00192841
IRL,2010,Male,25-55,290,1.0382921,.046508461,2.4375622,.01225959,12.897991,.00179333
IRL,2010,Male,25-55,291,1.0585012,.054490209,2.4605258,.01164961,12.916097,.00167772
IRL,2010,Male,25-55,292,1.0787106,.04918395,2.4834895,.0107569,12.934202,.00164994
IRL,2010,Male,25-55,293,1.0989197,.04764007,2.5064528,.0097655402,12.952308,.00166676
IRL,2010,Male,25-55,294,1.1191289,.050029371,2.5294163,.0091371601,12.970414,.00164068
IRL,2010,Male,25-55,295,1.1393383,.05264983,2.5523801,.0089750104,12.988519,.0016388301
IRL,2010,Male,25-55,296,1.1595474,.05215307,2.5753436,.0090587297,13.006625,.00164381
IRL,2010,Male,25-55,297,1.1797568,.04812244,2.5983071,.0085873101,13.024731,.0016308
IRL,2010,Male,25-55,298,1.199966,.049018711,2.6212707,.0081467601,13.042836,.00163
IRL,2010,Male,25-55,299,1.2201753,.049071189,2.6442342,.0070288801,13.060942,.00161431
IRL,2010,Male,25-55,300,1.2403845,.042013802,2.6671977,.0060440302,13.079048,.0015786201
IRL,2010,Male,25-55,301,1.2605938,.03585536,2.6901612,.0056670601,13.097153,.0015143
IRL,2010,Male,25-55,302,1.280803,.040543079,2.7131248,.0054936199,13.115259,.00142062
IRL,2010,Male,25-55,303,1.3010123,.035424229,2.7360883,.0054730698,13.133365,.00132068
IRL,2010,Male,25-55,304,1.3212215,.032797821,2.7590518,.0059318398,13.151471,.00121536
IRL,2010,Male,25-55,305,1.3414308,.038877141,2.7820153,.0056311199,13.169576,.0011108899
IRL,2010,Male,25-55,306,1.36164,.03991342,2.8049791,.0049037202,13.187682,.00098639005
IRL,2010,Male,25-55,307,1.3818493,.034192652,2.8279426,.0039392202,13.205788,.00084122998
IRL,2010,Male,25-55,308,1.4020586,.03131903,2.8509059,.0037632401,13.223893,.00074056
IRL,2010,Male,25-55,309,1.4222678,.034301229,2.8738697,.0036471901,13.241999,.00069163
IRL,2010,Male,25-55,310,1.4424771,.03084969,2.8968332,.0036702999,13.260105,.00062693999
IRL,2010,Male,25-55,311,1.4626863,.02562383,2.9197967,.0031039801,13.27821,.00055022002
IRL,2010,Male,25-55,312,1.4828956,.02876504,2.9427602,.0022651099,13.296316,.00051773002
IRL,2010,Male,25-55,313,1.5031048,.03076021,2.9657238,.001546,13.314422,.00049657002
IRL,2010,Male,25-55,314,1.5233141,.0235133,2.9886873,.00142206,13.332527,.00049309997
IRL,2010,Male,25-55,315,1.5435233,.01881942,3.0116508,.00164641,13.350633,.00047065
IRL,2010,Male,25-55,316,1.5637326,.02064513,3.0346143,.00156161,13.368739,.00045704001
IRL,2010,Male,25-55,317,1.5839418,.0230441,3.0575778,.00139724,13.386845,.00043918999
IRL,2010,Male,25-55,318,1.6041511,.023098551,3.0805416,.00123691,13.40495,.00043918
IRL,2010,Male,25-55,319,1.6243603,.022092929,3.1035049,.00110677,13.423056,.00043838
IRL,2010,Male,25-55,320,1.6445696,.02051104,3.1264687,.00089825998,13.441162,.00042421999
IRL,2010,Male,25-55,321,1.6647789,.020669051,3.1494322,.00082930003,13.459267,.00039932999
IRL,2010,Male,25-55,322,1.6849881,.01894171,3.1723957,.00068180001,13.477373,.00038401
IRL,2010,Male,25-55,323,1.7051975,.01625623,3.1953592,.00050912,13.495479,.00035838
IRL,2010,Male,25-55,324,1.7254066,.02110377,3.2183228,.00051513,13.513584,.00033273001
IRL,2010,Male,25-55,325,1.745616,.02268181,3.2412863,.00061774999,13.53169,.00032791999
IRL,2010,Male,25-55,326,1.7658252,.01522391,3.2642498,.00054777,13.549796,.00030556999
IRL,2010,Male,25-55,327,1.7860343,.01504666,3.2872133,.00046323001,13.567902,.00026566
IRL,2010,Male,25-55,328,1.8062437,.01586709,3.3101768,.00038121999,13.586007,.00024345001
IRL,2010,Male,25-55,329,1.8264529,.01558904,3.3331406,.00040295999,13.604113,.00023922999
IRL,2010,Male,25-55,330,1.846662,.01411747,3.3561039,.00051948999,13.622219,.00023452
IRL,2010,Male,25-55,331,1.8668714,.01555368,3.3790674,.00067589001,13.640324,.00022104
IRL,2010,Male,25-55,332,1.8870807,.01738121,3.4020312,.00065946998,13.65843,.00020841
IRL,2010,Male,25-55,333,1.9072899,.0148615,3.4249947,.00059890002,13.676536,.00019752
IRL,2010,Male,25-55,334,1.9274992,.01335794,3.4479582,.00034616,13.694641,.00018045001
IRL,2010,Male,25-55,335,1.9477084,.01285119,3.4709218,.00023583999,13.712747,.00017316001
IRL,2010,Male,25-55,336,1.9679177,.01205821,3.4938853,.00026122999,13.730853,.00017001
IRL,2010,Male,25-55,337,1.9881269,.0084615303,3.5168488,.00027334,13.748958,.00016032001
IRL,2010,Male,25-55,338,2.0083363,.01023493,3.5398123,.00023227,13.767064,.00015743
IRL,2010,Male,25-55,339,2.0285454,.0080551896,3.5627759,.00022613999,13.78517,.0001618
IRL,2010,Male,25-55,340,2.0487547,.0079589402,3.5857394,.00016065,13.803276,.00016244
IRL,2010,Male,25-55,341,2.068964,.0099445404,3.6087029,.000035820001,13.821381,.00018082
IRL,2010,Male,25-55,342,2.0891733,.00908117,3.6316664,0,13.839487,.00019689
IRL,2010,Male,25-55,343,2.1093824,.0085856803,3.6546302,0,13.857593,.00020638001
IRL,2010,Male,25-55,344,2.1295917,.0077509601,3.6775937,0,13.875698,.00021531001
IRL,2010,Male,25-55,345,2.149801,.0086698104,3.700557,.000099650002,13.893804,.00022769
IRL,2010,Male,25-55,346,2.1700101,.0095549002,3.7235208,.00019763,13.91191,.0002313
IRL,2010,Male,25-55,347,2.1902194,.0077228802,3.7464843,.00031516,13.930015,.00022613
IRL,2010,Male,25-55,348,2.2104287,.0059250798,3.7694478,.00040173001,13.948121,.00021219
IRL,2010,Male,25-55,349,2.230638,.0048481501,3.7924113,.00036961,13.966227,.00018947999
IRL,2010,Male,25-55,350,2.2508471,.0051873401,3.8153749,.00022272,13.984333,.000158
IRL,2010,Male,25-55,351,2.2710564,.0074902698,3.8383384,.00015196,14.002438,.00013076
IRL,2010,Male,25-55,352,2.2912657,.01088779,3.8613019,.00002186,14.020544,.00011021
IRL,2010,Male,25-55,353,2.311475,.0086731501,3.8842654,.0001022,14.03865,.000095069998
IRL,2010,Male,25-55,354,2.3316841,.0047567999,3.9072289,.00019899,14.056755,.00007555
IRL,2010,Male,25-55,355,2.3518934,.0049643,3.9301927,.00023643,14.074861,.000061960003
IRL,2010,Male,25-55,356,2.3721027,.00418938,3.953156,.00021452,14.092967,.000053889999
IRL,2010,Male,25-55,357,2.392312,.0040834099,3.9761198,.00013325999,14.111072,.000043619999
IRL,2010,Male,25-55,358,2.4125214,.0063968501,3.9990833,.00011076,14.129178,.000031160002
IRL,2010,Male,25-55,359,2.4327304,.0045827399,4.0220466,.00020347,14.147284,.0000165
IRL,2010,Male,25-55,360,2.4529397,.00301009,4.0450101,.00023681999,14.165389,0
IRL,2010,Male,25-55,361,2.4731491,.00346756,4.0679736,.00021083,14.183495,0
IRL,2010,Male,25-55,362,2.4933584,.0042354902,4.0909376,.0001255,14.201601,0
IRL,2010,Male,25-55,363,2.5135674,.0047314102,4.1139011,0,14.219707,0
IRL,2010,Male,25-55,364,2.5337768,.0035366199,4.1368647,0,14.237812,0
IRL,2010,Male,25-55,365,2.5539861,.0036057599,4.1598282,0,14.255918,0
IRL,2010,Male,25-55,366,2.5741954,.00298009,4.1827917,0,14.274024,0
IRL,2010,Male,25-55,367,2.5944047,.00221309,4.2057552,0,14.292129,0
IRL,2010,Male,25-55,368,2.6146138,.00120122,4.2287188,0,14.310235,0
IRL,2010,Male,25-55,369,2.6348231,.00140305,4.2516823,0,14.328341,0
IRL,2010,Male,25-55,370,2.6550324,.0030491101,4.2746458,0,14.346446,0
IRL,2010,Male,25-55,371,2.6752417,.00159477,4.2976093,0,14.364552,0
IRL,2010,Male,25-55,372,2.6954508,.00121037,4.3205729,0,14.382658,0
IRL,2010,Male,25-55,373,2.7156601,.00232619,4.3435364,0,14.400763,0
IRL,2010,Male,25-55,374,2.7358694,.0031829299,4.3664999,0,14.418869,0
IRL,2010,Male,25-55,375,2.7560785,.0020758901,4.3894634,0,14.436975,0
IRL,2010,Male,25-55,376,2.7762878,.00135299,4.4124269,0,14.455081,0
IRL,2010,Male,25-55,377,2.7964971,.00057286001,4.4353905,0,14.473186,0
IRL,2010,Male,25-55,378,2.8167064,.00078101997,4.458354,0,14.491292,0
IRL,2010,Male,25-55,379,2.8369155,.00078558997,4.4813175,0,14.509398,0
IRL,2010,Male,25-55,380,2.8571248,0,4.504281,0,14.527503,0
IRL,2010,Male,25-55,381,2.8773341,0,4.5272446,0,14.545609,0
IRL,2010,Male,25-55,382,2.8975434,0,4.5502081,0,14.563715,0
IRL,2010,Male,25-55,383,2.9177525,.00013589,4.5731716,0,14.58182,0
IRL,2010,Male,25-55,384,2.9379618,.00047624999,4.5961351,0,14.599926,0
IRL,2010,Male,25-55,385,2.9581711,.00040704,4.6190987,0,14.618032,0
IRL,2010,Male,25-55,386,2.9783804,.00087982998,4.6420622,0,14.636138,0
IRL,2010,Male,25-55,387,2.9985895,.00070037,4.6650257,.000017820001,14.654243,0
IRL,2010,Male,25-55,388,3.0187988,.00092576997,4.6879897,.00014942,14.672349,0
IRL,2010,Male,25-55,389,3.0390081,.00054237002,4.7109532,.00022166999,14.690455,.00001382
IRL,2010,Male,25-55,390,3.0592175,0,4.7339168,.00023457,14.70856,.000028840001
IRL,2010,Male,25-55,391,3.0794268,.00073928997,4.7568803,.00018812,14.726666,.000041669999
IRL,2010,Male,25-55,392,3.0996358,.00085558998,4.7798438,.000082320003,14.744772,.000052309999
IRL,2010,Male,25-55,393,3.1198452,0,4.8028073,0,14.762877,.000060750001
IRL,2010,Male,25-55,394,3.1400545,0,4.8257709,0,14.780983,.000067000001
IRL,2010,Male,25-55,395,3.1602638,.00012012,4.8487344,0,14.799089,.00007106
IRL,2010,Male,25-55,396,3.1804729,.00047512,4.8716979,.00001476,14.817194,.000072919996
IRL,2010,Male,25-55,397,3.2006822,.00022731999,4.8946614,.00014747999,14.8353,.000072590003
IRL,2010,Male,25-55,398,3.2208915,0,4.917625,.00022084999,14.853406,.000070069997
IRL,2010,Male,25-55,399,3.2411008,.00041991999,4.9405885,.00023488,14.871512,.00006536
IRL,2010,Male,25-55,400,3.2613099,.00038201001,4.963552,.00018955,14.889617,.000058450001
IRL,2015,Male,25-55,1,-5.1631556,.00030709,-5.3065581,.00014478,7.656518,.0068101701
IRL,2015,Male,25-55,2,-5.1407876,.00033702,-5.283411,.00017759,7.675211,.0095160501
IRL,2015,Male,25-55,3,-5.1184201,0,-5.2602634,.00017553,7.6939039,.01295882
IRL,2015,Male,25-55,4,-5.0960522,0,-5.2371163,.00013859,7.7125974,.016515231
IRL,2015,Male,25-55,5,-5.0736847,0,-5.2139692,.000066770001,7.7312903,.02017601
IRL,2015,Male,25-55,6,-5.0513167,0,-5.1908216,0,7.7499833,.023804581
IRL,2015,Male,25-55,7,-5.0289488,0,-5.1676745,0,7.7686763,.027561929
IRL,2015,Male,25-55,8,-5.0065813,0,-5.1445274,0,7.7873697,.031230601
IRL,2015,Male,25-55,9,-4.9842134,0,-5.1213799,0,7.8060627,.034729779
IRL,2015,Male,25-55,10,-4.9618459,0,-5.0982327,0,7.8247557,.037804589
IRL,2015,Male,25-55,11,-4.9394779,0,-5.0750856,0,7.8434491,.04055398
IRL,2015,Male,25-55,12,-4.91711,0,-5.0519381,0,7.8621421,.042804759
IRL,2015,Male,25-55,13,-4.8947425,0,-5.028791,0,7.8808351,.044304881
IRL,2015,Male,25-55,14,-4.8723745,0,-5.0056438,0,7.899528,.045110282
IRL,2015,Male,25-55,15,-4.8500071,0,-4.9824963,0,7.9182215,.046435211
IRL,2015,Male,25-55,16,-4.8276391,0,-4.9593492,0,7.9369144,.04755285
IRL,2015,Male,25-55,17,-4.8052716,0,-4.936202,0,7.9556074,.048287708
IRL,2015,Male,25-55,18,-4.7829037,0,-4.9130545,0,7.9743004,.048761848
IRL,2015,Male,25-55,19,-4.7605357,0,-4.8899074,0,7.9929938,.049021941
IRL,2015,Male,25-55,20,-4.7381682,0,-4.8667603,0,8.0116863,.049488571
IRL,2015,Male,25-55,21,-4.7158003,0,-4.8436127,0,8.0303802,.049831372
IRL,2015,Male,25-55,22,-4.6934323,0,-4.8204656,0,8.0490732,.050352681
IRL,2015,Male,25-55,23,-4.6710649,0,-4.7973185,0,8.0677662,.050735839
IRL,2015,Male,25-55,24,-4.6486969,0,-4.7741709,0,8.0864592,.051305771
IRL,2015,Male,25-55,25,-4.6263294,.000079849997,-4.7510238,0,8.1051521,.05191521
IRL,2015,Male,25-55,26,-4.6039615,.00038052001,-4.7278767,0,8.1238451,.052462149
IRL,2015,Male,25-55,27,-4.5815935,.00019406001,-4.7047291,0,8.1425381,.05308916
IRL,2015,Male,25-55,28,-4.559226,0,-4.681582,0,8.161232,.053969659
IRL,2015,Male,25-55,29,-4.5368581,0,-4.6584349,0,8.179925,.055003911
IRL,2015,Male,25-55,30,-4.5144906,0,-4.6352873,0,8.1986179,.056359328
IRL,2015,Male,25-55,31,-4.4921227,0,-4.6121402,0,8.2173109,.057972752
IRL,2015,Male,25-55,32,-4.4697547,0,-4.5889931,0,8.2360039,.059856512
IRL,2015,Male,25-55,33,-4.4473872,0,-4.5658455,0,8.2546968,.061742678
IRL,2015,Male,25-55,34,-4.4250193,0,-4.5426984,0,8.2733898,.06307739
IRL,2015,Male,25-55,35,-4.4026518,0,-4.5195513,0,8.2920837,.064271972
IRL,2015,Male,25-55,36,-4.3802838,0,-4.4964037,0,8.3107767,.065227114
IRL,2015,Male,25-55,37,-4.3579159,0,-4.4732566,0,8.3294697,.066072971
IRL,2015,Male,25-55,38,-4.3355484,0,-4.4501095,0,8.3481627,.067040287
IRL,2015,Male,25-55,39,-4.3131804,0,-4.4269619,0,8.3668556,.06815929
IRL,2015,Male,25-55,40,-4.290813,.00029838001,-4.4038148,0,8.3855486,.069292687
IRL,2015,Male,25-55,41,-4.268445,.00034341001,-4.3806677,.00004399,8.4042416,.070169441
IRL,2015,Male,25-55,42,-4.2460775,0,-4.3575201,.0001243,8.4229345,.071236134
IRL,2015,Male,25-55,43,-4.2237096,0,-4.334373,.00016974,8.4416285,.072088242
IRL,2015,Male,25-55,44,-4.2013416,.00025526999,-4.3112259,.00018848,8.4603214,.073240958
IRL,2015,Male,25-55,45,-4.1789742,.00036566,-4.2880783,.00025652,8.4790144,.07419952
IRL,2015,Male,25-55,46,-4.1566062,0,-4.2649312,.00025479999,8.4977074,.075255036
IRL,2015,Male,25-55,47,-4.1342382,0,-4.2417841,.00025725999,8.5164003,.076651961
IRL,2015,Male,25-55,48,-4.1118708,0,-4.2186365,.00031122001,8.5350933,.078230277
IRL,2015,Male,25-55,49,-4.0895028,0,-4.1954894,.00029816999,8.5537863,.079572529
IRL,2015,Male,25-55,50,-4.0671353,0,-4.1723423,.00024508001,8.5724802,.081374258
IRL,2015,Male,25-55,51,-4.0447674,0,-4.1491952,.00035069999,8.5911732,.082787476
IRL,2015,Male,25-55,52,-4.0223994,0,-4.1260476,.00039084,8.6098661,.084552862
IRL,2015,Male,25-55,53,-4.0000319,0,-4.1029005,.00039315,8.6285591,.085939929
IRL,2015,Male,25-55,54,-3.977664,0,-4.0797534,.00044899,8.6472521,.087433882
IRL,2015,Male,25-55,55,-3.9552963,0,-4.0566058,.00044909,8.6659451,.08884754
IRL,2015,Male,25-55,56,-3.9329286,0,-4.0334587,.0003862,8.684638,.090312831
IRL,2015,Male,25-55,57,-3.9105608,.00033208,-4.0103116,.00043516001,8.7033319,.09177953
IRL,2015,Male,25-55,58,-3.8881929,.00031313,-3.987164,.00053706998,8.7220249,.092983499
IRL,2015,Male,25-55,59,-3.8658254,0,-3.9640169,.00059344003,8.7407179,.094537891
IRL,2015,Male,25-55,60,-3.8434575,.00036568,-3.9408696,.00059523998,8.7594109,.096029878
IRL,2015,Male,25-55,61,-3.8210897,.00053493999,-3.9177222,.00061505998,8.7781038,.097672701
IRL,2015,Male,25-55,62,-3.798722,.00035469001,-3.8945751,.00071310002,8.7967968,.099011049
IRL,2015,Male,25-55,63,-3.7763543,.00034830999,-3.8714278,.00084847002,8.8154898,.10028838
IRL,2015,Male,25-55,64,-3.7539864,.00055135001,-3.8482804,.00093476003,8.8341827,.10168977
IRL,2015,Male,25-55,65,-3.7316186,.00036362,-3.8251333,.00094303,8.8528767,.10314953
IRL,2015,Male,25-55,66,-3.7092509,0,-3.801986,.00085598999,8.8715696,.10458603
IRL,2015,Male,25-55,67,-3.6868832,0,-3.7788389,.00064699998,8.8902626,.10670361
IRL,2015,Male,25-55,68,-3.6645155,0,-3.7556915,.00050203002,8.9089556,.10900198
IRL,2015,Male,25-55,69,-3.6421475,0,-3.7325442,.00058604003,8.9276485,.11135198
IRL,2015,Male,25-55,70,-3.6197798,.00088656001,-3.7093971,.00079969998,8.9463415,.11331517
IRL,2015,Male,25-55,71,-3.5974121,.00101592,-3.6862497,.00117282,8.9650345,.1156924
IRL,2015,Male,25-55,72,-3.5750444,0,-3.6631024,.0014693399,8.9837284,.11809905
IRL,2015,Male,25-55,73,-3.5526767,0,-3.6399553,.00152586,9.0024214,.12040546
IRL,2015,Male,25-55,74,-3.5303087,.00025919999,-3.6168079,.0014545301,9.0211143,.12294251
IRL,2015,Male,25-55,75,-3.507941,.0011422,-3.5936606,.00158763,9.0398073,.12527706
IRL,2015,Male,25-55,76,-3.4855733,.00147823,-3.5705135,.00164298,9.0585003,.12758958
IRL,2015,Male,25-55,77,-3.4632056,.00165001,-3.5473661,.00162183,9.0771933,.1301586
IRL,2015,Male,25-55,78,-3.4408376,.00061922002,-3.5242188,.00166962,9.0958862,.13287322
IRL,2015,Male,25-55,79,-3.4184699,0,-3.5010717,.00146796,9.1145802,.13560039
IRL,2015,Male,25-55,80,-3.3961022,.00082525,-3.4779243,.00104758,9.1332731,.13809723
IRL,2015,Male,25-55,81,-3.3737345,.00116704,-3.454777,.00115856,9.1519661,.14159146
IRL,2015,Male,25-55,82,-3.3513668,.00080086,-3.4316299,.00143607,9.1706591,.14628291
IRL,2015,Male,25-55,83,-3.3289988,.00070486002,-3.4084826,.00167464,9.189352,.1512578
IRL,2015,Male,25-55,84,-3.3066311,.00223259,-3.3853352,.00170298,9.208045,.15607469
IRL,2015,Male,25-55,85,-3.2842634,.00265982,-3.3621881,.0017282401,9.226738,.16017781
IRL,2015,Male,25-55,86,-3.2618957,.00129039,-3.3390408,.00170591,9.2454319,.16345873
IRL,2015,Male,25-55,87,-3.2395279,.0018023601,-3.3158934,.00186097,9.2641249,.16632891
IRL,2015,Male,25-55,88,-3.21716,.00173195,-3.2927463,.0022348501,9.2828178,.16883337
IRL,2015,Male,25-55,89,-3.1947923,.00205615,-3.269599,.0025870099,9.3015108,.17083701
IRL,2015,Male,25-55,90,-3.1724246,.00265302,-3.2464516,.0025516199,9.3202038,.17251989
IRL,2015,Male,25-55,91,-3.1500568,.0025978,-3.2233045,.00234404,9.3388968,.17424409
IRL,2015,Male,25-55,92,-3.1276889,.00201921,-3.2001572,.0024125101,9.3575897,.17515174
IRL,2015,Male,25-55,93,-3.1053214,.0025122401,-3.1770098,.00257852,9.3762836,.17569759
IRL,2015,Male,25-55,94,-3.0829535,.0024290599,-3.1538627,.00273792,9.3949766,.17613055
IRL,2015,Male,25-55,95,-3.0605857,.0035952399,-3.1307154,.0030648001,9.4136696,.1764245
IRL,2015,Male,25-55,96,-3.038218,.0021247901,-3.107568,.0030601199,9.4323626,.17683987
IRL,2015,Male,25-55,97,-3.0158503,.00068741001,-3.0844209,.0030479699,9.4510555,.17711157
IRL,2015,Male,25-55,98,-2.9934824,.00075240998,-3.0612736,.0028796899,9.4697485,.17886281
IRL,2015,Male,25-55,99,-2.9711146,.00023907,-3.0381265,.00292966,9.4884415,.18221112
IRL,2015,Male,25-55,100,-2.9487469,.00136976,-3.0149791,.00316888,9.5071344,.18567838
IRL,2015,Male,25-55,101,-2.9263792,.00295091,-2.9918318,.0040268502,9.5258284,.18939373
IRL,2015,Male,25-55,102,-2.9040115,.0042962199,-2.9686847,.0052053402,9.5445213,.19391543
IRL,2015,Male,25-55,103,-2.8816435,.00366883,-2.9455373,.00609532,9.5632143,.19902548
IRL,2015,Male,25-55,104,-2.8592758,.0031836701,-2.92239,.0068432302,9.5819073,.20504645
IRL,2015,Male,25-55,105,-2.8369081,.0045688301,-2.8992429,.00716352,9.6006002,.21134108
IRL,2015,Male,25-55,106,-2.8145404,.0044271299,-2.8760955,.0066971602,9.6192932,.21819542
IRL,2015,Male,25-55,107,-2.7921727,.0031954299,-2.8529482,.00600556,9.6379862,.22604688
IRL,2015,Male,25-55,108,-2.7698047,.00347047,-2.8298011,.00532394,9.6566801,.23554757
IRL,2015,Male,25-55,109,-2.747437,.00402305,-2.8066537,.0047751302,9.6753731,.24694112
IRL,2015,Male,25-55,110,-2.7250693,.0039200401,-2.7835064,.0044198101,9.694066,.25952968
IRL,2015,Male,25-55,111,-2.7027016,.0048799701,-2.7603593,.0045058099,9.712759,.27207625
IRL,2015,Male,25-55,112,-2.6803336,.0042957799,-2.7372119,.00532318,9.731452,.28453657
IRL,2015,Male,25-55,113,-2.6579659,.0032367699,-2.7140646,.0066595702,9.750145,.29661527
IRL,2015,Male,25-55,114,-2.6355982,.0037288601,-2.6909175,.0079206498,9.7688379,.30842891
IRL,2015,Male,25-55,115,-2.6132305,.0039794198,-2.6677701,.0087978104,9.7875319,.32098651
IRL,2015,Male,25-55,116,-2.5908628,.0052545401,-2.6446228,.0093275104,9.8062248,.3333005
IRL,2015,Male,25-55,117,-2.5684948,.00681405,-2.6214757,.0090679703,9.8249178,.34459299
IRL,2015,Male,25-55,118,-2.5461271,.0070526102,-2.5983284,.0081567103,9.8436108,.35513785
IRL,2015,Male,25-55,119,-2.5237594,.0060825702,-2.575181,.0077268998,9.8623037,.36570737
IRL,2015,Male,25-55,120,-2.5013916,.0051891501,-2.5520339,.0076615498,9.8809967,.37600857
IRL,2015,Male,25-55,121,-2.4790239,.0052700499,-2.5288866,.0080208899,9.8996897,.38565236
IRL,2015,Male,25-55,122,-2.4566562,.0054736501,-2.5057392,.0084989602,9.9183826,.39425686
IRL,2015,Male,25-55,123,-2.4342883,.0085038496,-2.4825921,.0088911196,9.9370766,.40230808
IRL,2015,Male,25-55,124,-2.4119205,.0084817298,-2.4594448,.0092337001,9.9557695,.41104987
IRL,2015,Male,25-55,125,-2.3895528,.0082741398,-2.4362974,.0090536503,9.9744625,.42081329
IRL,2015,Male,25-55,126,-2.3671851,.0075437599,-2.4131503,.0094556399,9.9931555,.43263632
IRL,2015,Male,25-55,127,-2.3448174,.00459379,-2.390003,.01028556,10.011849,.44510841
IRL,2015,Male,25-55,128,-2.3224494,.00565959,-2.3668556,.01094204,10.030542,.45790666
IRL,2015,Male,25-55,129,-2.3000817,.0061281198,-2.3437085,.01151754,10.049235,.4702599
IRL,2015,Male,25-55,130,-2.277714,.00665745,-2.3205612,.01240272,10.067928,.48124355
IRL,2015,Male,25-55,131,-2.2553463,.0066539599,-2.2974141,.01327357,10.086621,.49189696
IRL,2015,Male,25-55,132,-2.2329786,.0084419502,-2.2742667,.01370804,10.105314,.50283909
IRL,2015,Male,25-55,133,-2.2106106,.0080174198,-2.2511194,.01398043,10.124007,.51401639
IRL,2015,Male,25-55,134,-2.1882429,.0083117699,-2.2279723,.01469398,10.1427,.52462167
IRL,2015,Male,25-55,135,-2.1658752,.00931188,-2.2048249,.01464072,10.161393,.53413171
IRL,2015,Male,25-55,136,-2.1435075,.0077617699,-2.1816776,.01481094,10.180087,.54377121
IRL,2015,Male,25-55,137,-2.1211395,.0068151802,-2.1585305,.01522963,10.19878,.55230737
IRL,2015,Male,25-55,138,-2.0987718,.0119509,-2.1353831,.01587785,10.217473,.55936646
IRL,2015,Male,25-55,139,-2.0764041,.01140078,-2.1122358,.01524521,10.236166,.56542659
IRL,2015,Male,25-55,140,-2.0540364,.0082218703,-2.0890887,.01485163,10.254859,.57075179
IRL,2015,Male,25-55,141,-2.0316687,.01053069,-2.0659413,.01501001,10.273552,.57615852
IRL,2015,Male,25-55,142,-2.0093007,.01281788,-2.042794,.01555563,10.292245,.58047009
IRL,2015,Male,25-55,143,-1.986933,.01155242,-2.0196469,.016618131,10.310938,.58376986
IRL,2015,Male,25-55,144,-1.9645653,.01187758,-1.9964995,.01806904,10.329631,.58628368
IRL,2015,Male,25-55,145,-1.9421974,.01028822,-1.9733523,.01934959,10.348324,.58912992
IRL,2015,Male,25-55,146,-1.9198298,.01012586,-1.950205,.0202606,10.367018,.59065568
IRL,2015,Male,25-55,147,-1.897462,.01096175,-1.9270577,.020859901,10.385711,.59087396
IRL,2015,Male,25-55,148,-1.8750942,.01174159,-1.9039105,.02174468,10.404404,.58944255
IRL,2015,Male,25-55,149,-1.8527265,.01315058,-1.8807632,.022528291,10.423097,.58702046
IRL,2015,Male,25-55,150,-1.8303587,.01605593,-1.8576159,.022530019,10.44179,.58333868
IRL,2015,Male,25-55,151,-1.8079909,.01639913,-1.8344687,.023183599,10.460483,.5791955
IRL,2015,Male,25-55,152,-1.7856232,.01176144,-1.8113214,.02503893,10.479176,.57348472
IRL,2015,Male,25-55,153,-1.7632554,.01571345,-1.7881742,.025959119,10.497869,.56720197
IRL,2015,Male,25-55,154,-1.7408876,.017877409,-1.7650269,.02665803,10.516562,.5597778
IRL,2015,Male,25-55,155,-1.7185199,.01741772,-1.7418797,.027598061,10.535255,.55153441
IRL,2015,Male,25-55,156,-1.6961521,.01821663,-1.7187324,.02866466,10.553949,.54271007
IRL,2015,Male,25-55,157,-1.6737843,.01216875,-1.6955851,.029398041,10.572642,.5342955
IRL,2015,Male,25-55,158,-1.6514167,.01119571,-1.6724379,.031490479,10.591335,.5261789
IRL,2015,Male,25-55,159,-1.6290488,.01459058,-1.6492906,.033751901,10.610028,.51717746
IRL,2015,Male,25-55,160,-1.6066811,.01701886,-1.6261433,.03489833,10.628721,.50755757
IRL,2015,Male,25-55,161,-1.5843133,.017256729,-1.6029961,.035357401,10.647414,.49801928
IRL,2015,Male,25-55,162,-1.5619456,.01533572,-1.5798488,.035480421,10.666107,.48768497
IRL,2015,Male,25-55,163,-1.5395778,.01720004,-1.5567015,.035856981,10.6848,.47814664
IRL,2015,Male,25-55,164,-1.51721,.019904871,-1.5335543,.036180042,10.703493,.46903306
IRL,2015,Male,25-55,165,-1.4948422,.01816248,-1.510407,.036513641,10.722186,.45990667
IRL,2015,Male,25-55,166,-1.4724745,.01982593,-1.4872597,.038557,10.74088,.45104671
IRL,2015,Male,25-55,167,-1.4501067,.01954677,-1.4641125,.042640269,10.759573,.44185951
IRL,2015,Male,25-55,168,-1.4277389,.02072368,-1.4409652,.046277601,10.778266,.43414575
IRL,2015,Male,25-55,169,-1.4053712,.02581856,-1.417818,.04871954,10.796959,.42628706
IRL,2015,Male,25-55,170,-1.3830034,.02500738,-1.3946707,.049904741,10.815652,.41900745
IRL,2015,Male,25-55,171,-1.3606356,.02759012,-1.3715235,.048913669,10.834345,.41265589
IRL,2015,Male,25-55,172,-1.3382679,.028163129,-1.3483762,.047510289,10.853038,.40708157
IRL,2015,Male,25-55,173,-1.3159001,.02226915,-1.3252289,.048759978,10.871731,.40213525
IRL,2015,Male,25-55,174,-1.2935323,.029829539,-1.3020817,.050861679,10.890424,.39891654
IRL,2015,Male,25-55,175,-1.2711647,.030435169,-1.2789344,.05216004,10.909117,.39663151
IRL,2015,Male,25-55,176,-1.2487968,.02689703,-1.2557871,.052988861,10.927811,.39476541
IRL,2015,Male,25-55,177,-1.2264291,.02978258,-1.2326399,.053111918,10.946504,.39405996
IRL,2015,Male,25-55,178,-1.2040613,.033051029,-1.2094926,.051609378,10.965197,.39301467
IRL,2015,Male,25-55,179,-1.1816936,.029606961,-1.1863455,.052064039,10.98389,.39082661
IRL,2015,Male,25-55,180,-1.1593258,.02751888,-1.1631981,.05237342,11.002583,.38851586
IRL,2015,Male,25-55,181,-1.136958,.033526558,-1.1400508,.053565182,11.021276,.38529143
IRL,2015,Male,25-55,182,-1.1145902,.032703672,-1.1169035,.054066941,11.039969,.38078684
IRL,2015,Male,25-55,183,-1.0922225,.03147966,-1.0937563,.05562678,11.058662,.37514007
IRL,2015,Male,25-55,184,-1.0698547,.03009714,-1.070609,.05818627,11.077355,.36743253
IRL,2015,Male,25-55,185,-1.0474869,.030673601,-1.0474617,.060669851,11.096048,.35906291
IRL,2015,Male,25-55,186,-1.0251192,.03177638,-1.0243145,.063720152,11.114742,.34936589
IRL,2015,Male,25-55,187,-1.0027514,.03510331,-1.0011673,.065473832,11.133435,.33890292
IRL,2015,Male,25-55,188,-.98038363,.0425396,-.97802001,.067493834,11.152128,.32785505
IRL,2015,Male,25-55,189,-.95801586,.044939421,-.95487273,.069304131,11.170821,.31619003
IRL,2015,Male,25-55,190,-.93564814,.04406042,-.93172544,.071666881,11.189514,.30411112
IRL,2015,Male,25-55,191,-.91328037,.045053601,-.90857822,.074763037,11.208207,.29200816
IRL,2015,Male,25-55,192,-.89091259,.048112512,-.88543093,.079016693,11.2269,.27937642
IRL,2015,Male,25-55,193,-.86854482,.054022819,-.86228371,.083718717,11.245593,.26669386
IRL,2015,Male,25-55,194,-.84617704,.049866159,-.83913642,.087665603,11.264286,.25453544
IRL,2015,Male,25-55,195,-.82380933,.04539559,-.81598914,.089260593,11.282979,.24230967
IRL,2015,Male,25-55,196,-.80144155,.051502321,-.79284191,.091536216,11.301673,.23067831
IRL,2015,Male,25-55,197,-.77907377,.05371302,-.76969463,.0936324,11.320366,.21939984
IRL,2015,Male,25-55,198,-.756706,.052699331,-.74654734,.096624531,11.339059,.20825487
IRL,2015,Male,25-55,199,-.73433822,.055701438,-.72340012,.10162917,11.357752,.19680484
IRL,2015,Male,25-55,200,-.71197045,.058458012,-.70025283,.10783135,11.376445,.18564086
IRL,2015,Male,25-55,201,-.68960273,.065323971,-.67710561,.11205508,11.395138,.17444204
IRL,2015,Male,25-55,202,-.66723496,.064835183,-.65395832,.11624626,11.413831,.16359557
IRL,2015,Male,25-55,203,-.64486718,.065132968,-.63081104,.12318562,11.432524,.1532371
IRL,2015,Male,25-55,204,-.62249941,.066807061,-.60766381,.13078375,11.451217,.14359665
IRL,2015,Male,25-55,205,-.60013163,.063253649,-.58451653,.14046611,11.46991,.13479608
IRL,2015,Male,25-55,206,-.57776392,.072078638,-.56136924,.15044352,11.488604,.12695447
IRL,2015,Male,25-55,207,-.55539614,.075890817,-.53822201,.15936144,11.507297,.12002293
IRL,2015,Male,25-55,208,-.53302836,.083959088,-.51507473,.17081381,11.52599,.11363021
IRL,2015,Male,25-55,209,-.51066059,.091774099,-.4919275,.18378419,11.544683,.10791354
IRL,2015,Male,25-55,210,-.48829284,.089013442,-.46878022,.20000221,11.563376,.1027607
IRL,2015,Male,25-55,211,-.46592507,.094210528,-.44563296,.21604529,11.582069,.097898178
IRL,2015,Male,25-55,212,-.44355729,.10759408,-.42248571,.23420112,11.600762,.093309402
IRL,2015,Male,25-55,213,-.42118955,.11092272,-.39933845,.25537387,11.619455,.089159407
IRL,2015,Male,25-55,214,-.39882177,.11415323,-.37619117,.27866593,11.638148,.08544448
IRL,2015,Male,25-55,215,-.376454,.12052621,-.35304391,.30950209,11.656842,.082010269
IRL,2015,Male,25-55,216,-.35408625,.12926304,-.32989666,.34148672,11.675535,.078398101
IRL,2015,Male,25-55,217,-.33171847,.13082308,-.3067494,.37481034,11.694228,.075079083
IRL,2015,Male,25-55,218,-.3093507,.14773101,-.28360212,.41091749,11.712921,.071607277
IRL,2015,Male,25-55,219,-.28698295,.16622908,-.26045486,.4539665,11.731614,.068287343
IRL,2015,Male,25-55,220,-.26461518,.17525138,-.23730759,.50454581,11.750307,.064905122
IRL,2015,Male,25-55,221,-.24224742,.18372788,-.21416034,.56677425,11.769,.061565459
IRL,2015,Male,25-55,222,-.21987966,.20728771,-.19101307,.64457524,11.787693,.058498219
IRL,2015,Male,25-55,223,-.1975119,.24885236,-.16786581,.72782224,11.806386,.055588622
IRL,2015,Male,25-55,224,-.17514414,.29056239,-.14471854,.81662667,11.825079,.052781969
IRL,2015,Male,25-55,225,-.15277636,.33535704,-.12157129,.90205353,11.843773,.0499404
IRL,2015,Male,25-55,226,-.1304086,.40223199,-.098424017,.99347031,11.862466,.047303449
IRL,2015,Male,25-55,227,-.10804083,.48632473,-.075276762,1.0883657,11.881159,.044930819
IRL,2015,Male,25-55,228,-.085673071,.63596725,-.0521295,1.1868174,11.899852,.042754188
IRL,2015,Male,25-55,229,-.063305303,.91289032,-.028982241,1.2751827,11.918545,.040621512
IRL,2015,Male,25-55,230,-.040937539,1.3701415,-.0058349702,1.3602158,11.937238,.03864748
IRL,2015,Male,25-55,231,-.018569781,2.061146,.01731229,1.4246465,11.955931,.036983911
IRL,2015,Male,25-55,232,.00379799,3.0333586,.040459551,1.4503481,11.974624,.03542845
IRL,2015,Male,25-55,233,.02616575,3.8866005,.063606814,1.4469593,11.993317,.033753742
IRL,2015,Male,25-55,234,.048533522,4.0296011,.086754084,1.4109577,12.01201,.032200571
IRL,2015,Male,25-55,235,.070901282,3.5051286,.10990134,1.3431998,12.030704,.030602589
IRL,2015,Male,25-55,236,.09326905,2.794462,.13304859,1.2512372,12.049397,.029218649
IRL,2015,Male,25-55,237,.11563681,2.1866374,.15619586,1.1537371,12.06809,.028098229
IRL,2015,Male,25-55,238,.13800459,1.7214816,.17934313,1.0517751,12.086783,.027207
IRL,2015,Male,25-55,239,.16037235,1.3551967,.20249039,.95458466,12.105476,.026492011
IRL,2015,Male,25-55,240,.18274011,1.0802163,.22563764,.86612374,12.124169,.02583608
IRL,2015,Male,25-55,241,.20510787,.88355333,.24878491,.78714794,12.142862,.02501351
IRL,2015,Male,25-55,242,.22747563,.72231477,.27193218,.72260523,12.161555,.023986701
IRL,2015,Male,25-55,243,.2498434,.60099912,.29507944,.66160727,12.180248,.02284489
IRL,2015,Male,25-55,244,.27221116,.52697527,.3182267,.60639989,12.198941,.02178462
IRL,2015,Male,25-55,245,.29457894,.46494505,.34137395,.55702764,12.217635,.020701351
IRL,2015,Male,25-55,246,.31694669,.40561655,.36452124,.51269293,12.236328,.01959445
IRL,2015,Male,25-55,247,.33931446,.35665229,.38766849,.47514269,12.255021,.01848018
IRL,2015,Male,25-55,248,.36168221,.3145766,.41081575,.44068623,12.273714,.017447861
IRL,2015,Male,25-55,249,.38404998,.27674887,.433963,.40705609,12.292407,.01643491
IRL,2015,Male,25-55,250,.40641776,.25546417,.45711029,.37696117,12.3111,.01539733
IRL,2015,Male,25-55,251,.4287855,.24110563,.48025754,.35091311,12.329793,.01428861
IRL,2015,Male,25-55,252,.45115328,.2162291,.5034048,.32747713,12.348486,.01322406
IRL,2015,Male,25-55,253,.47352105,.19889805,.52655208,.306591,12.367179,.01228273
IRL,2015,Male,25-55,254,.4958888,.2012161,.54969931,.28689113,12.385872,.01154223
IRL,2015,Male,25-55,255,.51825655,.19275048,.57284659,.26787502,12.404566,.01079045
IRL,2015,Male,25-55,256,.54062432,.1831871,.59599388,.25190085,12.423259,.01009003
IRL,2015,Male,25-55,257,.5629921,.16912973,.6191411,.23836751,12.441952,.0094679799
IRL,2015,Male,25-55,258,.58535987,.16078651,.64228839,.22764602,12.460645,.0089362897
IRL,2015,Male,25-55,259,.60772765,.14683338,.66543561,.21871547,12.479338,.0084647899
IRL,2015,Male,25-55,260,.63009536,.13753039,.6885829,.20850632,12.498031,.0080126803
IRL,2015,Male,25-55,261,.65246314,.131457,.71173018,.19812022,12.516724,.0076355799
IRL,2015,Male,25-55,262,.67483091,.11673595,.73487741,.18937784,12.535417,.00729548
IRL,2015,Male,25-55,263,.69719869,.12788706,.75802469,.17981058,12.55411,.0069684298
IRL,2015,Male,25-55,264,.71956646,.12022726,.78117198,.17018656,12.572803,.0066446201
IRL,2015,Male,25-55,265,.74193424,.10878641,.8043192,.16137283,12.591497,.00643169
IRL,2015,Male,25-55,266,.76430196,.10552357,.82746649,.1518923,12.61019,.0062550399
IRL,2015,Male,25-55,267,.78666973,.11002044,.85061371,.14325686,12.628883,.00610265
IRL,2015,Male,25-55,268,.80903751,.10035794,.873761,.13647047,12.647576,.0059950398
IRL,2015,Male,25-55,269,.83140528,.090347648,.89690828,.12968291,12.666269,.0058933799
IRL,2015,Male,25-55,270,.85377306,.087871984,.92005551,.12195768,12.684962,.0057890001
IRL,2015,Male,25-55,271,.87614077,.084964238,.94320279,.11789503,12.703655,.0056827399
IRL,2015,Male,25-55,272,.89850855,.081417151,.96635008,.11469774,12.722348,.0054639899
IRL,2015,Male,25-55,273,.92087632,.07346461,.9894973,.11112652,12.741041,.00517001
IRL,2015,Male,25-55,274,.9432441,.077571467,1.0126446,.10749818,12.759734,.00491843
IRL,2015,Male,25-55,275,.96561188,.076443002,1.0357918,.10439652,12.778428,.0046923901
IRL,2015,Male,25-55,276,.98797959,.06835594,1.0589391,.1002681,12.797121,.0044809701
IRL,2015,Male,25-55,277,1.0103474,.06122816,1.0820864,.096752793,12.815814,.00428474
IRL,2015,Male,25-55,278,1.0327152,.060467649,1.1052336,.09562251,12.834507,.0040905299
IRL,2015,Male,25-55,279,1.0550829,.06775149,1.1283809,.093355499,12.8532,.0039097802
IRL,2015,Male,25-55,280,1.0774508,.067103237,1.1515282,.090109117,12.871893,.00369044
IRL,2015,Male,25-55,281,1.0998183,.058833521,1.1746753,.087709501,12.890586,.00344127
IRL,2015,Male,25-55,282,1.1221862,.056570549,1.1978227,.084678657,12.909279,.0032822399
IRL,2015,Male,25-55,283,1.144554,.059986319,1.2209699,.08080253,12.927972,.00311223
IRL,2015,Male,25-55,284,1.1669217,.05874845,1.2441171,.076171383,12.946665,.00298112
IRL,2015,Male,25-55,285,1.1892895,.052577,1.2672645,.072068132,12.965359,.0028880399
IRL,2015,Male,25-55,286,1.2116573,.045370601,1.2904117,.06703423,12.984052,.0028055699
IRL,2015,Male,25-55,287,1.234025,.045237292,1.3135591,.061693739,13.002745,.0027419301
IRL,2015,Male,25-55,288,1.2563928,.042897861,1.3367063,.058711629,13.021438,.0027233099
IRL,2015,Male,25-55,289,1.2787606,.045263112,1.3598535,.057335269,13.040131,.002718
IRL,2015,Male,25-55,290,1.3011283,.049148601,1.3830009,.056162361,13.058824,.00265185
IRL,2015,Male,25-55,291,1.3234961,.044269349,1.406148,.055238832,13.077517,.0025849701
IRL,2015,Male,25-55,292,1.3458639,.040811788,1.4292953,.05486621,13.09621,.0024948199
IRL,2015,Male,25-55,293,1.3682317,.04442291,1.4524426,.05369572,13.114903,.0023797599
IRL,2015,Male,25-55,294,1.3905994,.043180939,1.4755898,.051406961,13.133596,.0022615199
IRL,2015,Male,25-55,295,1.4129671,.038331188,1.4987371,.049066789,13.15229,.0021473099
IRL,2015,Male,25-55,296,1.4353349,.041042838,1.5218844,.046623521,13.170983,.00204365
IRL,2015,Male,25-55,297,1.4577028,.037124202,1.5450315,.045008071,13.189676,.00191447
IRL,2015,Male,25-55,298,1.4800704,.029615469,1.5681789,.044855021,13.208369,.00175759
IRL,2015,Male,25-55,299,1.5024382,.031253289,1.5913261,.045271918,13.227062,.0016366401
IRL,2015,Male,25-55,300,1.524806,.035928801,1.6144733,.04491134,13.245755,.00152579
IRL,2015,Male,25-55,301,1.5471737,.03250258,1.6376207,.043944199,13.264448,.00144287
IRL,2015,Male,25-55,302,1.5695415,.031958919,1.6607679,.042299818,13.283141,.00133885
IRL,2015,Male,25-55,303,1.5919093,.02715377,1.6839153,.041002281,13.301834,.00122618
IRL,2015,Male,25-55,304,1.614277,.02634174,1.7070625,.04001968,13.320528,.00113835
IRL,2015,Male,25-55,305,1.6366448,.0251958,1.7302097,.038485199,13.339221,.0010679699
IRL,2015,Male,25-55,306,1.6590126,.02471105,1.7533571,.036961269,13.357914,.00104897
IRL,2015,Male,25-55,307,1.6813803,.025590129,1.7765042,.034846392,13.376607,.00101863
IRL,2015,Male,25-55,308,1.7037481,.021151399,1.7996515,.033204671,13.3953,.00099621003
IRL,2015,Male,25-55,309,1.7261159,.018314401,1.8227988,.031853698,13.413993,.00095487002
IRL,2015,Male,25-55,310,1.7484837,.019713679,1.845946,.0307019,13.432686,.00090505998
IRL,2015,Male,25-55,311,1.7708514,.021222349,1.8690933,.02845831,13.451379,.00085546001
IRL,2015,Male,25-55,312,1.7932191,.020576339,1.8922406,.027057489,13.470072,.00084003003
IRL,2015,Male,25-55,313,1.8155869,.01970459,1.9153877,.026315929,13.488765,.00085831998
IRL,2015,Male,25-55,314,1.8379548,.01828438,1.9385351,.025820579,13.507459,.00086476002
IRL,2015,Male,25-55,315,1.8603224,.017664701,1.9616823,.02615374,13.526152,.00086631998
IRL,2015,Male,25-55,316,1.8826902,.018973449,1.9848295,.02651854,13.544845,.00084177998
IRL,2015,Male,25-55,317,1.905058,.019387919,2.007977,.02651296,13.563538,.00083749002
IRL,2015,Male,25-55,318,1.9274257,.01644266,2.0311241,.025282981,13.582231,.00083183998
IRL,2015,Male,25-55,319,1.9497935,.0141059,2.0542715,.024131229,13.600924,.00080197002
IRL,2015,Male,25-55,320,1.9721613,.01330121,2.0774188,.023278071,13.619617,.00076699001
IRL,2015,Male,25-55,321,1.994529,.01422128,2.1005659,.022232501,13.63831,.00073452998
IRL,2015,Male,25-55,322,2.0168967,.01047882,2.1237133,.020923121,13.657003,.00069660001
IRL,2015,Male,25-55,323,2.0392647,.01188268,2.1468604,.019952189,13.675696,.00068136997
IRL,2015,Male,25-55,324,2.0616324,.01200812,2.1700077,.018359849,13.69439,.00066555
IRL,2015,Male,25-55,325,2.0840001,.0079293502,2.1931551,.016288251,13.713083,.00065002003
IRL,2015,Male,25-55,326,2.1063678,.0096011702,2.2163022,.01396658,13.731776,.00061147002
IRL,2015,Male,25-55,327,2.1287355,.01071985,2.2394495,.0121502,13.750469,.00058181002
IRL,2015,Male,25-55,328,2.1511035,.0086249504,2.2625968,.01115378,13.769162,.00055742997
IRL,2015,Male,25-55,329,2.1734712,.0079123396,2.285744,.0109382,13.787855,.00054177002
IRL,2015,Male,25-55,330,2.1958389,.0094103301,2.3088913,.01149016,13.806548,.00053343998
IRL,2015,Male,25-55,331,2.2182066,.0090370197,2.3320384,.012456,13.825241,.00050855998
IRL,2015,Male,25-55,332,2.2405744,.0059071998,2.3551857,.01325832,13.843934,.00049019
IRL,2015,Male,25-55,333,2.2629423,.0041776602,2.3783331,.01346789,13.862627,.00047272001
IRL,2015,Male,25-55,334,2.28531,.00402722,2.4014802,.01293233,13.881321,.00044723001
IRL,2015,Male,25-55,335,2.3076777,.00411584,2.4246275,.01190204,13.900014,.00041631001
IRL,2015,Male,25-55,336,2.3300455,.0059301201,2.4477749,.0108178,13.918707,.00038303001
IRL,2015,Male,25-55,337,2.3524134,.0062360298,2.470922,.0096382303,13.9374,.00036219999
IRL,2015,Male,25-55,338,2.3747809,.0058268802,2.4940693,.00850318,13.956093,.00034513001
IRL,2015,Male,25-55,339,2.3971488,.0044037998,2.5172167,.00801198,13.974786,.00032170999
IRL,2015,Male,25-55,340,2.4195166,.0038111,2.5403638,.0080971597,13.993479,.00029783999
IRL,2015,Male,25-55,341,2.4418843,.0050499402,2.5635111,.0079351896,14.012172,.00029247999
IRL,2015,Male,25-55,342,2.464252,.0056160698,2.5866585,.0078694196,14.030865,.00029786999
IRL,2015,Male,25-55,343,2.4866197,.0062166001,2.6098056,.0074790199,14.049558,.00030525
IRL,2015,Male,25-55,344,2.5089877,.0056801001,2.6329529,.0065796799,14.068252,.00033936999
IRL,2015,Male,25-55,345,2.5313554,.0042268699,2.6561003,.00514312,14.086945,.00036325
IRL,2015,Male,25-55,346,2.5537231,.00246073,2.6792476,.0042415098,14.105638,.00037282001
IRL,2015,Male,25-55,347,2.5760908,.0027217499,2.7023947,.0036762599,14.124331,.00036807
IRL,2015,Male,25-55,348,2.5984588,.0021220001,2.7255421,.00330638,14.143024,.00035111001
IRL,2015,Male,25-55,349,2.6208265,.00217598,2.7486894,.0035161199,14.161717,.00034798001
IRL,2015,Male,25-55,350,2.6431942,.00118912,2.7718365,.0034195899,14.18041,.00034696001
IRL,2015,Male,25-55,351,2.6655619,.00142661,2.7949839,.00341667,14.199103,.00033340999
IRL,2015,Male,25-55,352,2.6879296,.0032927799,2.8181312,.00338802,14.217796,.00031981
IRL,2015,Male,25-55,353,2.7102976,.0029162299,2.8412783,.0030596601,14.236489,.00030255
IRL,2015,Male,25-55,354,2.7326653,.00115057,2.8644257,.0029741901,14.255183,.00028147001
IRL,2015,Male,25-55,355,2.755033,.00062835001,2.8875728,.00293559,14.273876,.00026169
IRL,2015,Male,25-55,356,2.7774007,.00038280999,2.9107201,.0028087299,14.292569,.00023118001
IRL,2015,Male,25-55,357,2.7997684,.00152759,2.9338675,.00278,14.311262,.00020074
IRL,2015,Male,25-55,358,2.8221364,.0012448,2.9570146,.00274866,14.329955,.00020286
IRL,2015,Male,25-55,359,2.8445041,0,2.9801619,.0027574101,14.348648,.00021214
IRL,2015,Male,25-55,360,2.8668718,.00094336999,3.0033092,.00258349,14.367341,.00022418999
IRL,2015,Male,25-55,361,2.8892395,.0016345599,3.0264564,.0022114301,14.386034,.00025215
IRL,2015,Male,25-55,362,2.9116075,.0013792299,3.0496037,.00159438,14.404727,.0002864
IRL,2015,Male,25-55,363,2.933975,.00050596998,3.0727508,.0010146199,14.42342,.00030966001
IRL,2015,Male,25-55,364,2.9563429,.00020467,3.0958982,.00047778001,14.442114,.00032039999
IRL,2015,Male,25-55,365,2.9787107,.00037893001,3.1190455,.00017953,14.460807,.00031969999
IRL,2015,Male,25-55,366,3.0010784,.000066070003,3.1421926,.00033909001,14.4795,.00032142
IRL,2015,Male,25-55,367,3.0234461,0,3.1653399,.00081836001,14.498193,.00031241
IRL,2015,Male,25-55,368,3.045814,.00015486,3.1884873,.00110255,14.516886,.00029408999
IRL,2015,Male,25-55,369,3.0681818,.00063655002,3.2116344,.00119605,14.535579,.00027968999
IRL,2015,Male,25-55,370,3.0905495,.00067565002,3.2347817,.0011273701,14.554272,.00025633001
IRL,2015,Male,25-55,371,3.1129172,.00046104001,3.2579291,.00098610995,14.572965,.00022402999
IRL,2015,Male,25-55,372,3.1352849,.00068361999,3.2810762,.00071281003,14.591658,.00018302001
IRL,2015,Male,25-55,373,3.1576529,.00057236,3.3042235,.00076118001,14.610351,.00014692001
IRL,2015,Male,25-55,374,3.1800206,.000057969999,3.3273709,.00097484997,14.629045,.00011553
IRL,2015,Male,25-55,375,3.2023883,.00018145,3.350518,.00109694,14.647738,.000099570003
IRL,2015,Male,25-55,376,3.224756,.00038196001,3.3736653,.00119064,14.666431,.000085239997
IRL,2015,Male,25-55,377,3.2471237,.00013255001,3.3968127,.00107847,14.685124,.00006554
IRL,2015,Male,25-55,378,3.2694917,.00044877001,3.4199598,.00082747999,14.703817,.000057929999
IRL,2015,Male,25-55,379,3.2918594,.00060512999,3.4431071,.00054659997,14.72251,.000061289997
IRL,2015,Male,25-55,380,3.3142271,.00019864,3.4662545,.00052427,14.741203,.000062849998
IRL,2015,Male,25-55,381,3.3365948,0,3.4894018,.00046358001,14.759896,.000062630003
IRL,2015,Male,25-55,382,3.3589628,.00027600001,3.5125489,.00052582001,14.778589,.000060620001
IRL,2015,Male,25-55,383,3.3813305,.00035660999,3.5356963,.00050839997,14.797282,.00005681
IRL,2015,Male,25-55,384,3.4036982,0,3.5588436,.00038636001,14.815976,.000051219999
IRL,2015,Male,25-55,385,3.4260659,0,3.5819907,.00025431,14.834669,.000043839998
IRL,2015,Male,25-55,386,3.4484336,0,3.6051381,.00018466001,14.853362,.00003467
IRL,2015,Male,25-55,387,3.4708016,0,3.6282852,.00029395,14.872055,.000023709999
IRL,2015,Male,25-55,388,3.4931693,0,3.6514325,.00043222,14.890748,.00001308
IRL,2015,Male,25-55,389,3.515537,0,3.6745799,.00046586001,14.909441,.00001598
IRL,2015,Male,25-55,390,3.5379047,0,3.697727,.00039487,14.928134,.00002806
IRL,2015,Male,25-55,391,3.5602725,0,3.7208743,.00028671999,14.946827,.00003834
IRL,2015,Male,25-55,392,3.5826404,0,3.7440217,.00015556,14.96552,.000046839999
IRL,2015,Male,25-55,393,3.6050081,0,3.7671688,.000036490001,14.984214,.000053539999
IRL,2015,Male,25-55,394,3.6273758,0,3.7903161,.000019470001,15.002907,.000058459998
IRL,2015,Male,25-55,395,3.6497436,0,3.8134632,.00010817,15.0216,.000061589999
IRL,2015,Male,25-55,396,3.6721115,0,3.8366106,.00022877,15.040293,.00006292
IRL,2015,Male,25-55,397,3.694479,0,3.8597579,.00031952999,15.058986,.000062469997
IRL,2015,Male,25-55,398,3.7168469,0,3.882905,.00034055,15.077679,.000060229999
IRL,2015,Male,25-55,399,3.7392147,.00033702,3.9060524,.00029182,15.096372,.000056199999
IRL,2015,Male,25-55,400,3.7615824,.00030709,3.9291997,.00017334,15.115065,.00005038
IRL,2020,Male,25-55,1,-4.4903817,.00023773999,,,7.7709546,.0084637897
IRL,2020,Male,25-55,2,-4.4669352,.00027327001,,,7.7925963,.01271353
IRL,2020,Male,25-55,3,-4.4434886,0,,,7.8142381,.01731295
IRL,2020,Male,25-55,4,-4.4200425,0,,,7.8358798,.021998519
IRL,2020,Male,25-55,5,-4.396596,0,,,7.857522,.02684547
IRL,2020,Male,25-55,6,-4.3731494,0,,,7.8791637,.031666052
IRL,2020,Male,25-55,7,-4.3497033,0,,,7.9008055,.036059242
IRL,2020,Male,25-55,8,-4.3262568,0,,,7.9224477,.040000379
IRL,2020,Male,25-55,9,-4.3028102,0,,,7.9440894,.043253489
IRL,2020,Male,25-55,10,-4.2793641,0,,,7.9657311,.045551602
IRL,2020,Male,25-55,11,-4.2559175,0,,,7.9873734,.046682671
IRL,2020,Male,25-55,12,-4.232471,0,,,8.0090151,.047038149
IRL,2020,Male,25-55,13,-4.2090249,0,,,8.0306568,.047506709
IRL,2020,Male,25-55,14,-4.1855783,0,,,8.0522985,.048199281
IRL,2020,Male,25-55,15,-4.1621318,0,,,8.0739403,.049082082
IRL,2020,Male,25-55,16,-4.1386857,0,,,8.095583,.049949571
IRL,2020,Male,25-55,17,-4.1152391,0,,,8.1172247,.050851021
IRL,2020,Male,25-55,18,-4.0917926,.00024314001,,,8.1388664,.051647689
IRL,2020,Male,25-55,19,-4.0683465,.00047162001,,,8.1605082,.052679289
IRL,2020,Male,25-55,20,-4.0448999,.00029174,,,8.1821499,.053729411
IRL,2020,Male,25-55,21,-4.0214539,.00033507001,,,8.2037916,.05472305
IRL,2020,Male,25-55,22,-3.9980073,.00023258,,,8.2254333,.055838291
IRL,2020,Male,25-55,23,-3.974561,0,,,8.247076,.05684543
IRL,2020,Male,25-55,24,-3.9511144,0,,,8.2687178,.058112081
IRL,2020,Male,25-55,25,-3.9276681,0,,,8.2903595,.059473809
IRL,2020,Male,25-55,26,-3.9042218,0,,,8.3120012,.060689408
IRL,2020,Male,25-55,27,-3.8807752,.00029900999,,,8.333643,.061965618
IRL,2020,Male,25-55,28,-3.8573289,.00076413999,,,8.3552847,.0635923
IRL,2020,Male,25-55,29,-3.8338826,.00086986,,,8.3769274,.065259472
IRL,2020,Male,25-55,30,-3.8104362,.00082659,,,8.3985691,.066852212
IRL,2020,Male,25-55,31,-3.7869897,.00113565,,,8.4202108,.068561777
IRL,2020,Male,25-55,32,-3.7635434,.00129989,,,8.4418526,.070354842
IRL,2020,Male,25-55,33,-3.740097,.00064096,,,8.4634943,.072126783
IRL,2020,Male,25-55,34,-3.7166505,.00033241001,,,8.485136,.073460862
IRL,2020,Male,25-55,35,-3.6932042,.00079990999,,,8.5067778,.074806981
IRL,2020,Male,25-55,36,-3.6697578,.00079609,,,8.5284204,.076301306
IRL,2020,Male,25-55,37,-3.6463113,.00022531999,,,8.5500622,.077435568
IRL,2020,Male,25-55,38,-3.622865,.00002609,,,8.5717039,.078833386
IRL,2020,Male,25-55,39,-3.5994186,.00056775002,,,8.5933456,.080118358
IRL,2020,Male,25-55,40,-3.5759723,.0014593099,,,8.6149874,.08158911
IRL,2020,Male,25-55,41,-3.552526,.0017693,,,8.6366291,.083171211
IRL,2020,Male,25-55,42,-3.5290794,.00115173,,,8.6582718,.085001893
IRL,2020,Male,25-55,43,-3.5056331,.00070335,,,8.6799135,.086766437
IRL,2020,Male,25-55,44,-3.4821868,.00049529999,,,8.7015553,.088455208
IRL,2020,Male,25-55,45,-3.4587402,.00034614999,,,8.723197,.090208054
IRL,2020,Male,25-55,46,-3.4352939,.00046909999,,,8.7448387,.09200982
IRL,2020,Male,25-55,47,-3.4118476,.00112882,,,8.7664804,.093494177
IRL,2020,Male,25-55,48,-3.388401,.00143315,,,8.7881231,.095024191
IRL,2020,Male,25-55,49,-3.3649547,.00155145,,,8.8097649,.096564688
IRL,2020,Male,25-55,50,-3.3415084,.00240504,,,8.8314066,.098186322
IRL,2020,Male,25-55,51,-3.3180621,.00296941,,,8.8530483,.099573761
IRL,2020,Male,25-55,52,-3.2946155,.0025966601,,,8.8746901,.10092019
IRL,2020,Male,25-55,53,-3.2711692,.00219126,,,8.8963318,.10192925
IRL,2020,Male,25-55,54,-3.2477229,.00224471,,,8.9179735,.10316182
IRL,2020,Male,25-55,55,-3.2242763,.0022529601,,,8.9396162,.10432437
IRL,2020,Male,25-55,56,-3.20083,.0023296501,,,8.9612579,.1053914
IRL,2020,Male,25-55,57,-3.1773837,.00236475,,,8.9828997,.10631529
IRL,2020,Male,25-55,58,-3.1539371,.00322647,,,9.0045414,.1070884
IRL,2020,Male,25-55,59,-3.1304908,.00423135,,,9.0261831,.10754393
IRL,2020,Male,25-55,60,-3.1070445,.0049783699,,,9.0478249,.1081881
IRL,2020,Male,25-55,61,-3.0835981,.00366683,,,9.0694675,.10909943
IRL,2020,Male,25-55,62,-3.0601518,.00265067,,,9.0911093,.1106264
IRL,2020,Male,25-55,63,-3.0367053,.0032818001,,,9.112751,.11230305
IRL,2020,Male,25-55,64,-3.0132589,.0033100201,,,9.1343927,.11420212
IRL,2020,Male,25-55,65,-2.9898126,.00177134,,,9.1560345,.11672069
IRL,2020,Male,25-55,66,-2.9663661,.00133151,,,9.1776762,.11928032
IRL,2020,Male,25-55,67,-2.9429197,.00298406,,,9.1993179,.12184684
IRL,2020,Male,25-55,68,-2.9194734,.00355576,,,9.2209606,.12529978
IRL,2020,Male,25-55,69,-2.8960268,.0042923102,,,9.2426023,.13120614
IRL,2020,Male,25-55,70,-2.8725805,.0055461898,,,9.2642441,.13840263
IRL,2020,Male,25-55,71,-2.8491342,.0052450201,,,9.2858858,.14520049
IRL,2020,Male,25-55,72,-2.8256879,.00415739,,,9.3075275,.15122558
IRL,2020,Male,25-55,73,-2.8022413,.00350409,,,9.3291693,.15607971
IRL,2020,Male,25-55,74,-2.778795,.0034512801,,,9.350812,.15984069
IRL,2020,Male,25-55,75,-2.7553487,.0042912499,,,9.3724537,.16305637
IRL,2020,Male,25-55,76,-2.7319021,.0052423999,,,9.3940954,.16521367
IRL,2020,Male,25-55,77,-2.7084558,.0048515401,,,9.4157372,.16606589
IRL,2020,Male,25-55,78,-2.6850095,.0033231899,,,9.4373789,.16644394
IRL,2020,Male,25-55,79,-2.6615629,.0041045798,,,9.4590206,.1662306
IRL,2020,Male,25-55,80,-2.6381166,.0051028999,,,9.4806623,.16530243
IRL,2020,Male,25-55,81,-2.6146703,.0050419299,,,9.502305,.16364224
IRL,2020,Male,25-55,82,-2.591224,.0047531198,,,9.5239468,.16269895
IRL,2020,Male,25-55,83,-2.5677774,.0055672899,,,9.5455885,.16459891
IRL,2020,Male,25-55,84,-2.5443311,.0057370402,,,9.5672302,.16815473
IRL,2020,Male,25-55,85,-2.5208848,.0061952998,,,9.588872,.17237478
IRL,2020,Male,25-55,86,-2.4974382,.0073188599,,,9.6105137,.17740497
IRL,2020,Male,25-55,87,-2.4739919,.0062417998,,,9.6321564,.18296267
IRL,2020,Male,25-55,88,-2.4505455,.00654377,,,9.6537981,.18893573
IRL,2020,Male,25-55,89,-2.427099,.0072208499,,,9.6754398,.19516382
IRL,2020,Male,25-55,90,-2.4036529,.0060485802,,,9.6970816,.20124505
IRL,2020,Male,25-55,91,-2.3802063,.0054858299,,,9.7187233,.2075641
IRL,2020,Male,25-55,92,-2.35676,.0068455799,,,9.740365,.21456978
IRL,2020,Male,25-55,93,-2.3333137,.00756231,,,9.7620068,.22182819
IRL,2020,Male,25-55,94,-2.3098671,.0075984099,,,9.7836494,.22933814
IRL,2020,Male,25-55,95,-2.2864208,.0067887101,,,9.8052912,.23731492
IRL,2020,Male,25-55,96,-2.2629745,.00723645,,,9.8269329,.24608839
IRL,2020,Male,25-55,97,-2.2395279,.0087353401,,,9.8485746,.25533402
IRL,2020,Male,25-55,98,-2.2160816,.01032612,,,9.8702164,.26474342
IRL,2020,Male,25-55,99,-2.1926353,.01165761,,,9.8918581,.27510467
IRL,2020,Male,25-55,100,-2.1691887,.01030139,,,9.9134998,.28653827
IRL,2020,Male,25-55,101,-2.1457424,.0082958397,,,9.9351425,.29905015
IRL,2020,Male,25-55,102,-2.1222961,.0077386498,,,9.9567842,.31295931
IRL,2020,Male,25-55,103,-2.0988498,.0074324198,,,9.978426,.32770571
IRL,2020,Male,25-55,104,-2.0754032,.0075367601,,,10.000068,.34345174
IRL,2020,Male,25-55,105,-2.0519569,.01008198,,,10.02171,.36071968
IRL,2020,Male,25-55,106,-2.0285106,.01038594,,,10.043352,.37929225
IRL,2020,Male,25-55,107,-2.005064,.01095306,,,10.064993,.39877823
IRL,2020,Male,25-55,108,-1.9816177,.0122896,,,10.086635,.41905779
IRL,2020,Male,25-55,109,-1.9581712,.01178483,,,10.108277,.4399572
IRL,2020,Male,25-55,110,-1.9347249,.01195872,,,10.129919,.46122116
IRL,2020,Male,25-55,111,-1.9112786,.01226862,,,10.151561,.48113641
IRL,2020,Male,25-55,112,-1.8878322,.01055824,,,10.173203,.5003252
IRL,2020,Male,25-55,113,-1.8643858,.01044183,,,10.194845,.51911467
IRL,2020,Male,25-55,114,-1.8409394,.01025906,,,10.216487,.53668165
IRL,2020,Male,25-55,115,-1.817493,.0100484,,,10.238128,.55148143
IRL,2020,Male,25-55,116,-1.7940466,.01403537,,,10.25977,.5643518
IRL,2020,Male,25-55,117,-1.7706002,.01306548,,,10.281412,.57598549
IRL,2020,Male,25-55,118,-1.7471538,.01075386,,,10.303054,.58553177
IRL,2020,Male,25-55,119,-1.7237074,.01256059,,,10.324696,.59371376
IRL,2020,Male,25-55,120,-1.700261,.01547526,,,10.346338,.59922379
IRL,2020,Male,25-55,121,-1.6768147,.01503082,,,10.36798,.60305876
IRL,2020,Male,25-55,122,-1.6533684,.0118575,,,10.389622,.60486275
IRL,2020,Male,25-55,123,-1.6299219,.01214416,,,10.411264,.60483128
IRL,2020,Male,25-55,124,-1.6064755,.01317207,,,10.432905,.60333627
IRL,2020,Male,25-55,125,-1.5830292,.015848739,,,10.454547,.59937418
IRL,2020,Male,25-55,126,-1.5595827,.0189404,,,10.476189,.59559554
IRL,2020,Male,25-55,127,-1.5361363,.01864849,,,10.497831,.59151727
IRL,2020,Male,25-55,128,-1.5126899,.02069129,,,10.519473,.58757776
IRL,2020,Male,25-55,129,-1.4892435,.021020681,,,10.541115,.5827949
IRL,2020,Male,25-55,130,-1.4657971,.019514769,,,10.562757,.57809287
IRL,2020,Male,25-55,131,-1.4423507,.02013802,,,10.584399,.57407159
IRL,2020,Male,25-55,132,-1.4189044,.02200073,,,10.60604,.57011676
IRL,2020,Male,25-55,133,-1.395458,.022875501,,,10.627682,.56596452
IRL,2020,Male,25-55,134,-1.3720115,.021241101,,,10.649324,.56039906
IRL,2020,Male,25-55,135,-1.3485652,.02246814,,,10.670966,.55384392
IRL,2020,Male,25-55,136,-1.3251188,.024013219,,,10.692608,.54659957
IRL,2020,Male,25-55,137,-1.3016725,.02585943,,,10.71425,.53776723
IRL,2020,Male,25-55,138,-1.278226,.0256711,,,10.735892,.52664524
IRL,2020,Male,25-55,139,-1.2547796,.022767751,,,10.757534,.51343417
IRL,2020,Male,25-55,140,-1.2313333,.025210271,,,10.779175,.49926689
IRL,2020,Male,25-55,141,-1.2078869,.02595325,,,10.800817,.4840785
IRL,2020,Male,25-55,142,-1.1844405,.02518861,,,10.822459,.46932152
IRL,2020,Male,25-55,143,-1.1609941,.02781928,,,10.844101,.45401257
IRL,2020,Male,25-55,144,-1.1375477,.029192921,,,10.865743,.43988255
IRL,2020,Male,25-55,145,-1.1141013,.02754382,,,10.887385,.42707685
IRL,2020,Male,25-55,146,-1.0906549,.03138243,,,10.909027,.41523954
IRL,2020,Male,25-55,147,-1.0672085,.036871441,,,10.930669,.40469503
IRL,2020,Male,25-55,148,-1.0437621,.033814989,,,10.95231,.39496526
IRL,2020,Male,25-55,149,-1.0203156,.036080848,,,10.973952,.38624501
IRL,2020,Male,25-55,150,-.99686933,.04252791,,,10.995594,.37943837
IRL,2020,Male,25-55,151,-.97342294,.041991781,,,11.017236,.37500712
IRL,2020,Male,25-55,152,-.94997656,.03768193,,,11.038878,.37176752
IRL,2020,Male,25-55,153,-.92653018,.03406027,,,11.06052,.36950782
IRL,2020,Male,25-55,154,-.9030838,.036850061,,,11.082162,.36788204
IRL,2020,Male,25-55,155,-.87963736,.044855751,,,11.103804,.36613393
IRL,2020,Male,25-55,156,-.85619098,.042870618,,,11.125446,.36369935
IRL,2020,Male,25-55,157,-.8327446,.043340791,,,11.147087,.35943264
IRL,2020,Male,25-55,158,-.80929822,.04921684,,,11.168729,.35437295
IRL,2020,Male,25-55,159,-.78585184,.046114258,,,11.190371,.34814611
IRL,2020,Male,25-55,160,-.76240546,.052194439,,,11.212013,.34037778
IRL,2020,Male,25-55,161,-.73895907,.0592582,,,11.233655,.3311139
IRL,2020,Male,25-55,162,-.71551263,.06325531,,,11.255297,.32083079
IRL,2020,Male,25-55,163,-.69206625,.065421648,,,11.276939,.30884033
IRL,2020,Male,25-55,164,-.66861987,.062230311,,,11.298581,.29570845
IRL,2020,Male,25-55,165,-.64517349,.063312262,,,11.320222,.28306499
IRL,2020,Male,25-55,166,-.62172711,.072607763,,,11.341864,.27024525
IRL,2020,Male,25-55,167,-.59828073,.0771005,,,11.363506,.25870487
IRL,2020,Male,25-55,168,-.57483429,.078536481,,,11.385148,.24756606
IRL,2020,Male,25-55,169,-.55138791,.089256272,,,11.40679,.23674101
IRL,2020,Male,25-55,170,-.52794152,.096927807,,,11.428432,.22569683
IRL,2020,Male,25-55,171,-.50449514,.099116862,,,11.450074,.21407057
IRL,2020,Male,25-55,172,-.48104876,.10599271,,,11.471716,.20246726
IRL,2020,Male,25-55,173,-.45760235,.11190626,,,11.493357,.1909378
IRL,2020,Male,25-55,174,-.43415597,.12168963,,,11.514999,.17990376
IRL,2020,Male,25-55,175,-.41070959,.12992996,,,11.536641,.16898362
IRL,2020,Male,25-55,176,-.38726318,.13428971,,,11.558283,.15899876
IRL,2020,Male,25-55,177,-.3638168,.15111621,,,11.579925,.14927042
IRL,2020,Male,25-55,178,-.34037042,.16359626,,,11.601567,.14010669
IRL,2020,Male,25-55,179,-.31692401,.17749053,,,11.623209,.13149776
IRL,2020,Male,25-55,180,-.29347762,.20265223,,,11.644851,.12321678
IRL,2020,Male,25-55,181,-.27003124,.23049864,,,11.666492,.11586934
IRL,2020,Male,25-55,182,-.24658485,.26693359,,,11.688134,.10927944
IRL,2020,Male,25-55,183,-.22313847,.31368852,,,11.709776,.10338863
IRL,2020,Male,25-55,184,-.19969207,.39183626,,,11.731418,.097846732
IRL,2020,Male,25-55,185,-.17624567,.50344181,,,11.75306,.092478029
IRL,2020,Male,25-55,186,-.15279929,.62190926,,,11.774702,.087102242
IRL,2020,Male,25-55,187,-.1293529,.80904865,,,11.796344,.081927128
IRL,2020,Male,25-55,188,-.10590651,1.1466324,,,11.817986,.077046953
IRL,2020,Male,25-55,189,-.08246012,1.7277828,,,11.839627,.072404891
IRL,2020,Male,25-55,190,-.059013732,2.5419326,,,11.861269,.068100587
IRL,2020,Male,25-55,191,-.03556734,3.245163,,,11.882911,.064142957
IRL,2020,Male,25-55,192,-.01212095,3.4577234,,,11.904553,.060751371
IRL,2020,Male,25-55,193,.01132544,3.1637256,,,11.926195,.057636451
IRL,2020,Male,25-55,194,.03477183,2.6778121,,,11.947837,.054558162
IRL,2020,Male,25-55,195,.058218218,2.2187629,,,11.969479,.051618028
IRL,2020,Male,25-55,196,.081664607,1.846249,,,11.991121,.04892306
IRL,2020,Male,25-55,197,.105111,1.5504217,,,12.012763,.046614379
IRL,2020,Male,25-55,198,.12855738,1.2993126,,,12.034404,.044663992
IRL,2020,Male,25-55,199,.15200378,1.1039041,,,12.056046,.04266635
IRL,2020,Male,25-55,200,.17545018,.93858999,,,12.077688,.040703349
IRL,2020,Male,25-55,201,.19889656,.78952432,,,12.09933,.038926098
IRL,2020,Male,25-55,202,.22234295,.66167694,,,12.120972,.03702629
IRL,2020,Male,25-55,203,.24578933,.55688953,,,12.142614,.035110962
IRL,2020,Male,25-55,204,.26923573,.48042962,,,12.164256,.03312761
IRL,2020,Male,25-55,205,.29268211,.43825364,,,12.185898,.031384751
IRL,2020,Male,25-55,206,.31612852,.37803787,,,12.207539,.02989874
IRL,2020,Male,25-55,207,.3395749,.3336398,,,12.229181,.0284907
IRL,2020,Male,25-55,208,.36302128,.30693957,,,12.250823,.0268998
IRL,2020,Male,25-55,209,.38646767,.2667987,,,12.272465,.02532799
IRL,2020,Male,25-55,210,.40991408,.22645403,,,12.294107,.02386825
IRL,2020,Male,25-55,211,.43336046,.20055187,,,12.315749,.022681169
IRL,2020,Male,25-55,212,.45680684,.20258962,,,12.337391,.021487029
IRL,2020,Male,25-55,213,.48025325,.19710565,,,12.359033,.020257691
IRL,2020,Male,25-55,214,.5036996,.17559659,,,12.380674,.019171249
IRL,2020,Male,25-55,215,.52714604,.15875342,,,12.402316,.01814691
IRL,2020,Male,25-55,216,.55059242,.14845604,,,12.423958,.017160179
IRL,2020,Male,25-55,217,.5740388,.13843928,,,12.4456,.016365631
IRL,2020,Male,25-55,218,.59748518,.12706549,,,12.467242,.01551509
IRL,2020,Male,25-55,219,.62093157,.12310636,,,12.488884,.01464569
IRL,2020,Male,25-55,220,.64437801,.11987815,,,12.510526,.0138067
IRL,2020,Male,25-55,221,.66782439,.1123507,,,12.532168,.01290079
IRL,2020,Male,25-55,222,.69127077,.10801458,,,12.553809,.01189743
IRL,2020,Male,25-55,223,.71471715,.10295022,,,12.575451,.01095686
IRL,2020,Male,25-55,224,.73816353,.099695891,,,12.597093,.01018102
IRL,2020,Male,25-55,225,.76160991,.096546263,,,12.618735,.0095375301
IRL,2020,Male,25-55,226,.78505629,.083094217,,,12.640377,.0088929897
IRL,2020,Male,25-55,227,.80850273,.073073648,,,12.662019,.0084109502
IRL,2020,Male,25-55,228,.83194911,.078509629,,,12.683661,.0079890303
IRL,2020,Male,25-55,229,.8553955,.079873294,,,12.705303,.0074977898
IRL,2020,Male,25-55,230,.87884188,.077028811,,,12.726944,.0069715302
IRL,2020,Male,25-55,231,.90228826,.079816669,,,12.748586,.0066352598
IRL,2020,Male,25-55,232,.92573464,.078460008,,,12.770228,.00637057
IRL,2020,Male,25-55,233,.94918102,.073753826,,,12.79187,.0060783201
IRL,2020,Male,25-55,234,.97262746,.064914711,,,12.813512,.0057294499
IRL,2020,Male,25-55,235,.99607384,.067502439,,,12.835154,.0054357401
IRL,2020,Male,25-55,236,1.0195202,.07093437,,,12.856796,.0050258301
IRL,2020,Male,25-55,237,1.0429666,.065187842,,,12.878438,.0045714602
IRL,2020,Male,25-55,238,1.066413,.0599177,,,12.90008,.00418146
IRL,2020,Male,25-55,239,1.0898594,.05786683,,,12.921721,.0038713799
IRL,2020,Male,25-55,240,1.1133058,.060364619,,,12.943363,.0035790701
IRL,2020,Male,25-55,241,1.1367522,.059733599,,,12.965005,.0034081701
IRL,2020,Male,25-55,242,1.1601986,.054442871,,,12.986647,.0032895601
IRL,2020,Male,25-55,243,1.1836449,.04999537,,,13.008289,.0031238899
IRL,2020,Male,25-55,244,1.2070913,.049993608,,,13.029931,.00293658
IRL,2020,Male,25-55,245,1.2305377,.045823488,,,13.051573,.0027481399
IRL,2020,Male,25-55,246,1.2539841,.043485731,,,13.073215,.00263375
IRL,2020,Male,25-55,247,1.2774305,.045164719,,,13.094856,.0025752101
IRL,2020,Male,25-55,248,1.3008769,.042457361,,,13.116498,.00251378
IRL,2020,Male,25-55,249,1.3243233,.043013781,,,13.13814,.00243171
IRL,2020,Male,25-55,250,1.3477697,.046365429,,,13.159782,.00232139
IRL,2020,Male,25-55,251,1.3712161,.038480721,,,13.181424,.0021784401
IRL,2020,Male,25-55,252,1.3946625,.029626319,,,13.203066,.00207023
IRL,2020,Male,25-55,253,1.4181089,.02833903,,,13.224708,.00200008
IRL,2020,Male,25-55,254,1.4415551,.028007049,,,13.24635,.00193981
IRL,2020,Male,25-55,255,1.4650016,.02896633,,,13.267991,.00190693
IRL,2020,Male,25-55,256,1.488448,.02946905,,,13.289633,.00188285
IRL,2020,Male,25-55,257,1.5118943,.028553311,,,13.311275,.0018492
IRL,2020,Male,25-55,258,1.5353408,.02761233,,,13.332917,.00178335
IRL,2020,Male,25-55,259,1.5587872,.028985361,,,13.354559,.0016646601
IRL,2020,Male,25-55,260,1.5822335,.02775966,,,13.376201,.00158185
IRL,2020,Male,25-55,261,1.60568,.02215807,,,13.397843,.0014945799
IRL,2020,Male,25-55,262,1.6291264,.018828589,,,13.419485,.00138017
IRL,2020,Male,25-55,263,1.6525728,.01929361,,,13.441126,.0012833
IRL,2020,Male,25-55,264,1.6760191,.01953768,,,13.462768,.0012268299
IRL,2020,Male,25-55,265,1.6994655,.02184861,,,13.48441,.00111758
IRL,2020,Male,25-55,266,1.722912,.022431631,,,13.506052,.00101385
IRL,2020,Male,25-55,267,1.7463583,.01821503,,,13.527694,.00094905001
IRL,2020,Male,25-55,268,1.7698047,.01657388,,,13.549336,.00091388001
IRL,2020,Male,25-55,269,1.7932512,.01508635,,,13.570978,.00090377999
IRL,2020,Male,25-55,270,1.8166975,.01479822,,,13.59262,.00089825998
IRL,2020,Male,25-55,271,1.8401439,.01563059,,,13.614261,.00088135002
IRL,2020,Male,25-55,272,1.8635902,.016556179,,,13.635903,.00083825999
IRL,2020,Male,25-55,273,1.8870367,.0144001,,,13.657545,.00077114999
IRL,2020,Male,25-55,274,1.910483,.01135806,,,13.679187,.00070217001
IRL,2020,Male,25-55,275,1.9339294,.01053909,,,13.700829,.00059126999
IRL,2020,Male,25-55,276,1.9573758,.01001809,,,13.722471,.00047761001
IRL,2020,Male,25-55,277,1.9808222,.01084712,,,13.744113,.00041892001
IRL,2020,Male,25-55,278,2.0042686,.01222605,,,13.765755,.0003629
IRL,2020,Male,25-55,279,2.027715,.01116596,,,13.787397,.00029771001
IRL,2020,Male,25-55,280,2.0511613,.0095854402,,,13.809038,.0002601
IRL,2020,Male,25-55,281,2.0746078,.0087193698,,,13.83068,.00026497
IRL,2020,Male,25-55,282,2.0980542,.0093139298,,,13.852322,.00029356999
IRL,2020,Male,25-55,283,2.1215005,.0100804,,,13.873964,.00033494999
IRL,2020,Male,25-55,284,2.1449468,.0089498796,,,13.895606,.00036008001
IRL,2020,Male,25-55,285,2.1683934,.0081574302,,,13.917248,.00040111001
IRL,2020,Male,25-55,286,2.1918397,.0064640902,,,13.93889,.00045952
IRL,2020,Male,25-55,287,2.215286,.00656767,,,13.960532,.00051894999
IRL,2020,Male,25-55,288,2.2387326,.0072186799,,,13.982173,.00055093999
IRL,2020,Male,25-55,289,2.2621789,.00559241,,,14.003815,.00055334001
IRL,2020,Male,25-55,290,2.2856252,.0042251199,,,14.025457,.00053318997
IRL,2020,Male,25-55,291,2.3090718,.00476762,,,14.047099,.00050970999
IRL,2020,Male,25-55,292,2.3325181,.0053232699,,,14.068741,.00047267001
IRL,2020,Male,25-55,293,2.3559644,.00514775,,,14.090383,.00042905999
IRL,2020,Male,25-55,294,2.3794107,.00487787,,,14.112025,.00038667
IRL,2020,Male,25-55,295,2.4028573,.0040158099,,,14.133667,.00033559999
IRL,2020,Male,25-55,296,2.4263036,.0047894898,,,14.155308,.00030007001
IRL,2020,Male,25-55,297,2.4497499,.0035450601,,,14.17695,.00026663
IRL,2020,Male,25-55,298,2.4731965,.00170933,,,14.198592,.00023287001
IRL,2020,Male,25-55,299,2.4966428,.00188622,,,14.220234,.00022382
IRL,2020,Male,25-55,300,2.5200891,.0021500599,,,14.241876,.00022032
IRL,2020,Male,25-55,301,2.5435357,.0022235001,,,14.263518,.00023192
IRL,2020,Male,25-55,302,2.566982,.0022992401,,,14.28516,.00024176
IRL,2020,Male,25-55,303,2.5904284,.00190289,,,14.306802,.0002368
IRL,2020,Male,25-55,304,2.6138749,.00262938,,,14.328443,.00022733001
IRL,2020,Male,25-55,305,2.637321,.00307943,,,14.350085,.0002176
IRL,2020,Male,25-55,306,2.6607676,.00187982,,,14.371727,.00023541
IRL,2020,Male,25-55,307,2.6842139,.00145718,,,14.393369,.00024297999
IRL,2020,Male,25-55,308,2.7076602,.00081752002,,,14.415011,.00023573999
IRL,2020,Male,25-55,309,2.7311068,.00069630001,,,14.436653,.00021370999
IRL,2020,Male,25-55,310,2.7545531,.00047145999,,,14.458295,.00019304
IRL,2020,Male,25-55,311,2.7779994,.00001316,,,14.479937,.00017268999
IRL,2020,Male,25-55,312,2.801446,.000055879998,,,14.501579,.00015094
IRL,2020,Male,25-55,313,2.8248923,.00064748002,,,14.52322,.00013573001
IRL,2020,Male,25-55,314,2.8483386,.0010801801,,,14.544862,.00011312
IRL,2020,Male,25-55,315,2.8717849,.00077350001,,,14.566504,.00009216
IRL,2020,Male,25-55,316,2.8952315,.00080124999,,,14.588146,.000074210002
IRL,2020,Male,25-55,317,2.9186778,.0010886,,,14.609788,.00005133
IRL,2020,Male,25-55,318,2.9421241,.00115284,,,14.63143,.000023529999
IRL,2020,Male,25-55,319,2.9655707,.00097985996,,,14.653072,3.1420001e-07
IRL,2020,Male,25-55,320,2.989017,.00042388999,,,14.674714,0
IRL,2020,Male,25-55,321,3.0124633,0,,,14.696355,0
IRL,2020,Male,25-55,322,3.0359099,0,,,14.717997,0
IRL,2020,Male,25-55,323,3.0593562,.00022328,,,14.739639,0
IRL,2020,Male,25-55,324,3.0828025,.00043496001,,,14.761281,0
IRL,2020,Male,25-55,325,3.1062489,.00031832,,,14.782923,7.4240002e-06
IRL,2020,Male,25-55,326,3.1296954,.00015444,,,14.804565,.000022030001
IRL,2020,Male,25-55,327,3.1531417,.00028363999,,,14.826207,.000034180001
IRL,2020,Male,25-55,328,3.1765881,.00021761,,,14.847849,.00004386
IRL,2020,Male,25-55,329,3.2000346,0,,,14.86949,.000051070001
IRL,2020,Male,25-55,330,3.2234809,0,,,14.891132,.000055820001
IRL,2020,Male,25-55,331,3.2469273,0,,,14.912774,.000058099999
IRL,2020,Male,25-55,332,3.2703736,0,,,14.934416,.000057910001
IRL,2020,Male,25-55,333,3.2938201,0,,,14.956058,.00006952
IRL,2020,Male,25-55,334,3.3172665,0,,,14.9777,.000081320002
IRL,2020,Male,25-55,335,3.3407128,.000075570002,,,14.999342,.000099999997
IRL,2020,Male,25-55,336,3.3641591,.00056582002,,,15.020984,.00011129
IRL,2020,Male,25-55,337,3.3876057,.0004276,,,15.042625,.00011518
IRL,2020,Male,25-55,338,3.411052,0,,,15.064267,.00011167
IRL,2020,Male,25-55,339,3.4344983,0,,,15.085909,.00011319
IRL,2020,Male,25-55,340,3.4579449,0,,,15.107551,.0001148
IRL,2020,Male,25-55,341,3.4813912,0,,,15.129193,.00011148
IRL,2020,Male,25-55,342,3.5048375,0,,,15.150835,.00010322
IRL,2020,Male,25-55,343,3.5282841,0,,,15.172477,.00009003
IRL,2020,Male,25-55,344,3.5517304,0,,,15.194119,.000071920003
IRL,2020,Male,25-55,345,3.5751767,0,,,15.21576,.000048869999
IRL,2020,Male,25-55,346,3.598623,0,,,15.237402,.00002335
IRL,2020,Male,25-55,347,3.6220696,0,,,15.259044,8.9790001e-06
IRL,2020,Male,25-55,348,3.6455159,0,,,15.280686,0
IRL,2020,Male,25-55,349,3.6689622,0,,,15.302328,0
IRL,2020,Male,25-55,350,3.6924088,0,,,15.32397,0
IRL,2020,Male,25-55,351,3.7158551,0,,,15.345612,0
IRL,2020,Male,25-55,352,3.7393014,0,,,15.367254,0
IRL,2020,Male,25-55,353,3.762748,0,,,15.388896,0
IRL,2020,Male,25-55,354,3.7861943,0,,,15.410537,0
IRL,2020,Male,25-55,355,3.8096406,0,,,15.432179,0
IRL,2020,Male,25-55,356,3.833087,0,,,15.453821,0
IRL,2020,Male,25-55,357,3.8565333,0,,,15.475463,0
IRL,2020,Male,25-55,358,3.8799798,0,,,15.497105,0
IRL,2020,Male,25-55,359,3.9034262,0,,,15.518747,0
IRL,2020,Male,25-55,360,3.9268725,0,,,15.540389,0
IRL,2020,Male,25-55,361,3.9503191,0,,,15.562031,0
IRL,2020,Male,25-55,362,3.9737654,0,,,15.583672,0
IRL,2020,Male,25-55,363,3.9972117,0,,,15.605314,0
IRL,2020,Male,25-55,364,4.020658,0,,,15.626956,0
IRL,2020,Male,25-55,365,4.0441046,0,,,15.648598,0
IRL,2020,Male,25-55,366,4.0675511,0,,,15.67024,0
IRL,2020,Male,25-55,367,4.0909972,0,,,15.691882,0
IRL,2020,Male,25-55,368,4.1144438,0,,,15.713524,0
IRL,2020,Male,25-55,369,4.1378899,0,,,15.735166,0
IRL,2020,Male,25-55,370,4.1613364,0,,,15.756807,0
IRL,2020,Male,25-55,371,4.184783,0,,,15.778449,0
IRL,2020,Male,25-55,372,4.2082291,0,,,15.800091,0
IRL,2020,Male,25-55,373,4.2316756,0,,,15.821733,0
IRL,2020,Male,25-55,374,4.2551222,0,,,15.843375,0
IRL,2020,Male,25-55,375,4.2785683,0,,,15.865017,0
IRL,2020,Male,25-55,376,4.3020148,0,,,15.886659,0
IRL,2020,Male,25-55,377,4.3254614,0,,,15.908301,0
IRL,2020,Male,25-55,378,4.3489075,0,,,15.929942,0
IRL,2020,Male,25-55,379,4.372354,0,,,15.951584,0
IRL,2020,Male,25-55,380,4.3958006,0,,,15.973226,0
IRL,2020,Male,25-55,381,4.4192467,0,,,15.994868,0
IRL,2020,Male,25-55,382,4.4426932,0,,,16.01651,0
IRL,2020,Male,25-55,383,4.4661398,0,,,16.038153,0
IRL,2020,Male,25-55,384,4.4895859,0,,,16.059793,0
IRL,2020,Male,25-55,385,4.5130324,0,,,16.081436,0
IRL,2020,Male,25-55,386,4.5364785,0,,,16.103077,0
IRL,2020,Male,25-55,387,4.5599251,0,,,16.12472,0
IRL,2020,Male,25-55,388,4.5833716,0,,,16.14636,0
IRL,2020,Male,25-55,389,4.6068177,0,,,16.168003,0
IRL,2020,Male,25-55,390,4.6302643,0,,,16.189646,0
IRL,2020,Male,25-55,391,4.6537108,0,,,16.211287,.00001505
IRL,2020,Male,25-55,392,4.6771569,0,,,16.232929,.00002843
IRL,2020,Male,25-55,393,4.7006035,0,,,16.254572,.000039340001
IRL,2020,Male,25-55,394,4.72405,0,,,16.276213,.000047779999
IRL,2020,Male,25-55,395,4.7474961,0,,,16.297853,.000053759999
IRL,2020,Male,25-55,396,4.7709427,0,,,16.319496,.000057270001
IRL,2020,Male,25-55,397,4.7943888,0,,,16.341139,.000058310001
IRL,2020,Male,25-55,398,4.8178353,0,,,16.36278,.00005689
IRL,2020,Male,25-55,399,4.8412819,.00027327001,,,16.384422,.000053010001
IRL,2020,Male,25-55,400,4.864728,.00023773999,,,16.406063,.000046659999
