country,year,gender,age,pct_year_t_log_earnings,avg_pct_year_t_1_log_inc,avg_pct_year_t_5_log_inc
IRL,2004,All genders,25-34,2.5,7.1369839,24.90394
IRL,2004,All genders,25-34,5,9.6714048,25.506201
IRL,2004,All genders,25-34,7.5,11.73868,26.497129
IRL,2004,All genders,25-34,10,13.52685,27.684441
IRL,2004,All genders,25-34,12.5,14.8707,27.767469
IRL,2004,All genders,25-34,15,16.84798,27.98345
IRL,2004,All genders,25-34,17.5,17.84358,30.621189
IRL,2004,All genders,25-34,20,20.492279,31.38895
IRL,2004,All genders,25-34,22.5,21.935261,33.485142
IRL,2004,All genders,25-34,25,24.581921,33.245319
IRL,2004,All genders,25-34,27.5,27.42478,33.740791
IRL,2004,All genders,25-34,30,29.56921,35.357231
IRL,2004,All genders,25-34,32.5,32.69989,37.13525
IRL,2004,All genders,25-34,35,34.083469,37.999031
IRL,2004,All genders,25-34,37.5,36.318298,38.09428
IRL,2004,All genders,25-34,40,39.307789,41.157169
IRL,2004,All genders,25-34,42.5,41.471889,41.576511
IRL,2004,All genders,25-34,45,42.716431,43.08609
IRL,2004,All genders,25-34,47.5,45.46291,44.11845
IRL,2004,All genders,25-34,50,47.973671,45.114262
IRL,2004,All genders,25-34,52.5,50.508801,47.506229
IRL,2004,All genders,25-34,55,53.024719,47.78537
IRL,2004,All genders,25-34,57.5,54.574581,51.66172
IRL,2004,All genders,25-34,60,57.142639,52.48613
IRL,2004,All genders,25-34,62.5,59.465961,55.406872
IRL,2004,All genders,25-34,65,61.82663,55.701401
IRL,2004,All genders,25-34,67.5,64.718033,58.283669
IRL,2004,All genders,25-34,70,66.640373,60.58065
IRL,2004,All genders,25-34,72.5,69.484306,61.162682
IRL,2004,All genders,25-34,75,71.750809,63.47467
IRL,2004,All genders,25-34,77.5,74.110229,66.267036
IRL,2004,All genders,25-34,80,76.930122,68.096909
IRL,2004,All genders,25-34,82.5,78.881767,71.856583
IRL,2004,All genders,25-34,85,81.844002,72.189178
IRL,2004,All genders,25-34,87.5,84.167557,74.150772
IRL,2004,All genders,25-34,90,86.208351,76.741737
IRL,2004,All genders,25-34,92.5,89.543327,78.971184
IRL,2004,All genders,25-34,95,91.587738,81.20517
IRL,2004,All genders,25-34,97.5,94.711143,83.7127
IRL,2004,All genders,25-34,99,97.044456,85.921593
IRL,2004,All genders,25-34,99.90000000000001,98.83606,89.248718
IRL,2004,All genders,25-34,100,99.886307,85.688179
IRL,2004,All genders,25-55,2.5,6.4439402,21.923519
IRL,2004,All genders,25-55,5,8.6169968,22.15346
IRL,2004,All genders,25-55,7.5,10.66102,23.61154
IRL,2004,All genders,25-55,10,12.37775,24.135509
IRL,2004,All genders,25-55,12.5,14.14154,24.42745
IRL,2004,All genders,25-55,15,15.93477,25.528931
IRL,2004,All genders,25-55,17.5,17.664631,27.458151
IRL,2004,All genders,25-55,20,20.150181,28.16172
IRL,2004,All genders,25-55,22.5,22.1416,29.831381
IRL,2004,All genders,25-55,25,24.492649,30.63427
IRL,2004,All genders,25-55,27.5,26.94451,31.83353
IRL,2004,All genders,25-55,30,29.21703,33.26366
IRL,2004,All genders,25-55,32.5,32.05669,34.755482
IRL,2004,All genders,25-55,35,33.915958,35.92506
IRL,2004,All genders,25-55,37.5,36.171848,37.296219
IRL,2004,All genders,25-55,40,38.874981,38.877289
IRL,2004,All genders,25-55,42.5,40.983639,40.926319
IRL,2004,All genders,25-55,45,42.979172,42.42992
IRL,2004,All genders,25-55,47.5,45.65147,44.458279
IRL,2004,All genders,25-55,50,47.78418,45.737999
IRL,2004,All genders,25-55,52.5,50.475182,47.36512
IRL,2004,All genders,25-55,55,52.99334,49.503868
IRL,2004,All genders,25-55,57.5,55.079311,51.95211
IRL,2004,All genders,25-55,60,57.570141,53.488201
IRL,2004,All genders,25-55,62.5,59.73613,55.80468
IRL,2004,All genders,25-55,65,62.32753,57.053921
IRL,2004,All genders,25-55,67.5,64.890457,59.4604
IRL,2004,All genders,25-55,70,67.232651,61.957439
IRL,2004,All genders,25-55,72.5,69.612457,63.344379
IRL,2004,All genders,25-55,75,72.390106,66.481781
IRL,2004,All genders,25-55,77.5,74.675171,68.767151
IRL,2004,All genders,25-55,80,77.39064,70.709923
IRL,2004,All genders,25-55,82.5,79.670578,73.998383
IRL,2004,All genders,25-55,85,82.380676,74.918457
IRL,2004,All genders,25-55,87.5,84.665222,77.722954
IRL,2004,All genders,25-55,90,87.186172,80.220032
IRL,2004,All genders,25-55,92.5,89.928978,82.463013
IRL,2004,All genders,25-55,95,92.315559,85.060699
IRL,2004,All genders,25-55,97.5,95.094582,86.604179
IRL,2004,All genders,25-55,99,97.273392,89.768089
IRL,2004,All genders,25-55,99.90000000000001,99.040443,92.53714
IRL,2004,All genders,25-55,100,99.907997,90.192017
IRL,2004,All genders,35-44,2.5,6.1280608,20.198931
IRL,2004,All genders,35-44,5,8.1550608,20.216459
IRL,2004,All genders,35-44,7.5,10.26799,22.448839
IRL,2004,All genders,35-44,10,12.21995,21.910749
IRL,2004,All genders,35-44,12.5,14.33231,22.571039
IRL,2004,All genders,35-44,15,15.73138,24.32542
IRL,2004,All genders,35-44,17.5,17.633129,25.96174
IRL,2004,All genders,35-44,20,19.824711,26.790091
IRL,2004,All genders,35-44,22.5,22.578011,27.493059
IRL,2004,All genders,35-44,25,24.497431,29.37841
IRL,2004,All genders,35-44,27.5,26.857281,30.997511
IRL,2004,All genders,35-44,30,28.92527,32.267639
IRL,2004,All genders,35-44,32.5,31.87501,33.21851
IRL,2004,All genders,35-44,35,33.87751,34.793919
IRL,2004,All genders,35-44,37.5,36.207211,36.935959
IRL,2004,All genders,35-44,40,38.582729,37.09169
IRL,2004,All genders,35-44,42.5,40.824581,41.196709
IRL,2004,All genders,35-44,45,42.992699,42.412472
IRL,2004,All genders,35-44,47.5,45.90131,44.36216
IRL,2004,All genders,35-44,50,47.54496,45.874241
IRL,2004,All genders,35-44,52.5,50.333431,46.79702
IRL,2004,All genders,35-44,55,52.65041,50.79287
IRL,2004,All genders,35-44,57.5,55.276211,51.497799
IRL,2004,All genders,35-44,60,57.524109,53.934971
IRL,2004,All genders,35-44,62.5,60.032139,55.558529
IRL,2004,All genders,35-44,65,62.321308,57.598549
IRL,2004,All genders,35-44,67.5,64.741882,59.8764
IRL,2004,All genders,35-44,70,67.446121,62.400459
IRL,2004,All genders,35-44,72.5,69.742157,64.555183
IRL,2004,All genders,35-44,75,72.806389,68.090927
IRL,2004,All genders,35-44,77.5,74.788429,70.47406
IRL,2004,All genders,35-44,80,77.665207,72.469238
IRL,2004,All genders,35-44,82.5,80.10714,75.409203
IRL,2004,All genders,35-44,85,82.575508,76.005119
IRL,2004,All genders,35-44,87.5,84.575287,79.56308
IRL,2004,All genders,35-44,90,87.54789,82.049507
IRL,2004,All genders,35-44,92.5,89.94239,84.464699
IRL,2004,All genders,35-44,95,92.54126,87.676399
IRL,2004,All genders,35-44,97.5,95.090393,88.149986
IRL,2004,All genders,35-44,99,97.469643,92.575684
IRL,2004,All genders,35-44,99.90000000000001,99.212753,94.590843
IRL,2004,All genders,35-44,100,99.910698,92.425056
IRL,2004,All genders,45-55,2.5,5.7840252,18.688869
IRL,2004,All genders,45-55,5,7.598145,18.53632
IRL,2004,All genders,45-55,7.5,9.5141268,19.469919
IRL,2004,All genders,45-55,10,10.79623,20.62965
IRL,2004,All genders,45-55,12.5,12.75088,20.70196
IRL,2004,All genders,45-55,15,14.78357,22.445339
IRL,2004,All genders,45-55,17.5,17.428261,23.31514
IRL,2004,All genders,45-55,20,20.05599,23.66617
IRL,2004,All genders,45-55,22.5,21.874929,26.356319
IRL,2004,All genders,45-55,25,24.346399,27.33098
IRL,2004,All genders,45-55,27.5,26.31365,29.2005
IRL,2004,All genders,45-55,30,29.06229,30.58329
IRL,2004,All genders,45-55,32.5,31.29863,32.512829
IRL,2004,All genders,45-55,35,33.706299,33.527119
IRL,2004,All genders,45-55,37.5,35.896412,36.22776
IRL,2004,All genders,45-55,40,38.59668,37.405479
IRL,2004,All genders,45-55,42.5,40.43721,38.890518
IRL,2004,All genders,45-55,45,43.370682,40.980808
IRL,2004,All genders,45-55,47.5,45.6087,45.425571
IRL,2004,All genders,45-55,50,47.811741,46.866699
IRL,2004,All genders,45-55,52.5,50.614479,48.220921
IRL,2004,All genders,45-55,55,53.407921,50.755989
IRL,2004,All genders,45-55,57.5,55.599812,53.54134
IRL,2004,All genders,45-55,60,58.29776,54.849628
IRL,2004,All genders,45-55,62.5,59.75848,57.215561
IRL,2004,All genders,45-55,65,63.112282,58.99461
IRL,2004,All genders,45-55,67.5,65.361229,61.28994
IRL,2004,All genders,45-55,70,67.869499,64.16655
IRL,2004,All genders,45-55,72.5,69.637123,65.786903
IRL,2004,All genders,45-55,75,72.827164,69.997017
IRL,2004,All genders,45-55,77.5,75.404167,70.928093
IRL,2004,All genders,45-55,80,77.735336,73.00901
IRL,2004,All genders,45-55,82.5,80.311897,75.951607
IRL,2004,All genders,45-55,85,82.954491,78.918694
IRL,2004,All genders,45-55,87.5,85.564049,82.022926
IRL,2004,All genders,45-55,90,88.21907,84.331787
IRL,2004,All genders,45-55,92.5,90.513847,86.284859
IRL,2004,All genders,45-55,95,93.141724,88.420731
IRL,2004,All genders,45-55,97.5,95.704842,90.042633
IRL,2004,All genders,45-55,99,97.366608,92.693024
IRL,2004,All genders,45-55,99.90000000000001,99.123306,95.773697
IRL,2004,All genders,45-55,100,99.937759,94.919693
IRL,2004,Female,25-34,2.5,6.9379191,25.20339
IRL,2004,Female,25-34,5,9.7025194,24.71801
IRL,2004,Female,25-34,7.5,11.63891,25.72517
IRL,2004,Female,25-34,10,13.37122,27.12702
IRL,2004,Female,25-34,12.5,14.26097,26.300501
IRL,2004,Female,25-34,15,16.06695,26.930429
IRL,2004,Female,25-34,17.5,17.65687,29.69994
IRL,2004,Female,25-34,20,19.611719,30.160419
IRL,2004,Female,25-34,22.5,22.01335,32.053558
IRL,2004,Female,25-34,25,23.85008,33.731468
IRL,2004,Female,25-34,27.5,27.355789,33.102451
IRL,2004,Female,25-34,30,29.340719,36.136608
IRL,2004,Female,25-34,32.5,31.72682,38.199219
IRL,2004,Female,25-34,35,33.739059,38.107769
IRL,2004,Female,25-34,37.5,36.582951,39.098579
IRL,2004,Female,25-34,40,39.240799,43.908581
IRL,2004,Female,25-34,42.5,42.090679,43.953979
IRL,2004,Female,25-34,45,43.508671,43.88438
IRL,2004,Female,25-34,47.5,45.929668,44.56744
IRL,2004,Female,25-34,50,48.572891,46.576241
IRL,2004,Female,25-34,52.5,50.0271,48.254662
IRL,2004,Female,25-34,55,53.890442,47.799801
IRL,2004,Female,25-34,57.5,54.87051,52.461151
IRL,2004,Female,25-34,60,57.28511,52.940208
IRL,2004,Female,25-34,62.5,60.04863,55.649719
IRL,2004,Female,25-34,65,61.84087,55.154591
IRL,2004,Female,25-34,67.5,65.12027,58.298931
IRL,2004,Female,25-34,70,66.854973,60.809139
IRL,2004,Female,25-34,72.5,69.362167,60.903568
IRL,2004,Female,25-34,75,72.065857,63.633411
IRL,2004,Female,25-34,77.5,74.535072,66.439087
IRL,2004,Female,25-34,80,77.035477,67.121391
IRL,2004,Female,25-34,82.5,78.704742,70.790077
IRL,2004,Female,25-34,85,81.295227,72.196037
IRL,2004,Female,25-34,87.5,84.35833,74.98925
IRL,2004,Female,25-34,90,86.64048,76.098938
IRL,2004,Female,25-34,92.5,89.321022,77.975113
IRL,2004,Female,25-34,95,91.513283,80.600571
IRL,2004,Female,25-34,97.5,94.90303,83.858101
IRL,2004,Female,25-34,99,96.930351,84.228889
IRL,2004,Female,25-34,99.90000000000001,98.86644,87.744888
IRL,2004,Female,25-34,100,99.886253,88.762093
IRL,2004,Female,25-55,2.5,6.799078,22.95606
IRL,2004,Female,25-55,5,8.8948746,23.28941
IRL,2004,Female,25-55,7.5,10.95096,24.142891
IRL,2004,Female,25-55,10,12.50427,23.88899
IRL,2004,Female,25-55,12.5,14.26128,24.347589
IRL,2004,Female,25-55,15,15.95797,25.33404
IRL,2004,Female,25-55,17.5,17.55831,27.24988
IRL,2004,Female,25-55,20,19.927879,27.781349
IRL,2004,Female,25-55,22.5,21.5121,29.635229
IRL,2004,Female,25-55,25,24.18203,30.696011
IRL,2004,Female,25-55,27.5,26.52121,31.29862
IRL,2004,Female,25-55,30,28.964621,33.44812
IRL,2004,Female,25-55,32.5,31.27857,35.303982
IRL,2004,Female,25-55,35,33.562752,36.23048
IRL,2004,Female,25-55,37.5,36.00967,37.7276
IRL,2004,Female,25-55,40,38.73679,39.868111
IRL,2004,Female,25-55,42.5,41.04705,41.563461
IRL,2004,Female,25-55,45,43.201061,42.596661
IRL,2004,Female,25-55,47.5,45.52108,44.57243
IRL,2004,Female,25-55,50,47.974529,46.083191
IRL,2004,Female,25-55,52.5,50.20789,47.452431
IRL,2004,Female,25-55,55,53.445179,49.497299
IRL,2004,Female,25-55,57.5,55.37125,51.68454
IRL,2004,Female,25-55,60,57.67141,53.684071
IRL,2004,Female,25-55,62.5,59.98035,55.2384
IRL,2004,Female,25-55,65,62.27742,55.92308
IRL,2004,Female,25-55,67.5,65.162666,59.150879
IRL,2004,Female,25-55,70,67.154823,62.112331
IRL,2004,Female,25-55,72.5,69.642189,62.65266
IRL,2004,Female,25-55,75,72.462723,66.835098
IRL,2004,Female,25-55,77.5,74.873917,68.542686
IRL,2004,Female,25-55,80,77.493523,70.39534
IRL,2004,Female,25-55,82.5,79.614304,73.621811
IRL,2004,Female,25-55,85,82.241371,74.671562
IRL,2004,Female,25-55,87.5,85.128273,78.080872
IRL,2004,Female,25-55,90,87.468987,79.966087
IRL,2004,Female,25-55,92.5,89.914436,82.008827
IRL,2004,Female,25-55,95,92.284103,84.986389
IRL,2004,Female,25-55,97.5,95.126556,86.400322
IRL,2004,Female,25-55,99,97.215118,88.93557
IRL,2004,Female,25-55,99.90000000000001,99.042976,91.882072
IRL,2004,Female,25-55,100,99.908669,92.528732
IRL,2004,Female,35-44,2.5,6.9376621,22.2278
IRL,2004,Female,35-44,5,8.5813885,22.510151
IRL,2004,Female,35-44,7.5,10.75987,23.984711
IRL,2004,Female,35-44,10,12.33725,21.916019
IRL,2004,Female,35-44,12.5,14.96355,24.837601
IRL,2004,Female,35-44,15,16.399691,24.36134
IRL,2004,Female,35-44,17.5,17.87171,25.78898
IRL,2004,Female,35-44,20,19.940411,26.90752
IRL,2004,Female,35-44,22.5,21.05739,27.89065
IRL,2004,Female,35-44,25,24.80163,28.678869
IRL,2004,Female,35-44,27.5,26.662821,30.064199
IRL,2004,Female,35-44,30,28.39366,32.622688
IRL,2004,Female,35-44,32.5,31.200121,33.271599
IRL,2004,Female,35-44,35,33.55201,34.858059
IRL,2004,Female,35-44,37.5,35.669281,36.965881
IRL,2004,Female,35-44,40,38.230572,36.861519
IRL,2004,Female,35-44,42.5,40.28907,40.525959
IRL,2004,Female,35-44,45,43.066189,42.88319
IRL,2004,Female,35-44,47.5,45.31284,44.462051
IRL,2004,Female,35-44,50,47.42345,45.368019
IRL,2004,Female,35-44,52.5,50.28635,46.7425
IRL,2004,Female,35-44,55,52.529751,51.059971
IRL,2004,Female,35-44,57.5,55.72559,50.453411
IRL,2004,Female,35-44,60,57.512859,54.090248
IRL,2004,Female,35-44,62.5,59.64949,54.444408
IRL,2004,Female,35-44,65,62.37048,55.888901
IRL,2004,Female,35-44,67.5,65.116859,59.154739
IRL,2004,Female,35-44,70,67.124168,62.726971
IRL,2004,Female,35-44,72.5,70.23629,63.677238
IRL,2004,Female,35-44,75,72.838814,68.747147
IRL,2004,Female,35-44,77.5,74.7127,69.937332
IRL,2004,Female,35-44,80,77.775909,72.391441
IRL,2004,Female,35-44,82.5,80.087097,75.374931
IRL,2004,Female,35-44,85,82.908539,75.432243
IRL,2004,Female,35-44,87.5,85.276352,80.209343
IRL,2004,Female,35-44,90,87.852509,81.903084
IRL,2004,Female,35-44,92.5,89.985222,84.214203
IRL,2004,Female,35-44,95,92.354393,87.516502
IRL,2004,Female,35-44,97.5,94.854218,87.189217
IRL,2004,Female,35-44,99,97.647636,91.88488
IRL,2004,Female,35-44,99.90000000000001,99.119591,94.761711
IRL,2004,Female,35-44,100,99.901398,93.602768
IRL,2004,Female,45-55,2.5,6.4001589,19.32065
IRL,2004,Female,45-55,5,8.0529089,21.639999
IRL,2004,Female,45-55,7.5,10.1375,20.93012
IRL,2004,Female,45-55,10,11.37648,20.490801
IRL,2004,Female,45-55,12.5,13.34863,19.03994
IRL,2004,Female,45-55,15,15.2072,23.6968
IRL,2004,Female,45-55,17.5,16.995251,24.607071
IRL,2004,Female,45-55,20,20.402719,24.20384
IRL,2004,Female,45-55,22.5,21.33173,27.666349
IRL,2004,Female,45-55,25,23.884211,27.941851
IRL,2004,Female,45-55,27.5,25.046989,29.67663
IRL,2004,Female,45-55,30,29.129629,29.095209
IRL,2004,Female,45-55,32.5,30.68524,32.846722
IRL,2004,Female,45-55,35,33.303951,34.701069
IRL,2004,Female,45-55,37.5,35.566181,36.172871
IRL,2004,Female,45-55,40,38.62154,36.8396
IRL,2004,Female,45-55,42.5,40.42395,38.238449
IRL,2004,Female,45-55,45,42.90052,39.142509
IRL,2004,Female,45-55,47.5,45.160561,44.803341
IRL,2004,Female,45-55,50,47.769329,46.398708
IRL,2004,Female,45-55,52.5,50.38483,47.055691
IRL,2004,Female,45-55,55,53.955421,50.186359
IRL,2004,Female,45-55,57.5,55.68272,52.38512
IRL,2004,Female,45-55,60,58.47683,54.55204
IRL,2004,Female,45-55,62.5,60.30793,55.89846
IRL,2004,Female,45-55,65,62.827229,57.70293
IRL,2004,Female,45-55,67.5,65.288162,61.0839
IRL,2004,Female,45-55,70,67.661873,63.803211
IRL,2004,Female,45-55,72.5,69.297943,64.523598
IRL,2004,Female,45-55,75,72.587646,70.233078
IRL,2004,Female,45-55,77.5,75.610367,70.490349
IRL,2004,Female,45-55,80,77.830292,73.750633
IRL,2004,Female,45-55,82.5,80.405571,76.466347
IRL,2004,Female,45-55,85,82.833908,78.782333
IRL,2004,Female,45-55,87.5,86.128616,80.768288
IRL,2004,Female,45-55,90,88.245949,84.78904
IRL,2004,Female,45-55,92.5,90.745064,86.71299
IRL,2004,Female,45-55,95,93.380043,89.755241
IRL,2004,Female,45-55,97.5,95.836128,90.584869
IRL,2004,Female,45-55,99,97.091263,93.635689
IRL,2004,Female,45-55,99.90000000000001,99.215134,95.383141
IRL,2004,Female,45-55,100,99.95211,98.182449
IRL,2004,Male,25-34,2.5,7.3205309,24.618679
IRL,2004,Male,25-34,5,9.6425686,26.255939
IRL,2004,Male,25-34,7.5,11.831,27.22724
IRL,2004,Male,25-34,10,13.67108,28.21467
IRL,2004,Male,25-34,12.5,15.43583,29.16288
IRL,2004,Male,25-34,15,17.56732,28.98509
IRL,2004,Male,25-34,17.5,18.016331,31.49577
IRL,2004,Male,25-34,20,21.305901,32.553188
IRL,2004,Male,25-34,22.5,21.86289,34.849571
IRL,2004,Male,25-34,25,25.261259,32.782982
IRL,2004,Male,25-34,27.5,27.488319,34.348049
IRL,2004,Male,25-34,30,29.780649,34.617329
IRL,2004,Male,25-34,32.5,33.601688,36.123169
IRL,2004,Male,25-34,35,34.401661,37.89579
IRL,2004,Male,25-34,37.5,36.073399,37.13887
IRL,2004,Male,25-34,40,39.369591,38.550289
IRL,2004,Male,25-34,42.5,40.89756,39.3237
IRL,2004,Male,25-34,45,41.983311,42.322311
IRL,2004,Male,25-34,47.5,45.031631,43.69463
IRL,2004,Male,25-34,50,47.41917,43.715851
IRL,2004,Male,25-34,52.5,50.95377,46.792831
IRL,2004,Male,25-34,55,52.223499,47.771709
IRL,2004,Male,25-34,57.5,54.30117,50.899872
IRL,2004,Male,25-34,60,57.010181,52.055859
IRL,2004,Male,25-34,62.5,58.927589,55.176331
IRL,2004,Male,25-34,65,61.813492,56.2216
IRL,2004,Male,25-34,67.5,64.346413,58.269138
IRL,2004,Male,25-34,70,66.441162,60.36417
IRL,2004,Male,25-34,72.5,69.597328,61.409149
IRL,2004,Male,25-34,75,71.459267,63.32309
IRL,2004,Male,25-34,77.5,73.717087,66.103691
IRL,2004,Male,25-34,80,76.832947,69.023109
IRL,2004,Male,25-34,82.5,79.045593,72.867172
IRL,2004,Male,25-34,85,82.352577,72.182678
IRL,2004,Male,25-34,87.5,83.991577,73.350128
IRL,2004,Male,25-34,90,85.808472,77.353256
IRL,2004,Male,25-34,92.5,89.749687,79.914917
IRL,2004,Male,25-34,95,91.65641,81.77813
IRL,2004,Male,25-34,97.5,94.533188,83.574226
IRL,2004,Male,25-34,99,97.149246,87.534683
IRL,2004,Male,25-34,99.90000000000001,98.807854,90.666847
IRL,2004,Male,25-34,100,99.886368,82.614273
IRL,2004,Male,25-55,2.5,6.1209531,20.956329
IRL,2004,Male,25-55,5,8.3632898,21.086081
IRL,2004,Male,25-55,7.5,10.39593,23.113029
IRL,2004,Male,25-55,10,12.26217,24.366171
IRL,2004,Male,25-55,12.5,14.03179,24.502371
IRL,2004,Male,25-55,15,15.91365,25.71207
IRL,2004,Male,25-55,17.5,17.76169,27.652519
IRL,2004,Male,25-55,20,20.352671,28.51918
IRL,2004,Male,25-55,22.5,22.71814,30.01539
IRL,2004,Male,25-55,25,24.776581,30.576269
IRL,2004,Male,25-55,27.5,27.329781,32.334881
IRL,2004,Male,25-55,30,29.447359,33.090469
IRL,2004,Male,25-55,32.5,32.768429,34.24012
IRL,2004,Male,25-55,35,34.238029,35.641151
IRL,2004,Male,25-55,37.5,36.319839,36.890171
IRL,2004,Male,25-55,40,39.00095,37.949261
IRL,2004,Male,25-55,42.5,40.925499,40.33017
IRL,2004,Male,25-55,45,42.77681,42.27322
IRL,2004,Male,25-55,47.5,45.770599,44.351299
IRL,2004,Male,25-55,50,47.61039,45.41288
IRL,2004,Male,25-55,52.5,50.718739,47.283279
IRL,2004,Male,25-55,55,52.580238,49.51004
IRL,2004,Male,25-55,57.5,54.813251,52.20314
IRL,2004,Male,25-55,60,57.47739,53.30492
IRL,2004,Male,25-55,62.5,59.513439,56.33548
IRL,2004,Male,25-55,65,62.37326,58.118408
IRL,2004,Male,25-55,67.5,64.642113,59.748371
IRL,2004,Male,25-55,70,67.303886,61.812141
IRL,2004,Male,25-55,72.5,69.585327,63.994419
IRL,2004,Male,25-55,75,72.323959,66.149529
IRL,2004,Male,25-55,77.5,74.493584,68.977524
IRL,2004,Male,25-55,80,77.296867,71.005051
IRL,2004,Male,25-55,82.5,79.722023,74.351646
IRL,2004,Male,25-55,85,82.508034,75.148903
IRL,2004,Male,25-55,87.5,84.2435,77.385529
IRL,2004,Male,25-55,90,86.927589,80.457901
IRL,2004,Male,25-55,92.5,89.942284,82.88726
IRL,2004,Male,25-55,95,92.344269,85.13047
IRL,2004,Male,25-55,97.5,95.065392,86.795662
IRL,2004,Male,25-55,99,97.326439,90.548859
IRL,2004,Male,25-55,99.90000000000001,99.038116,93.150459
IRL,2004,Male,25-55,100,99.907356,88.008537
IRL,2004,Male,35-44,2.5,5.4172602,18.360519
IRL,2004,Male,35-44,5,7.779058,18.13171
IRL,2004,Male,35-44,7.5,9.8325138,21.046659
IRL,2004,Male,35-44,10,12.11647,21.90596
IRL,2004,Male,35-44,12.5,13.77359,20.5151
IRL,2004,Male,35-44,15,15.14182,24.292761
IRL,2004,Male,35-44,17.5,17.423019,26.11775
IRL,2004,Male,35-44,20,19.722469,26.682671
IRL,2004,Male,35-44,22.5,23.92396,27.13323
IRL,2004,Male,35-44,25,24.228609,30.01565
IRL,2004,Male,35-44,27.5,27.02816,31.845631
IRL,2004,Male,35-44,30,29.394239,31.944139
IRL,2004,Male,35-44,32.5,32.473511,33.17017
IRL,2004,Male,35-44,35,34.163078,34.7365
IRL,2004,Male,35-44,37.5,36.682449,36.9086
IRL,2004,Male,35-44,40,38.893459,37.300091
IRL,2004,Male,35-44,42.5,41.29858,41.80748
IRL,2004,Male,35-44,45,42.92786,41.986359
IRL,2004,Male,35-44,47.5,46.42218,44.27079
IRL,2004,Male,35-44,50,47.652721,46.33342
IRL,2004,Male,35-44,52.5,50.374741,46.846489
IRL,2004,Male,35-44,55,52.75724,50.548569
IRL,2004,Male,35-44,57.5,54.879791,52.44323
IRL,2004,Male,35-44,60,57.534061,53.793579
IRL,2004,Male,35-44,62.5,60.36961,56.569309
IRL,2004,Male,35-44,65,62.277851,59.159382
IRL,2004,Male,35-44,67.5,64.412277,60.52256
IRL,2004,Male,35-44,70,67.731163,62.103081
IRL,2004,Male,35-44,72.5,69.305511,65.35508
IRL,2004,Male,35-44,75,72.777847,67.494469
IRL,2004,Male,35-44,77.5,74.855232,70.962883
IRL,2004,Male,35-44,80,77.567741,72.539963
IRL,2004,Male,35-44,82.5,80.124947,75.440407
IRL,2004,Male,35-44,85,82.281731,76.522453
IRL,2004,Male,35-44,87.5,83.958023,78.97438
IRL,2004,Male,35-44,90,87.279114,82.18206
IRL,2004,Male,35-44,92.5,89.90448,84.691879
IRL,2004,Male,35-44,95,92.706421,87.82238
IRL,2004,Male,35-44,97.5,95.298553,89.021423
IRL,2004,Male,35-44,99,97.313133,93.205811
IRL,2004,Male,35-44,99.90000000000001,99.294594,94.435226
IRL,2004,Male,35-44,100,99.91906,91.435799
IRL,2004,Male,45-55,2.5,5.2087722,18.07906
IRL,2004,Male,45-55,5,7.173131,15.49953
IRL,2004,Male,45-55,7.5,8.9300823,18.04731
IRL,2004,Male,45-55,10,10.25275,20.763121
IRL,2004,Male,45-55,12.5,12.18672,22.321369
IRL,2004,Male,45-55,15,14.38871,21.22084
IRL,2004,Male,45-55,17.5,17.834841,22.07354
IRL,2004,Male,45-55,20,19.734261,23.142349
IRL,2004,Male,45-55,22.5,22.38633,25.08003
IRL,2004,Male,45-55,25,24.77821,26.73584
IRL,2004,Male,45-55,27.5,27.500231,28.740789
IRL,2004,Male,45-55,30,28.999359,32.033051
IRL,2004,Male,45-55,32.5,31.871799,32.18758
IRL,2004,Male,45-55,35,34.084991,32.403549
IRL,2004,Male,45-55,37.5,36.204319,36.281231
IRL,2004,Male,45-55,40,38.573441,37.959171
IRL,2004,Male,45-55,42.5,40.449718,39.517399
IRL,2004,Male,45-55,45,43.808979,42.77177
IRL,2004,Male,45-55,47.5,46.0285,46.029099
IRL,2004,Male,45-55,50,47.851181,47.32658
IRL,2004,Male,45-55,52.5,50.830109,49.345982
IRL,2004,Male,45-55,55,52.895031,51.30851
IRL,2004,Male,45-55,57.5,55.522511,54.667789
IRL,2004,Male,45-55,60,58.129589,55.135731
IRL,2004,Male,45-55,62.5,59.245049,58.498589
IRL,2004,Male,45-55,65,63.379391,60.258572
IRL,2004,Male,45-55,67.5,65.43,61.487141
IRL,2004,Male,45-55,70,68.063972,64.520477
IRL,2004,Male,45-55,72.5,69.953369,67.017677
IRL,2004,Male,45-55,75,73.050377,69.767067
IRL,2004,Male,45-55,77.5,75.210564,71.3508
IRL,2004,Male,45-55,80,77.646347,72.286491
IRL,2004,Male,45-55,82.5,80.224579,75.450127
IRL,2004,Male,45-55,85,83.067719,79.049728
IRL,2004,Male,45-55,87.5,85.036491,83.255959
IRL,2004,Male,45-55,90,88.193764,83.888206
IRL,2004,Male,45-55,92.5,90.297279,85.873337
IRL,2004,Male,45-55,95,92.918427,87.120567
IRL,2004,Male,45-55,97.5,95.582352,89.51239
IRL,2004,Male,45-55,99,97.625763,91.790466
IRL,2004,Male,45-55,99.90000000000001,99.039093,96.154846
IRL,2004,Male,45-55,100,99.923409,91.656929
IRL,2005,All genders,25-34,2.5,7.7716012,27.029631
IRL,2005,All genders,25-34,5,10.04433,26.87813
IRL,2005,All genders,25-34,7.5,11.64154,27.036409
IRL,2005,All genders,25-34,10,13.72389,27.472111
IRL,2005,All genders,25-34,12.5,15.62952,27.552191
IRL,2005,All genders,25-34,15,16.873791,30.798611
IRL,2005,All genders,25-34,17.5,19.25519,28.86977
IRL,2005,All genders,25-34,20,20.6964,30.99506
IRL,2005,All genders,25-34,22.5,22.25622,33.085789
IRL,2005,All genders,25-34,25,25.018101,32.75396
IRL,2005,All genders,25-34,27.5,26.688021,35.108009
IRL,2005,All genders,25-34,30,29.324619,35.00861
IRL,2005,All genders,25-34,32.5,31.493799,37.9562
IRL,2005,All genders,25-34,35,33.517078,37.55405
IRL,2005,All genders,25-34,37.5,35.976219,40.07196
IRL,2005,All genders,25-34,40,38.664371,40.246819
IRL,2005,All genders,25-34,42.5,41.277901,42.04821
IRL,2005,All genders,25-34,45,42.854759,42.746601
IRL,2005,All genders,25-34,47.5,45.971729,43.64867
IRL,2005,All genders,25-34,50,47.2505,46.273232
IRL,2005,All genders,25-34,52.5,50.19035,48.431499
IRL,2005,All genders,25-34,55,52.30267,48.702202
IRL,2005,All genders,25-34,57.5,54.81435,51.0443
IRL,2005,All genders,25-34,60,57.080299,52.666931
IRL,2005,All genders,25-34,62.5,59.383282,54.02631
IRL,2005,All genders,25-34,65,62.31665,55.827869
IRL,2005,All genders,25-34,67.5,64.573318,56.18679
IRL,2005,All genders,25-34,70,66.866051,59.142658
IRL,2005,All genders,25-34,72.5,69.249046,60.628841
IRL,2005,All genders,25-34,75,71.232193,64.019386
IRL,2005,All genders,25-34,77.5,74.043877,65.914597
IRL,2005,All genders,25-34,80,76.403084,67.304123
IRL,2005,All genders,25-34,82.5,78.931824,69.508217
IRL,2005,All genders,25-34,85,82.133728,73.397232
IRL,2005,All genders,25-34,87.5,84.65435,74.196678
IRL,2005,All genders,25-34,90,86.712807,76.070053
IRL,2005,All genders,25-34,92.5,89.354507,78.740784
IRL,2005,All genders,25-34,95,91.811142,80.848213
IRL,2005,All genders,25-34,97.5,94.643532,83.96434
IRL,2005,All genders,25-34,99,97.23455,85.744209
IRL,2005,All genders,25-34,99.90000000000001,98.938019,89.010872
IRL,2005,All genders,25-34,100,99.770126,88.260262
IRL,2005,All genders,25-55,2.5,6.5784378,22.92173
IRL,2005,All genders,25-55,5,8.8386078,23.378361
IRL,2005,All genders,25-55,7.5,10.66037,23.235491
IRL,2005,All genders,25-55,10,12.58852,24.40119
IRL,2005,All genders,25-55,12.5,14.57065,24.808109
IRL,2005,All genders,25-55,15,16.124149,26.72608
IRL,2005,All genders,25-55,17.5,18.430429,26.42198
IRL,2005,All genders,25-55,20,20.19315,27.99803
IRL,2005,All genders,25-55,22.5,22.22473,29.788651
IRL,2005,All genders,25-55,25,24.60762,30.649071
IRL,2005,All genders,25-55,27.5,26.374969,32.43755
IRL,2005,All genders,25-55,30,29.02223,33.384769
IRL,2005,All genders,25-55,32.5,31.229691,35.462391
IRL,2005,All genders,25-55,35,33.577259,36.258789
IRL,2005,All genders,25-55,37.5,35.814442,38.45277
IRL,2005,All genders,25-55,40,38.305538,39.43531
IRL,2005,All genders,25-55,42.5,41.100422,40.763271
IRL,2005,All genders,25-55,45,43.138988,42.336979
IRL,2005,All genders,25-55,47.5,45.709221,44.565361
IRL,2005,All genders,25-55,50,47.80267,46.207588
IRL,2005,All genders,25-55,52.5,50.339119,48.379059
IRL,2005,All genders,25-55,55,52.6366,49.51004
IRL,2005,All genders,25-55,57.5,55.00647,51.75877
IRL,2005,All genders,25-55,60,57.76302,52.81863
IRL,2005,All genders,25-55,62.5,59.728119,55.308262
IRL,2005,All genders,25-55,65,62.39687,57.465179
IRL,2005,All genders,25-55,67.5,64.893333,58.746201
IRL,2005,All genders,25-55,70,67.16626,61.00116
IRL,2005,All genders,25-55,72.5,69.549683,63.29084
IRL,2005,All genders,25-55,75,72.232918,65.319893
IRL,2005,All genders,25-55,77.5,74.627838,68.300247
IRL,2005,All genders,25-55,80,77.221542,70.128326
IRL,2005,All genders,25-55,82.5,79.711533,72.8358
IRL,2005,All genders,25-55,85,82.474533,75.777733
IRL,2005,All genders,25-55,87.5,85.081886,77.33419
IRL,2005,All genders,25-55,90,87.306938,79.650261
IRL,2005,All genders,25-55,92.5,89.944321,82.372993
IRL,2005,All genders,25-55,95,92.430603,83.954803
IRL,2005,All genders,25-55,97.5,95.188332,86.988274
IRL,2005,All genders,25-55,99,97.559807,89.885109
IRL,2005,All genders,25-55,99.90000000000001,99.119492,91.548698
IRL,2005,All genders,25-55,100,99.86216,88.674744
IRL,2005,All genders,35-44,2.5,6.2643652,20.558069
IRL,2005,All genders,35-44,5,8.346735,22.1721
IRL,2005,All genders,35-44,7.5,10.49313,21.34973
IRL,2005,All genders,35-44,10,12.256,22.98147
IRL,2005,All genders,35-44,12.5,14.25224,22.604111
IRL,2005,All genders,35-44,15,16.07856,24.917191
IRL,2005,All genders,35-44,17.5,18.0711,25.369711
IRL,2005,All genders,35-44,20,20.40691,25.68252
IRL,2005,All genders,35-44,22.5,21.79327,27.942209
IRL,2005,All genders,35-44,25,24.54908,29.4534
IRL,2005,All genders,35-44,27.5,26.40324,30.95241
IRL,2005,All genders,35-44,30,28.450741,32.394131
IRL,2005,All genders,35-44,32.5,30.987499,33.34705
IRL,2005,All genders,35-44,35,33.528721,35.336571
IRL,2005,All genders,35-44,37.5,35.657001,37.229271
IRL,2005,All genders,35-44,40,38.167141,38.70747
IRL,2005,All genders,35-44,42.5,40.988602,39.98724
IRL,2005,All genders,35-44,45,43.192711,41.830791
IRL,2005,All genders,35-44,47.5,45.597012,44.980339
IRL,2005,All genders,35-44,50,48.05444,46.229389
IRL,2005,All genders,35-44,52.5,50.147911,48.584068
IRL,2005,All genders,35-44,55,53.067612,49.760189
IRL,2005,All genders,35-44,57.5,54.966042,51.510132
IRL,2005,All genders,35-44,60,58.36528,52.911732
IRL,2005,All genders,35-44,62.5,59.846279,56.077969
IRL,2005,All genders,35-44,65,62.453869,57.992569
IRL,2005,All genders,35-44,67.5,64.935898,60.532108
IRL,2005,All genders,35-44,70,67.148537,62.081551
IRL,2005,All genders,35-44,72.5,69.296944,64.943817
IRL,2005,All genders,35-44,75,72.731377,66.2976
IRL,2005,All genders,35-44,77.5,74.9161,69.925842
IRL,2005,All genders,35-44,80,77.684402,72.207497
IRL,2005,All genders,35-44,82.5,79.946747,75.030807
IRL,2005,All genders,35-44,85,82.32235,77.111397
IRL,2005,All genders,35-44,87.5,85.019058,79.164993
IRL,2005,All genders,35-44,90,87.542976,81.502586
IRL,2005,All genders,35-44,92.5,90.228569,84.71096
IRL,2005,All genders,35-44,95,92.840027,85.257187
IRL,2005,All genders,35-44,97.5,95.510536,88.852654
IRL,2005,All genders,35-44,99,97.756378,92.592781
IRL,2005,All genders,35-44,99.90000000000001,99.174927,92.753433
IRL,2005,All genders,35-44,100,99.903297,91.13636
IRL,2005,All genders,45-55,2.5,5.1095018,18.34478
IRL,2005,All genders,45-55,5,7.5985918,17.80398
IRL,2005,All genders,45-55,7.5,9.3303556,18.407499
IRL,2005,All genders,45-55,10,11.24408,20.24221
IRL,2005,All genders,45-55,12.5,13.3273,23.065331
IRL,2005,All genders,45-55,15,14.9991,21.112511
IRL,2005,All genders,45-55,17.5,17.61253,22.93256
IRL,2005,All genders,45-55,20,19.104469,25.90192
IRL,2005,All genders,45-55,22.5,22.756861,26.018641
IRL,2005,All genders,45-55,25,24.03664,28.29077
IRL,2005,All genders,45-55,27.5,25.843241,29.350479
IRL,2005,All genders,45-55,30,29.320921,31.703751
IRL,2005,All genders,45-55,32.5,31.14036,34.089939
IRL,2005,All genders,45-55,35,33.73764,35.18681
IRL,2005,All genders,45-55,37.5,35.77224,37.253769
IRL,2005,All genders,45-55,40,37.924759,39.070251
IRL,2005,All genders,45-55,42.5,40.970982,39.412128
IRL,2005,All genders,45-55,45,43.516041,42.442909
IRL,2005,All genders,45-55,47.5,45.446091,45.821209
IRL,2005,All genders,45-55,50,48.333679,46.011539
IRL,2005,All genders,45-55,52.5,50.834042,47.834389
IRL,2005,All genders,45-55,55,52.579029,50.857071
IRL,2005,All genders,45-55,57.5,55.365211,53.914291
IRL,2005,All genders,45-55,60,58.031479,52.974941
IRL,2005,All genders,45-55,62.5,60.11364,56.673649
IRL,2005,All genders,45-55,65,62.44619,60.150581
IRL,2005,All genders,45-55,67.5,65.340378,60.936691
IRL,2005,All genders,45-55,70,67.667183,63.046989
IRL,2005,All genders,45-55,72.5,70.37104,65.985107
IRL,2005,All genders,45-55,75,73.137878,66.293182
IRL,2005,All genders,45-55,77.5,75.161369,70.421143
IRL,2005,All genders,45-55,80,77.889397,72.334351
IRL,2005,All genders,45-55,82.5,80.625229,75.937714
IRL,2005,All genders,45-55,85,83.221443,78.531601
IRL,2005,All genders,45-55,87.5,85.843407,80.749733
IRL,2005,All genders,45-55,90,87.926323,84.052231
IRL,2005,All genders,45-55,92.5,90.491043,85.912727
IRL,2005,All genders,45-55,95,92.857193,88.395317
IRL,2005,All genders,45-55,97.5,95.620506,90.146843
IRL,2005,All genders,45-55,99,97.807793,93.710487
IRL,2005,All genders,45-55,99.90000000000001,99.329422,94.976288
IRL,2005,All genders,45-55,100,99.944366,84.717552
IRL,2005,Female,25-34,2.5,7.6047359,26.77742
IRL,2005,Female,25-34,5,10.34144,27.179211
IRL,2005,Female,25-34,7.5,11.13979,25.381281
IRL,2005,Female,25-34,10,13.42843,26.10038
IRL,2005,Female,25-34,12.5,15.14591,26.457621
IRL,2005,Female,25-34,15,16.062901,29.86552
IRL,2005,Female,25-34,17.5,18.866961,26.713329
IRL,2005,Female,25-34,20,19.887409,31.244749
IRL,2005,Female,25-34,22.5,21.07683,33.237259
IRL,2005,Female,25-34,25,24.94047,31.93527
IRL,2005,Female,25-34,27.5,26.88887,34.986488
IRL,2005,Female,25-34,30,28.69335,33.828541
IRL,2005,Female,25-34,32.5,31.2372,37.86063
IRL,2005,Female,25-34,35,33.50816,38.81673
IRL,2005,Female,25-34,37.5,35.56884,39.217949
IRL,2005,Female,25-34,40,39.291248,41.323711
IRL,2005,Female,25-34,42.5,41.64901,42.125118
IRL,2005,Female,25-34,45,42.888302,42.941429
IRL,2005,Female,25-34,47.5,45.910591,44.61779
IRL,2005,Female,25-34,50,47.426788,47.370529
IRL,2005,Female,25-34,52.5,50.59164,50.023041
IRL,2005,Female,25-34,55,52.213799,50.06794
IRL,2005,Female,25-34,57.5,55.402351,51.47942
IRL,2005,Female,25-34,60,57.58284,52.067848
IRL,2005,Female,25-34,62.5,60.34531,53.30817
IRL,2005,Female,25-34,65,62.52166,55.766689
IRL,2005,Female,25-34,67.5,64.412773,56.291531
IRL,2005,Female,25-34,70,66.803017,58.556992
IRL,2005,Female,25-34,72.5,69.126358,61.345009
IRL,2005,Female,25-34,75,71.966072,63.51733
IRL,2005,Female,25-34,77.5,74.324921,66.423714
IRL,2005,Female,25-34,80,76.608917,68.266563
IRL,2005,Female,25-34,82.5,79.410316,69.996033
IRL,2005,Female,25-34,85,82.298721,75.147087
IRL,2005,Female,25-34,87.5,85.000572,75.254257
IRL,2005,Female,25-34,90,87.050926,76.445084
IRL,2005,Female,25-34,92.5,89.052544,78.477478
IRL,2005,Female,25-34,95,91.736366,80.658913
IRL,2005,Female,25-34,97.5,94.697884,83.293541
IRL,2005,Female,25-34,99,97.230118,84.362473
IRL,2005,Female,25-34,99.90000000000001,98.843803,89.387169
IRL,2005,Female,25-34,100,99.930283,89.293053
IRL,2005,Female,25-55,2.5,6.9199109,23.425911
IRL,2005,Female,25-55,5,9.1087637,24.624941
IRL,2005,Female,25-55,7.5,10.70455,22.79138
IRL,2005,Female,25-55,10,12.55766,23.525471
IRL,2005,Female,25-55,12.5,14.29888,24.401581
IRL,2005,Female,25-55,15,15.92418,26.31443
IRL,2005,Female,25-55,17.5,18.277081,25.307541
IRL,2005,Female,25-55,20,19.71508,28.055361
IRL,2005,Female,25-55,22.5,21.39399,29.425791
IRL,2005,Female,25-55,25,24.326759,29.921209
IRL,2005,Female,25-55,27.5,26.161051,32.486401
IRL,2005,Female,25-55,30,28.78558,32.851101
IRL,2005,Female,25-55,32.5,31.120831,35.516201
IRL,2005,Female,25-55,35,33.75523,36.783352
IRL,2005,Female,25-55,37.5,35.660301,37.752361
IRL,2005,Female,25-55,40,38.664688,39.92963
IRL,2005,Female,25-55,42.5,41.0061,40.73217
IRL,2005,Female,25-55,45,43.113609,42.0774
IRL,2005,Female,25-55,47.5,45.609459,44.875191
IRL,2005,Female,25-55,50,47.799519,46.626709
IRL,2005,Female,25-55,52.5,50.532021,48.43932
IRL,2005,Female,25-55,55,52.280811,49.826241
IRL,2005,Female,25-55,57.5,55.201752,51.90271
IRL,2005,Female,25-55,60,57.93515,52.30677
IRL,2005,Female,25-55,62.5,59.971699,55.360088
IRL,2005,Female,25-55,65,62.520309,57.05196
IRL,2005,Female,25-55,67.5,64.929619,58.686829
IRL,2005,Female,25-55,70,67.182663,61.169331
IRL,2005,Female,25-55,72.5,69.474182,64.537643
IRL,2005,Female,25-55,75,72.804367,65.097054
IRL,2005,Female,25-55,77.5,74.862701,68.397102
IRL,2005,Female,25-55,80,77.285202,70.615959
IRL,2005,Female,25-55,82.5,79.943481,72.538551
IRL,2005,Female,25-55,85,82.575867,76.829758
IRL,2005,Female,25-55,87.5,85.207458,77.972221
IRL,2005,Female,25-55,90,87.598068,79.709007
IRL,2005,Female,25-55,92.5,89.840118,82.194313
IRL,2005,Female,25-55,95,92.353737,83.816277
IRL,2005,Female,25-55,97.5,95.267609,86.953033
IRL,2005,Female,25-55,99,97.546928,88.981537
IRL,2005,Female,25-55,99.90000000000001,99.112,92.021843
IRL,2005,Female,25-55,100,99.925034,91.670692
IRL,2005,Female,35-44,2.5,6.7723408,21.6353
IRL,2005,Female,35-44,5,8.5478268,24.770281
IRL,2005,Female,35-44,7.5,11.06867,21.76951
IRL,2005,Female,35-44,10,12.26962,22.104309
IRL,2005,Female,35-44,12.5,13.8988,22.506651
IRL,2005,Female,35-44,15,16.37755,25.23649
IRL,2005,Female,35-44,17.5,18.28105,25.139919
IRL,2005,Female,35-44,20,20.12657,25.24297
IRL,2005,Female,35-44,22.5,21.10955,27.33201
IRL,2005,Female,35-44,25,24.169861,28.912729
IRL,2005,Female,35-44,27.5,25.79694,31.012569
IRL,2005,Female,35-44,30,28.69775,32.288349
IRL,2005,Female,35-44,32.5,31.16045,33.589069
IRL,2005,Female,35-44,35,33.718109,35.825481
IRL,2005,Female,35-44,37.5,35.63282,37.252621
IRL,2005,Female,35-44,40,38.501942,38.725609
IRL,2005,Female,35-44,42.5,40.493408,39.568642
IRL,2005,Female,35-44,45,43.27869,40.91354
IRL,2005,Female,35-44,47.5,45.616489,44.48917
IRL,2005,Female,35-44,50,48.072819,46.187679
IRL,2005,Female,35-44,52.5,50.518799,48.17942
IRL,2005,Female,35-44,55,52.52742,49.432899
IRL,2005,Female,35-44,57.5,54.834869,51.87558
IRL,2005,Female,35-44,60,58.192902,52.59919
IRL,2005,Female,35-44,62.5,59.810669,56.93729
IRL,2005,Female,35-44,65,62.372471,57.480301
IRL,2005,Female,35-44,67.5,65.209427,60.01701
IRL,2005,Female,35-44,70,66.999733,63.711658
IRL,2005,Female,35-44,72.5,69.013062,66.367126
IRL,2005,Female,35-44,75,73.393433,65.553993
IRL,2005,Female,35-44,77.5,75.115242,69.743919
IRL,2005,Female,35-44,80,77.774834,72.309578
IRL,2005,Female,35-44,82.5,80.12854,74.078453
IRL,2005,Female,35-44,85,82.195038,77.861923
IRL,2005,Female,35-44,87.5,84.876244,79.060089
IRL,2005,Female,35-44,90,87.747879,80.71093
IRL,2005,Female,35-44,92.5,90.200073,84.549103
IRL,2005,Female,35-44,95,92.497581,84.497429
IRL,2005,Female,35-44,97.5,95.561012,89.166222
IRL,2005,Female,35-44,99,97.790359,91.926064
IRL,2005,Female,35-44,99.90000000000001,99.259354,93.175209
IRL,2005,Female,35-44,100,99.900787,95.067909
IRL,2005,Female,45-55,2.5,6.0388331,19.375589
IRL,2005,Female,45-55,5,7.9206018,18.538231
IRL,2005,Female,45-55,7.5,9.5528574,18.955351
IRL,2005,Female,45-55,10,11.57819,20.49618
IRL,2005,Female,45-55,12.5,13.50335,23.51371
IRL,2005,Female,45-55,15,15.12008,20.394079
IRL,2005,Female,45-55,17.5,17.35323,22.45829
IRL,2005,Female,45-55,20,18.9111,26.40056
IRL,2005,Female,45-55,22.5,22.25325,24.95046
IRL,2005,Female,45-55,25,23.575569,27.38065
IRL,2005,Female,45-55,27.5,25.502279,29.725161
IRL,2005,Female,45-55,30,29.044769,31.74954
IRL,2005,Female,45-55,32.5,30.888321,34.022831
IRL,2005,Female,45-55,35,34.186951,34.093811
IRL,2005,Female,45-55,37.5,35.838379,35.40773
IRL,2005,Female,45-55,40,37.900002,39.150921
IRL,2005,Female,45-55,42.5,40.66991,39.88866
IRL,2005,Female,45-55,45,43.25,42.4207
IRL,2005,Female,45-55,47.5,45.13044,46.22007
IRL,2005,Female,45-55,50,48.024101,45.81144
IRL,2005,Female,45-55,52.5,50.45623,45.357899
IRL,2005,Female,45-55,55,52.06345,50.05883
IRL,2005,Female,45-55,57.5,55.367771,52.911259
IRL,2005,Female,45-55,60,58.150768,52.2686
IRL,2005,Female,45-55,62.5,59.597858,56.891621
IRL,2005,Female,45-55,65,62.710609,59.116692
IRL,2005,Female,45-55,67.5,65.370209,61.469379
IRL,2005,Female,45-55,70,68.016418,62.044048
IRL,2005,Female,45-55,72.5,70.614883,68.166458
IRL,2005,Female,45-55,75,73.343643,67.777527
IRL,2005,Female,45-55,77.5,75.372047,70.188103
IRL,2005,Female,45-55,80,77.697289,72.597893
IRL,2005,Female,45-55,82.5,80.533638,75.232193
IRL,2005,Female,45-55,85,83.503113,78.609131
IRL,2005,Female,45-55,87.5,85.957077,81.96962
IRL,2005,Female,45-55,90,88.253304,85.090233
IRL,2005,Female,45-55,92.5,90.594566,85.952103
IRL,2005,Female,45-55,95,93.129097,89.623466
IRL,2005,Female,45-55,97.5,95.780792,90.938828
IRL,2005,Female,45-55,99,97.726509,93.432129
IRL,2005,Female,45-55,99.90000000000001,99.333763,95.809753
IRL,2005,Female,45-55,100,99.948631,90.395889
IRL,2005,Male,25-34,2.5,7.922152,27.269489
IRL,2005,Male,25-34,5,9.7764769,26.591669
IRL,2005,Male,25-34,7.5,12.09264,28.608049
IRL,2005,Male,25-34,10,13.99021,28.772421
IRL,2005,Male,25-34,12.5,16.064899,28.587589
IRL,2005,Male,25-34,15,17.60269,31.68638
IRL,2005,Male,25-34,17.5,19.605721,30.91781
IRL,2005,Male,25-34,20,21.424601,30.75885
IRL,2005,Male,25-34,22.5,23.31654,32.941959
IRL,2005,Male,25-34,25,25.088181,33.529881
IRL,2005,Male,25-34,27.5,26.507759,35.223209
IRL,2005,Male,25-34,30,29.89381,36.131271
IRL,2005,Male,25-34,32.5,31.724779,38.046951
IRL,2005,Male,25-34,35,33.52515,36.354969
IRL,2005,Male,25-34,37.5,36.341919,40.882961
IRL,2005,Male,25-34,40,38.099312,39.22599
IRL,2005,Male,25-34,42.5,40.94379,41.975189
IRL,2005,Male,25-34,45,42.82457,42.561588
IRL,2005,Male,25-34,47.5,46.026691,42.73349
IRL,2005,Male,25-34,50,47.091358,45.229321
IRL,2005,Male,25-34,52.5,49.829071,46.91177
IRL,2005,Male,25-34,55,52.38266,47.412472
IRL,2005,Male,25-34,57.5,54.28426,50.631081
IRL,2005,Male,25-34,60,56.627811,53.23579
IRL,2005,Male,25-34,62.5,58.516121,54.70834
IRL,2005,Male,25-34,65,62.13266,55.885761
IRL,2005,Male,25-34,67.5,64.718498,56.087139
IRL,2005,Male,25-34,70,66.922974,59.697781
IRL,2005,Male,25-34,72.5,69.359482,59.94622
IRL,2005,Male,25-34,75,70.573433,64.494408
IRL,2005,Male,25-34,77.5,73.79055,65.43116
IRL,2005,Male,25-34,80,76.217758,66.388412
IRL,2005,Male,25-34,82.5,78.501709,69.047607
IRL,2005,Male,25-34,85,81.984756,71.735336
IRL,2005,Male,25-34,87.5,84.342651,73.192337
IRL,2005,Male,25-34,90,86.408447,75.713921
IRL,2005,Male,25-34,92.5,89.626328,78.989906
IRL,2005,Male,25-34,95,91.87838,81.028297
IRL,2005,Male,25-34,97.5,94.594597,84.600861
IRL,2005,Male,25-34,99,97.238571,87.055191
IRL,2005,Male,25-34,99.90000000000001,99.022408,88.653214
IRL,2005,Male,25-34,100,99.624542,87.22747
IRL,2005,Male,25-55,2.5,6.2738042,22.449499
IRL,2005,Male,25-55,5,8.5970869,22.21278
IRL,2005,Male,25-55,7.5,10.62099,23.650379
IRL,2005,Male,25-55,10,12.61611,25.219919
IRL,2005,Male,25-55,12.5,14.8135,25.18815
IRL,2005,Male,25-55,15,16.30238,27.111019
IRL,2005,Male,25-55,17.5,18.56761,27.466351
IRL,2005,Male,25-55,20,20.61898,27.944679
IRL,2005,Male,25-55,22.5,22.966129,30.12845
IRL,2005,Male,25-55,25,24.859301,31.329571
IRL,2005,Male,25-55,27.5,26.564871,32.391941
IRL,2005,Male,25-55,30,29.23391,33.88335
IRL,2005,Male,25-55,32.5,31.32671,35.41193
IRL,2005,Male,25-55,35,33.417641,35.76717
IRL,2005,Male,25-55,37.5,35.951611,39.10606
IRL,2005,Male,25-55,40,37.98415,38.973129
IRL,2005,Male,25-55,42.5,41.18454,40.792419
IRL,2005,Male,25-55,45,43.161659,42.579498
IRL,2005,Male,25-55,47.5,45.79821,44.2757
IRL,2005,Male,25-55,50,47.805489,45.815731
IRL,2005,Male,25-55,52.5,50.167381,48.32275
IRL,2005,Male,25-55,55,52.953739,49.214211
IRL,2005,Male,25-55,57.5,54.83157,51.62439
IRL,2005,Male,25-55,60,57.609329,53.29755
IRL,2005,Male,25-55,62.5,59.511169,55.25972
IRL,2005,Male,25-55,65,62.28677,57.851139
IRL,2005,Male,25-55,67.5,64.860863,58.801811
IRL,2005,Male,25-55,70,67.151604,60.843571
IRL,2005,Male,25-55,72.5,69.617119,62.12685
IRL,2005,Male,25-55,75,71.724968,65.527733
IRL,2005,Male,25-55,77.5,74.418022,68.209557
IRL,2005,Male,25-55,80,77.164497,69.672043
IRL,2005,Male,25-55,82.5,79.505272,73.112602
IRL,2005,Male,25-55,85,82.383858,74.7911
IRL,2005,Male,25-55,87.5,84.969902,76.738037
IRL,2005,Male,25-55,90,87.047127,79.595253
IRL,2005,Male,25-55,92.5,90.037537,82.53978
IRL,2005,Male,25-55,95,92.499107,84.08432
IRL,2005,Male,25-55,97.5,95.117592,87.021118
IRL,2005,Male,25-55,99,97.571327,90.735527
IRL,2005,Male,25-55,99.90000000000001,99.126167,91.107567
IRL,2005,Male,25-55,100,99.806602,85.823753
IRL,2005,Male,35-44,2.5,5.8291879,19.59111
IRL,2005,Male,35-44,5,8.1739607,19.846359
IRL,2005,Male,35-44,7.5,10.0011,20.97323
IRL,2005,Male,35-44,10,12.24429,23.768009
IRL,2005,Male,35-44,12.5,14.55495,22.6915
IRL,2005,Male,35-44,15,15.82263,24.630131
IRL,2005,Male,35-44,17.5,17.890961,25.57572
IRL,2005,Male,35-44,20,20.64613,26.075121
IRL,2005,Male,35-44,22.5,22.37948,28.490561
IRL,2005,Male,35-44,25,24.876181,29.93737
IRL,2005,Male,35-44,27.5,26.917879,30.89834
IRL,2005,Male,35-44,30,28.238449,32.488831
IRL,2005,Male,35-44,32.5,30.839911,33.129131
IRL,2005,Male,35-44,35,33.365398,34.898079
IRL,2005,Male,35-44,37.5,35.677608,37.208328
IRL,2005,Male,35-44,40,37.878502,38.691231
IRL,2005,Male,35-44,42.5,41.412498,40.364231
IRL,2005,Male,35-44,45,43.119221,42.651871
IRL,2005,Male,35-44,47.5,45.580269,45.422588
IRL,2005,Male,35-44,50,48.038681,46.266651
IRL,2005,Male,35-44,52.5,49.832008,48.945591
IRL,2005,Male,35-44,55,53.530258,50.05545
IRL,2005,Male,35-44,57.5,55.078979,51.183632
IRL,2005,Male,35-44,60,58.513069,53.192589
IRL,2005,Male,35-44,62.5,59.876659,55.307251
IRL,2005,Male,35-44,65,62.52359,58.453709
IRL,2005,Male,35-44,67.5,64.700882,60.993198
IRL,2005,Male,35-44,70,67.276443,60.613819
IRL,2005,Male,35-44,72.5,69.540024,63.67469
IRL,2005,Male,35-44,75,72.168373,66.967148
IRL,2005,Male,35-44,77.5,74.74527,70.088676
IRL,2005,Male,35-44,80,77.606293,72.115959
IRL,2005,Male,35-44,82.5,79.791656,75.883301
IRL,2005,Male,35-44,85,82.431587,76.437241
IRL,2005,Male,35-44,87.5,85.14109,79.259102
IRL,2005,Male,35-44,90,87.367798,82.213837
IRL,2005,Male,35-44,92.5,90.253151,84.855797
IRL,2005,Male,35-44,95,93.13279,85.939934
IRL,2005,Male,35-44,97.5,95.467293,88.573723
IRL,2005,Male,35-44,99,97.727318,93.198509
IRL,2005,Male,35-44,99.90000000000001,99.102409,92.377007
IRL,2005,Male,35-44,100,99.905403,87.676598
IRL,2005,Male,45-55,2.5,4.2490878,17.32712
IRL,2005,Male,45-55,5,7.2988138,17.08213
IRL,2005,Male,45-55,7.5,9.123251,17.871161
IRL,2005,Male,45-55,10,10.93309,19.991461
IRL,2005,Male,45-55,12.5,13.16264,22.62075
IRL,2005,Male,45-55,15,14.88674,21.812901
IRL,2005,Male,45-55,17.5,17.854481,23.404819
IRL,2005,Male,45-55,20,19.284019,25.41585
IRL,2005,Male,45-55,22.5,23.225771,27.073299
IRL,2005,Male,45-55,25,24.466761,29.193171
IRL,2005,Male,45-55,27.5,26.15925,28.985241
IRL,2005,Male,45-55,30,29.578489,31.65892
IRL,2005,Male,45-55,32.5,31.374969,34.15649
IRL,2005,Male,45-55,35,33.31921,36.275181
IRL,2005,Male,45-55,37.5,35.71069,39.04575
IRL,2005,Male,45-55,40,37.9478,38.990269
IRL,2005,Male,45-55,42.5,41.250641,38.941662
IRL,2005,Male,45-55,45,43.764851,42.464729
IRL,2005,Male,45-55,47.5,45.738548,45.427429
IRL,2005,Male,45-55,50,48.62188,46.20911
IRL,2005,Male,45-55,52.5,51.184929,50.248711
IRL,2005,Male,45-55,55,53.056709,51.645161
IRL,2005,Male,45-55,57.5,55.36282,54.900459
IRL,2005,Male,45-55,60,57.920429,53.669361
IRL,2005,Male,45-55,62.5,60.591518,56.45752
IRL,2005,Male,45-55,65,62.199478,61.162659
IRL,2005,Male,45-55,67.5,65.312599,60.408501
IRL,2005,Male,45-55,70,67.342857,64.04142
IRL,2005,Male,45-55,72.5,70.143051,63.84959
IRL,2005,Male,45-55,75,72.946701,64.852318
IRL,2005,Male,45-55,77.5,74.965302,70.653214
IRL,2005,Male,45-55,80,78.069054,72.075233
IRL,2005,Male,45-55,82.5,80.709923,76.628349
IRL,2005,Male,45-55,85,82.958633,78.454407
IRL,2005,Male,45-55,87.5,85.737579,79.555458
IRL,2005,Male,45-55,90,87.621231,83.027367
IRL,2005,Male,45-55,92.5,90.394669,85.873848
IRL,2005,Male,45-55,95,92.604103,87.198013
IRL,2005,Male,45-55,97.5,95.471558,89.365189
IRL,2005,Male,45-55,99,97.883057,93.986908
IRL,2005,Male,45-55,99.90000000000001,99.325394,94.162437
IRL,2005,Male,45-55,100,99.940483,79.039207
IRL,2006,All genders,25-34,2.5,7.0990629,26.29801
IRL,2006,All genders,25-34,5,9.6886196,27.764681
IRL,2006,All genders,25-34,7.5,11.67462,27.583269
IRL,2006,All genders,25-34,10,13.63614,29.151831
IRL,2006,All genders,25-34,12.5,15.25503,29.64468
IRL,2006,All genders,25-34,15,17.283251,30.083429
IRL,2006,All genders,25-34,17.5,19.26897,30.571779
IRL,2006,All genders,25-34,20,20.531111,32.203419
IRL,2006,All genders,25-34,22.5,23.625851,32.194328
IRL,2006,All genders,25-34,25,25.22851,34.730839
IRL,2006,All genders,25-34,27.5,27.871719,35.928638
IRL,2006,All genders,25-34,30,29.5613,36.526871
IRL,2006,All genders,25-34,32.5,31.99017,36.321621
IRL,2006,All genders,25-34,35,34.56979,37.910801
IRL,2006,All genders,25-34,37.5,35.842461,40.126148
IRL,2006,All genders,25-34,40,38.12175,41.073421
IRL,2006,All genders,25-34,42.5,40.72438,41.074558
IRL,2006,All genders,25-34,45,43.281712,42.07159
IRL,2006,All genders,25-34,47.5,45.574211,45.425152
IRL,2006,All genders,25-34,50,47.950111,45.243469
IRL,2006,All genders,25-34,52.5,50.176311,47.98595
IRL,2006,All genders,25-34,55,52.622169,48.643318
IRL,2006,All genders,25-34,57.5,54.34914,49.776878
IRL,2006,All genders,25-34,60,57.413521,50.609901
IRL,2006,All genders,25-34,62.5,59.337181,54.163101
IRL,2006,All genders,25-34,65,61.761238,54.934029
IRL,2006,All genders,25-34,67.5,63.76796,57.228291
IRL,2006,All genders,25-34,70,65.963707,59.175812
IRL,2006,All genders,25-34,72.5,68.96991,62.094139
IRL,2006,All genders,25-34,75,71.455406,64.224953
IRL,2006,All genders,25-34,77.5,73.88736,65.223877
IRL,2006,All genders,25-34,80,76.13459,66.044197
IRL,2006,All genders,25-34,82.5,79.206047,70.056381
IRL,2006,All genders,25-34,85,81.639923,71.713402
IRL,2006,All genders,25-34,87.5,84.381119,72.58252
IRL,2006,All genders,25-34,90,87.032013,74.919907
IRL,2006,All genders,25-34,92.5,89.007713,77.37822
IRL,2006,All genders,25-34,95,91.881111,81.182747
IRL,2006,All genders,25-34,97.5,94.893799,83.904289
IRL,2006,All genders,25-34,99,97.129707,86.005447
IRL,2006,All genders,25-34,99.90000000000001,98.884529,88.574982
IRL,2006,All genders,25-34,100,99.870003,87.554413
IRL,2006,All genders,25-55,2.5,6.2676258,22.48049
IRL,2006,All genders,25-55,5,8.6223173,23.796419
IRL,2006,All genders,25-55,7.5,10.63866,24.002439
IRL,2006,All genders,25-55,10,12.66388,25.028099
IRL,2006,All genders,25-55,12.5,14.23844,26.340441
IRL,2006,All genders,25-55,15,16.320921,26.669399
IRL,2006,All genders,25-55,17.5,18.351919,27.565889
IRL,2006,All genders,25-55,20,20.514099,29.31229
IRL,2006,All genders,25-55,22.5,23.00905,29.98864
IRL,2006,All genders,25-55,25,24.808189,31.92161
IRL,2006,All genders,25-55,27.5,27.09778,33.547981
IRL,2006,All genders,25-55,30,29.08946,34.219471
IRL,2006,All genders,25-55,32.5,31.41363,34.979019
IRL,2006,All genders,25-55,35,33.88707,36.87225
IRL,2006,All genders,25-55,37.5,36.006771,38.331181
IRL,2006,All genders,25-55,40,38.25317,39.272099
IRL,2006,All genders,25-55,42.5,40.785961,40.450409
IRL,2006,All genders,25-55,45,43.172482,42.40601
IRL,2006,All genders,25-55,47.5,45.63332,45.076691
IRL,2006,All genders,25-55,50,47.888241,45.291531
IRL,2006,All genders,25-55,52.5,50.491058,47.841808
IRL,2006,All genders,25-55,55,52.541809,48.936901
IRL,2006,All genders,25-55,57.5,54.716461,50.978771
IRL,2006,All genders,25-55,60,57.540131,52.422501
IRL,2006,All genders,25-55,62.5,59.838928,55.11647
IRL,2006,All genders,25-55,65,62.254101,56.663471
IRL,2006,All genders,25-55,67.5,64.462997,58.938278
IRL,2006,All genders,25-55,70,66.782341,61.063412
IRL,2006,All genders,25-55,72.5,69.768082,63.922939
IRL,2006,All genders,25-55,75,72.00589,65.616371
IRL,2006,All genders,25-55,77.5,74.645973,67.502968
IRL,2006,All genders,25-55,80,77.062042,69.907532
IRL,2006,All genders,25-55,82.5,79.756844,72.534286
IRL,2006,All genders,25-55,85,82.234291,75.264359
IRL,2006,All genders,25-55,87.5,84.925179,76.734879
IRL,2006,All genders,25-55,90,87.630051,78.830429
IRL,2006,All genders,25-55,92.5,89.807732,80.570343
IRL,2006,All genders,25-55,95,92.333839,83.85508
IRL,2006,All genders,25-55,97.5,95.204147,86.957314
IRL,2006,All genders,25-55,99,97.37722,89.277023
IRL,2006,All genders,25-55,99.90000000000001,99.105583,90.391876
IRL,2006,All genders,25-55,100,99.861893,91.314598
IRL,2006,All genders,35-44,2.5,6.1403661,20.510241
IRL,2006,All genders,35-44,5,8.3148022,22.06876
IRL,2006,All genders,35-44,7.5,10.29937,21.84881
IRL,2006,All genders,35-44,10,12.33677,22.6621
IRL,2006,All genders,35-44,12.5,13.97975,24.846161
IRL,2006,All genders,35-44,15,16.10177,24.940611
IRL,2006,All genders,35-44,17.5,18.21419,25.80447
IRL,2006,All genders,35-44,20,20.81637,27.835529
IRL,2006,All genders,35-44,22.5,22.86458,28.76026
IRL,2006,All genders,35-44,25,24.792521,30.0355
IRL,2006,All genders,35-44,27.5,27.200939,31.679279
IRL,2006,All genders,35-44,30,28.81889,32.660961
IRL,2006,All genders,35-44,32.5,30.79888,33.619572
IRL,2006,All genders,35-44,35,33.202572,36.209301
IRL,2006,All genders,35-44,37.5,36.181469,36.990711
IRL,2006,All genders,35-44,40,38.01215,37.51757
IRL,2006,All genders,35-44,42.5,40.8526,40.471161
IRL,2006,All genders,35-44,45,43.133141,43.291752
IRL,2006,All genders,35-44,47.5,45.228161,44.9025
IRL,2006,All genders,35-44,50,47.701099,44.853481
IRL,2006,All genders,35-44,52.5,50.68594,47.50177
IRL,2006,All genders,35-44,55,52.384289,49.06448
IRL,2006,All genders,35-44,57.5,54.834381,52.109322
IRL,2006,All genders,35-44,60,57.277168,53.857479
IRL,2006,All genders,35-44,62.5,60.013302,55.250858
IRL,2006,All genders,35-44,65,62.437191,57.433411
IRL,2006,All genders,35-44,67.5,64.824738,59.94479
IRL,2006,All genders,35-44,70,67.244843,62.00032
IRL,2006,All genders,35-44,72.5,69.914284,65.627762
IRL,2006,All genders,35-44,75,72.21077,66.437912
IRL,2006,All genders,35-44,77.5,75.015327,68.134048
IRL,2006,All genders,35-44,80,77.50769,72.895699
IRL,2006,All genders,35-44,82.5,79.870033,74.602676
IRL,2006,All genders,35-44,85,82.501999,77.731659
IRL,2006,All genders,35-44,87.5,85.100349,78.946831
IRL,2006,All genders,35-44,90,87.855148,81.442642
IRL,2006,All genders,35-44,92.5,90.221207,82.093384
IRL,2006,All genders,35-44,95,92.427696,84.894501
IRL,2006,All genders,35-44,97.5,95.229233,88.935677
IRL,2006,All genders,35-44,99,97.584229,90.244003
IRL,2006,All genders,35-44,99.90000000000001,99.212029,90.677231
IRL,2006,All genders,35-44,100,99.796967,95.838448
IRL,2006,All genders,45-55,2.5,5.0719061,17.645201
IRL,2006,All genders,45-55,5,7.2957888,18.106661
IRL,2006,All genders,45-55,7.5,9.4107828,20.154209
IRL,2006,All genders,45-55,10,11.52122,20.31432
IRL,2006,All genders,45-55,12.5,12.92205,21.73955
IRL,2006,All genders,45-55,15,15.05095,22.29698
IRL,2006,All genders,45-55,17.5,17.032869,24.210779
IRL,2006,All genders,45-55,20,20.068411,25.654579
IRL,2006,All genders,45-55,22.5,22.19529,27.391029
IRL,2006,All genders,45-55,25,24.140539,29.30077
IRL,2006,All genders,45-55,27.5,25.684731,31.88987
IRL,2006,All genders,45-55,30,28.69095,32.078529
IRL,2006,All genders,45-55,32.5,31.315729,34.682121
IRL,2006,All genders,45-55,35,33.71032,35.82589
IRL,2006,All genders,45-55,37.5,36.034592,36.934441
IRL,2006,All genders,45-55,40,38.80312,38.74955
IRL,2006,All genders,45-55,42.5,40.795021,38.937279
IRL,2006,All genders,45-55,45,43.047428,41.33849
IRL,2006,All genders,45-55,47.5,46.290699,44.628471
IRL,2006,All genders,45-55,50,48.04446,46.314548
IRL,2006,All genders,45-55,52.5,50.739201,48.217899
IRL,2006,All genders,45-55,55,52.628281,49.35471
IRL,2006,All genders,45-55,57.5,55.156029,51.432739
IRL,2006,All genders,45-55,60,58.111671,53.668011
IRL,2006,All genders,45-55,62.5,60.421791,57.05928
IRL,2006,All genders,45-55,65,62.809181,59.0956
IRL,2006,All genders,45-55,67.5,65.107407,60.837929
IRL,2006,All genders,45-55,70,67.485992,63.51944
IRL,2006,All genders,45-55,72.5,70.875298,64.634743
IRL,2006,All genders,45-55,75,72.624649,67.152672
IRL,2006,All genders,45-55,77.5,75.381752,71.509987
IRL,2006,All genders,45-55,80,77.967216,72.684372
IRL,2006,All genders,45-55,82.5,80.504349,74.014847
IRL,2006,All genders,45-55,85,82.841187,78.410637
IRL,2006,All genders,45-55,87.5,85.573067,81.815857
IRL,2006,All genders,45-55,90,88.304863,82.52742
IRL,2006,All genders,45-55,92.5,90.548157,84.860199
IRL,2006,All genders,45-55,95,92.946404,87.912193
IRL,2006,All genders,45-55,97.5,95.684677,90.027489
IRL,2006,All genders,45-55,99,97.497711,94.850693
IRL,2006,All genders,45-55,99.90000000000001,99.319763,94.073059
IRL,2006,All genders,45-55,100,99.941338,90.413986
IRL,2006,Female,25-34,2.5,6.7586861,24.891371
IRL,2006,Female,25-34,5,9.5797911,25.86241
IRL,2006,Female,25-34,7.5,11.54872,26.404819
IRL,2006,Female,25-34,10,13.60808,27.06847
IRL,2006,Female,25-34,12.5,15.36003,27.70372
IRL,2006,Female,25-34,15,17.24048,28.663691
IRL,2006,Female,25-34,17.5,18.634291,27.371241
IRL,2006,Female,25-34,20,19.39806,31.345591
IRL,2006,Female,25-34,22.5,23.266899,31.2229
IRL,2006,Female,25-34,25,23.681061,34.487831
IRL,2006,Female,25-34,27.5,27.097799,35.941139
IRL,2006,Female,25-34,30,29.48608,35.360458
IRL,2006,Female,25-34,32.5,31.620819,36.959
IRL,2006,Female,25-34,35,35.0397,37.395279
IRL,2006,Female,25-34,37.5,35.3316,40.362202
IRL,2006,Female,25-34,40,37.55484,41.26289
IRL,2006,Female,25-34,42.5,40.804451,41.93288
IRL,2006,Female,25-34,45,43.7383,43.3293
IRL,2006,Female,25-34,47.5,46.082352,46.88546
IRL,2006,Female,25-34,50,48.075619,45.96743
IRL,2006,Female,25-34,52.5,50.563469,46.998901
IRL,2006,Female,25-34,55,53.76852,49.21735
IRL,2006,Female,25-34,57.5,55.222301,50.621861
IRL,2006,Female,25-34,60,57.73806,50.38702
IRL,2006,Female,25-34,62.5,59.59444,53.836979
IRL,2006,Female,25-34,65,61.776371,56.513119
IRL,2006,Female,25-34,67.5,63.969719,56.93322
IRL,2006,Female,25-34,70,66.488327,59.52232
IRL,2006,Female,25-34,72.5,69.457787,61.78928
IRL,2006,Female,25-34,75,71.606392,64.756607
IRL,2006,Female,25-34,77.5,73.899643,65.332024
IRL,2006,Female,25-34,80,75.844833,67.399452
IRL,2006,Female,25-34,82.5,79.527069,70.797707
IRL,2006,Female,25-34,85,81.799362,72.928261
IRL,2006,Female,25-34,87.5,84.847633,73.804588
IRL,2006,Female,25-34,90,87.216957,76.513786
IRL,2006,Female,25-34,92.5,88.987297,78.72229
IRL,2006,Female,25-34,95,91.906036,81.968887
IRL,2006,Female,25-34,97.5,94.537941,84.159798
IRL,2006,Female,25-34,99,97.153419,86.889511
IRL,2006,Female,25-34,99.90000000000001,98.942123,89.826401
IRL,2006,Female,25-34,100,99.893379,91.544769
IRL,2006,Female,25-55,2.5,6.4400172,22.109159
IRL,2006,Female,25-55,5,8.8366089,23.52354
IRL,2006,Female,25-55,7.5,10.6646,23.03343
IRL,2006,Female,25-55,10,12.77811,24.17347
IRL,2006,Female,25-55,12.5,14.47925,24.91647
IRL,2006,Female,25-55,15,16.433001,25.653839
IRL,2006,Female,25-55,17.5,17.907829,26.30504
IRL,2006,Female,25-55,20,20.061729,28.76589
IRL,2006,Female,25-55,22.5,22.635731,29.38999
IRL,2006,Female,25-55,25,23.97444,31.83992
IRL,2006,Female,25-55,27.5,26.90353,33.426651
IRL,2006,Female,25-55,30,28.78396,33.99231
IRL,2006,Female,25-55,32.5,30.958611,35.008869
IRL,2006,Female,25-55,35,34.306252,36.678871
IRL,2006,Female,25-55,37.5,35.50629,38.2575
IRL,2006,Female,25-55,40,38.113899,39.374229
IRL,2006,Female,25-55,42.5,40.60183,40.58955
IRL,2006,Female,25-55,45,43.269871,42.536831
IRL,2006,Female,25-55,47.5,45.608799,45.499802
IRL,2006,Female,25-55,50,47.840099,44.909431
IRL,2006,Female,25-55,52.5,50.348049,47.623661
IRL,2006,Female,25-55,55,53.001518,49.129841
IRL,2006,Female,25-55,57.5,54.85828,51.22842
IRL,2006,Female,25-55,60,57.68734,52.566849
IRL,2006,Female,25-55,62.5,60.103321,54.555191
IRL,2006,Female,25-55,65,62.361752,57.416851
IRL,2006,Female,25-55,67.5,64.615509,59.18568
IRL,2006,Female,25-55,70,66.872414,61.712971
IRL,2006,Female,25-55,72.5,70.123482,64.449043
IRL,2006,Female,25-55,75,72.180832,65.563797
IRL,2006,Female,25-55,77.5,74.687683,67.590889
IRL,2006,Female,25-55,80,76.867767,70.17968
IRL,2006,Female,25-55,82.5,80.113533,72.636391
IRL,2006,Female,25-55,85,82.380119,75.741371
IRL,2006,Female,25-55,87.5,85.177551,77.908653
IRL,2006,Female,25-55,90,87.75354,79.331146
IRL,2006,Female,25-55,92.5,89.98394,81.91806
IRL,2006,Female,25-55,95,92.418633,84.613564
IRL,2006,Female,25-55,97.5,95.074112,87.284477
IRL,2006,Female,25-55,99,97.354401,89.243301
IRL,2006,Female,25-55,99.90000000000001,99.160927,91.654716
IRL,2006,Female,25-55,100,99.91629,95.041313
IRL,2006,Female,35-44,2.5,6.6171112,20.535919
IRL,2006,Female,35-44,5,8.6695023,22.71133
IRL,2006,Female,35-44,7.5,10.27205,20.781071
IRL,2006,Female,35-44,10,12.67642,23.224051
IRL,2006,Female,35-44,12.5,14.46378,23.76543
IRL,2006,Female,35-44,15,16.17523,24.301399
IRL,2006,Female,35-44,17.5,17.749069,25.916861
IRL,2006,Female,35-44,20,20.957809,27.564489
IRL,2006,Female,35-44,22.5,22.63014,28.77389
IRL,2006,Female,35-44,25,24.774349,30.55081
IRL,2006,Female,35-44,27.5,27.602131,31.430731
IRL,2006,Female,35-44,30,28.17392,33.022511
IRL,2006,Female,35-44,32.5,30.17346,33.09116
IRL,2006,Female,35-44,35,33.725658,36.145939
IRL,2006,Female,35-44,37.5,35.559349,36.862869
IRL,2006,Female,35-44,40,38.21085,37.699902
IRL,2006,Female,35-44,42.5,40.757801,39.80645
IRL,2006,Female,35-44,45,42.6735,43.313332
IRL,2006,Female,35-44,47.5,44.570518,44.452129
IRL,2006,Female,35-44,50,47.794811,42.63039
IRL,2006,Female,35-44,52.5,50.131672,48.429279
IRL,2006,Female,35-44,55,52.25227,49.368031
IRL,2006,Female,35-44,57.5,54.11599,51.980591
IRL,2006,Female,35-44,60,57.39558,54.236919
IRL,2006,Female,35-44,62.5,60.311409,55.149731
IRL,2006,Female,35-44,65,62.76976,57.701881
IRL,2006,Female,35-44,67.5,64.853523,60.971828
IRL,2006,Female,35-44,70,67.038498,62.769051
IRL,2006,Female,35-44,72.5,70.454132,66.562767
IRL,2006,Female,35-44,75,72.432053,66.273514
IRL,2006,Female,35-44,77.5,75.170486,68.602127
IRL,2006,Female,35-44,80,77.466187,72.247963
IRL,2006,Female,35-44,82.5,80.215683,73.569298
IRL,2006,Female,35-44,85,82.521927,77.667732
IRL,2006,Female,35-44,87.5,85.34243,79.898148
IRL,2006,Female,35-44,90,87.903954,80.30426
IRL,2006,Female,35-44,92.5,90.526154,83.764503
IRL,2006,Female,35-44,95,92.37265,85.382378
IRL,2006,Female,35-44,97.5,95.254913,89.185463
IRL,2006,Female,35-44,99,97.359947,89.318359
IRL,2006,Female,35-44,99.90000000000001,99.309677,91.268272
IRL,2006,Female,35-44,100,99.911163,99.247971
IRL,2006,Female,45-55,2.5,5.697618,18.80765
IRL,2006,Female,45-55,5,7.868113,19.76012
IRL,2006,Female,45-55,7.5,9.7758989,19.768021
IRL,2006,Female,45-55,10,11.58329,19.41762
IRL,2006,Female,45-55,12.5,13.09101,20.785509
IRL,2006,Female,45-55,15,15.48945,21.45286
IRL,2006,Female,45-55,17.5,16.956289,24.619221
IRL,2006,Female,45-55,20,19.95796,25.24437
IRL,2006,Female,45-55,22.5,21.63895,26.39797
IRL,2006,Female,45-55,25,23.407339,28.33946
IRL,2006,Female,45-55,27.5,25.684311,31.59008
IRL,2006,Female,45-55,30,28.46258,32.769871
IRL,2006,Female,45-55,32.5,30.920389,34.308769
IRL,2006,Female,45-55,35,33.89584,36.074718
IRL,2006,Female,45-55,37.5,35.715599,36.19648
IRL,2006,Female,45-55,40,38.881229,38.349899
IRL,2006,Female,45-55,42.5,40.075218,39.047352
IRL,2006,Female,45-55,45,43.298611,39.208969
IRL,2006,Female,45-55,47.5,46.208889,44.401428
IRL,2006,Female,45-55,50,47.523369,46.933521
IRL,2006,Female,45-55,52.5,50.284729,47.480968
IRL,2006,Female,45-55,55,52.755131,48.466808
IRL,2006,Female,45-55,57.5,55.239029,51.14909
IRL,2006,Female,45-55,60,57.987381,54.283989
IRL,2006,Female,45-55,62.5,60.643742,55.02644
IRL,2006,Female,45-55,65,62.763851,58.90517
IRL,2006,Female,45-55,67.5,65.334641,60.859371
IRL,2006,Female,45-55,70,67.268517,64.650307
IRL,2006,Female,45-55,72.5,70.753166,66.381783
IRL,2006,Female,45-55,75,72.769669,66.013481
IRL,2006,Female,45-55,77.5,75.318932,70.762657
IRL,2006,Female,45-55,80,77.714104,72.503647
IRL,2006,Female,45-55,82.5,80.91671,75.001007
IRL,2006,Female,45-55,85,83.121483,78.411263
IRL,2006,Female,45-55,87.5,85.486107,83.347908
IRL,2006,Female,45-55,90,88.41819,83.893669
IRL,2006,Female,45-55,92.5,90.870003,85.604233
IRL,2006,Female,45-55,95,93.290817,89.117081
IRL,2006,Female,45-55,97.5,95.703018,90.767998
IRL,2006,Female,45-55,99,97.669968,94.379402
IRL,2006,Female,45-55,99.90000000000001,99.312729,96.679543
IRL,2006,Female,45-55,100,99.960403,94.554413
IRL,2006,Male,25-34,2.5,7.399395,27.686979
IRL,2006,Male,25-34,5,9.7846041,29.636539
IRL,2006,Male,25-34,7.5,11.78499,28.74284
IRL,2006,Male,25-34,10,13.66095,31.20182
IRL,2006,Male,25-34,12.5,15.16255,31.55801
IRL,2006,Male,25-34,15,17.320841,31.48296
IRL,2006,Male,25-34,17.5,19.827339,33.732399
IRL,2006,Male,25-34,20,21.5317,33.04599
IRL,2006,Male,25-34,22.5,23.941469,33.157101
IRL,2006,Male,25-34,25,26.591591,34.968689
IRL,2006,Male,25-34,27.5,28.553949,35.91634
IRL,2006,Male,25-34,30,29.62755,37.67667
IRL,2006,Male,25-34,32.5,32.315929,35.69556
IRL,2006,Male,25-34,35,34.15712,38.42263
IRL,2006,Male,25-34,37.5,36.293522,39.894279
IRL,2006,Male,25-34,40,38.621029,40.886662
IRL,2006,Male,25-34,42.5,40.65395,40.231491
IRL,2006,Male,25-34,45,42.879009,40.827309
IRL,2006,Male,25-34,47.5,45.127491,43.99342
IRL,2006,Male,25-34,50,47.83955,44.532341
IRL,2006,Male,25-34,52.5,49.834351,48.967731
IRL,2006,Male,25-34,55,51.6129,48.08054
IRL,2006,Male,25-34,57.5,53.579041,48.940922
IRL,2006,Male,25-34,60,57.127689,50.829208
IRL,2006,Male,25-34,62.5,59.110641,54.484001
IRL,2006,Male,25-34,65,61.747898,53.382931
IRL,2006,Male,25-34,67.5,63.59053,57.52124
IRL,2006,Male,25-34,70,65.502342,58.835449
IRL,2006,Male,25-34,72.5,68.539612,62.394669
IRL,2006,Male,25-34,75,71.322121,63.702751
IRL,2006,Male,25-34,77.5,73.876556,65.117867
IRL,2006,Male,25-34,80,76.38942,64.698647
IRL,2006,Male,25-34,82.5,78.922592,69.329521
IRL,2006,Male,25-34,85,81.49984,70.513702
IRL,2006,Male,25-34,87.5,83.970398,71.377853
IRL,2006,Male,25-34,90,86.868896,73.348732
IRL,2006,Male,25-34,92.5,89.025711,76.055656
IRL,2006,Male,25-34,95,91.859222,80.409203
IRL,2006,Male,25-34,97.5,95.207687,83.652931
IRL,2006,Male,25-34,99,97.108742,85.131912
IRL,2006,Male,25-34,99.90000000000001,98.834213,87.342056
IRL,2006,Male,25-34,100,99.84861,83.564041
IRL,2006,Male,25-55,2.5,6.1166148,22.8379
IRL,2006,Male,25-55,5,8.4348965,24.058769
IRL,2006,Male,25-55,7.5,10.61596,24.934771
IRL,2006,Male,25-55,10,12.56389,25.850969
IRL,2006,Male,25-55,12.5,14.0273,27.708361
IRL,2006,Male,25-55,15,16.22287,27.64953
IRL,2006,Male,25-55,17.5,18.74102,28.780821
IRL,2006,Male,25-55,20,20.9093,29.836769
IRL,2006,Male,25-55,22.5,23.33672,30.566851
IRL,2006,Male,25-55,25,25.53627,31.999969
IRL,2006,Male,25-55,27.5,27.267719,33.664631
IRL,2006,Male,25-55,30,29.357441,34.438702
IRL,2006,Male,25-55,32.5,31.8116,34.950359
IRL,2006,Male,25-55,35,33.518959,37.05872
IRL,2006,Male,25-55,37.5,36.444721,38.40213
IRL,2006,Male,25-55,40,38.37492,39.173988
IRL,2006,Male,25-55,42.5,40.94688,40.31654
IRL,2006,Male,25-55,45,43.08683,42.279739
IRL,2006,Male,25-55,47.5,45.654739,44.67057
IRL,2006,Male,25-55,50,47.930359,45.658321
IRL,2006,Male,25-55,52.5,50.616482,48.052841
IRL,2006,Male,25-55,55,52.140072,48.75169
IRL,2006,Male,25-55,57.5,54.591801,50.737808
IRL,2006,Male,25-55,60,57.411461,52.283619
IRL,2006,Male,25-55,62.5,59.607601,55.65567
IRL,2006,Male,25-55,65,62.15984,55.938042
IRL,2006,Male,25-55,67.5,64.329132,58.699532
IRL,2006,Male,25-55,70,66.703667,60.439899
IRL,2006,Male,25-55,72.5,69.456497,63.415588
IRL,2006,Male,25-55,75,71.852753,65.666946
IRL,2006,Male,25-55,77.5,74.609573,67.418633
IRL,2006,Male,25-55,80,77.232407,69.644897
IRL,2006,Male,25-55,82.5,79.444603,72.436127
IRL,2006,Male,25-55,85,82.106667,74.805069
IRL,2006,Male,25-55,87.5,84.703987,75.602928
IRL,2006,Male,25-55,90,87.521828,78.34906
IRL,2006,Male,25-55,92.5,89.653679,79.274673
IRL,2006,Male,25-55,95,92.259567,83.125893
IRL,2006,Male,25-55,97.5,95.317841,86.642769
IRL,2006,Male,25-55,99,97.397186,89.309547
IRL,2006,Male,25-55,99.90000000000001,99.057129,89.176788
IRL,2006,Male,25-55,100,99.81292,87.706192
IRL,2006,Male,35-44,2.5,5.7441378,20.48707
IRL,2006,Male,35-44,5,8.0219011,21.48749
IRL,2006,Male,35-44,7.5,10.32207,22.814671
IRL,2006,Male,35-44,10,12.05531,22.15279
IRL,2006,Male,35-44,12.5,13.57568,25.82357
IRL,2006,Male,35-44,15,16.040911,25.51895
IRL,2006,Male,35-44,17.5,18.60088,25.7024
IRL,2006,Male,35-44,20,20.699369,28.0802
IRL,2006,Male,35-44,22.5,23.06064,28.74791
IRL,2006,Male,35-44,25,24.807529,29.569361
IRL,2006,Male,35-44,27.5,26.86858,31.903681
IRL,2006,Male,35-44,30,29.35605,32.333279
IRL,2006,Male,35-44,32.5,31.317011,34.097561
IRL,2006,Male,35-44,35,32.765888,36.26672
IRL,2006,Male,35-44,37.5,36.69611,37.106121
IRL,2006,Male,35-44,40,37.847198,37.352959
IRL,2006,Male,35-44,42.5,40.93124,41.074749
IRL,2006,Male,35-44,45,43.516392,43.272179
IRL,2006,Male,35-44,47.5,45.773941,45.309109
IRL,2006,Male,35-44,50,47.62336,46.864029
IRL,2006,Male,35-44,52.5,51.14513,46.662601
IRL,2006,Male,35-44,55,52.493858,48.790409
IRL,2006,Male,35-44,57.5,55.432331,52.225979
IRL,2006,Male,35-44,60,57.17873,53.513569
IRL,2006,Male,35-44,62.5,59.766331,55.34235
IRL,2006,Male,35-44,65,62.161591,57.191132
IRL,2006,Male,35-44,67.5,64.80072,59.012001
IRL,2006,Male,35-44,70,67.416039,61.304939
IRL,2006,Male,35-44,72.5,69.466118,64.781967
IRL,2006,Male,35-44,75,72.027443,66.586647
IRL,2006,Male,35-44,77.5,74.887199,67.71064
IRL,2006,Male,35-44,80,77.542358,73.480392
IRL,2006,Male,35-44,82.5,79.583763,75.541054
IRL,2006,Male,35-44,85,82.485397,77.789612
IRL,2006,Male,35-44,87.5,84.899803,78.088097
IRL,2006,Male,35-44,90,87.814461,82.474373
IRL,2006,Male,35-44,92.5,89.968567,80.584587
IRL,2006,Male,35-44,95,92.473457,84.454102
IRL,2006,Male,35-44,97.5,95.208054,88.709686
IRL,2006,Male,35-44,99,97.770493,91.07592
IRL,2006,Male,35-44,99.90000000000001,99.131447,90.13649
IRL,2006,Male,35-44,100,99.693481,92.701683
IRL,2006,Male,45-55,2.5,4.4895339,16.43746
IRL,2006,Male,45-55,5,6.761457,16.39666
IRL,2006,Male,45-55,7.5,9.0684376,20.555201
IRL,2006,Male,45-55,10,11.46364,21.245649
IRL,2006,Male,45-55,12.5,12.76469,22.71784
IRL,2006,Male,45-55,15,14.64062,23.184759
IRL,2006,Male,45-55,17.5,17.104521,23.790131
IRL,2006,Male,45-55,20,20.17062,26.078751
IRL,2006,Male,45-55,22.5,22.71575,28.422291
IRL,2006,Male,45-55,25,24.822149,30.2948
IRL,2006,Male,45-55,27.5,25.68512,32.201241
IRL,2006,Male,45-55,30,28.90468,31.354549
IRL,2006,Male,45-55,32.5,31.683189,35.066601
IRL,2006,Male,45-55,35,33.535629,35.570671
IRL,2006,Male,45-55,37.5,36.331772,37.710411
IRL,2006,Male,45-55,40,38.73069,39.161049
IRL,2006,Male,45-55,42.5,41.463951,38.823441
IRL,2006,Male,45-55,45,42.810829,43.549911
IRL,2006,Male,45-55,47.5,46.366562,44.864239
IRL,2006,Male,45-55,50,48.528881,45.677219
IRL,2006,Male,45-55,52.5,51.16539,48.986469
IRL,2006,Male,45-55,55,52.510651,50.27676
IRL,2006,Male,45-55,57.5,55.07785,51.72731
IRL,2006,Male,45-55,60,58.226681,53.03088
IRL,2006,Male,45-55,62.5,60.2146,59.152679
IRL,2006,Male,45-55,65,62.851501,59.295799
IRL,2006,Male,45-55,67.5,64.894386,60.815929
IRL,2006,Male,45-55,70,67.687698,62.35487
IRL,2006,Male,45-55,72.5,70.989578,62.805199
IRL,2006,Male,45-55,75,72.489571,68.340752
IRL,2006,Male,45-55,77.5,75.44014,72.279587
IRL,2006,Male,45-55,80,78.203537,72.87204
IRL,2006,Male,45-55,82.5,80.120247,72.99514
IRL,2006,Male,45-55,85,82.580116,78.410004
IRL,2006,Male,45-55,87.5,85.6548,80.20491
IRL,2006,Male,45-55,90,88.199539,81.126282
IRL,2006,Male,45-55,92.5,90.249588,84.08744
IRL,2006,Male,45-55,95,92.623444,86.661163
IRL,2006,Male,45-55,97.5,95.667526,89.261009
IRL,2006,Male,45-55,99,97.338943,95.348907
IRL,2006,Male,45-55,99.90000000000001,99.326462,91.435921
IRL,2006,Male,45-55,100,99.924767,86.273567
IRL,2007,All genders,25-34,2.5,6.5580778,26.11479
IRL,2007,All genders,25-34,5,8.9907122,26.447519
IRL,2007,All genders,25-34,7.5,11.24995,26.786449
IRL,2007,All genders,25-34,10,13.53597,27.71483
IRL,2007,All genders,25-34,12.5,15.18117,28.041731
IRL,2007,All genders,25-34,15,17.716391,28.97538
IRL,2007,All genders,25-34,17.5,19.276421,29.9597
IRL,2007,All genders,25-34,20,21.13678,32.005032
IRL,2007,All genders,25-34,22.5,23.878571,32.39325
IRL,2007,All genders,25-34,25,25.634501,34.165379
IRL,2007,All genders,25-34,27.5,27.10273,34.964588
IRL,2007,All genders,25-34,30,29.328501,37.22868
IRL,2007,All genders,25-34,32.5,31.912081,38.144859
IRL,2007,All genders,25-34,35,33.56525,38.235371
IRL,2007,All genders,25-34,37.5,37.099129,38.92012
IRL,2007,All genders,25-34,40,38.498631,41.022701
IRL,2007,All genders,25-34,42.5,41.342949,41.319611
IRL,2007,All genders,25-34,45,43.616199,42.659939
IRL,2007,All genders,25-34,47.5,45.417999,45.042912
IRL,2007,All genders,25-34,50,48.541859,44.59058
IRL,2007,All genders,25-34,52.5,50.21479,47.084099
IRL,2007,All genders,25-34,55,53.198158,49.314152
IRL,2007,All genders,25-34,57.5,54.286949,50.23711
IRL,2007,All genders,25-34,60,56.75425,52.009602
IRL,2007,All genders,25-34,62.5,58.953701,54.441219
IRL,2007,All genders,25-34,65,62.09441,54.98402
IRL,2007,All genders,25-34,67.5,64.279083,58.480598
IRL,2007,All genders,25-34,70,66.696693,60.581909
IRL,2007,All genders,25-34,72.5,69.197449,62.614601
IRL,2007,All genders,25-34,75,70.974861,63.64624
IRL,2007,All genders,25-34,77.5,73.928864,65.598579
IRL,2007,All genders,25-34,80,76.280029,67.90686
IRL,2007,All genders,25-34,82.5,79.039787,69.43615
IRL,2007,All genders,25-34,85,81.416397,70.922707
IRL,2007,All genders,25-34,87.5,83.906517,73.329887
IRL,2007,All genders,25-34,90,86.569229,76.120758
IRL,2007,All genders,25-34,92.5,88.938431,77.740997
IRL,2007,All genders,25-34,95,91.569687,80.147102
IRL,2007,All genders,25-34,97.5,94.615288,84.337898
IRL,2007,All genders,25-34,99,97.339653,86.265747
IRL,2007,All genders,25-34,99.90000000000001,98.859093,87.944427
IRL,2007,All genders,25-34,100,99.902649,91.108917
IRL,2007,All genders,25-55,2.5,5.737215,22.217661
IRL,2007,All genders,25-55,5,8.1997108,22.831949
IRL,2007,All genders,25-55,7.5,10.529,23.64674
IRL,2007,All genders,25-55,10,12.56584,24.35475
IRL,2007,All genders,25-55,12.5,14.47999,25.29204
IRL,2007,All genders,25-55,15,16.72393,25.820869
IRL,2007,All genders,25-55,17.5,18.344139,27.02014
IRL,2007,All genders,25-55,20,20.6488,28.72971
IRL,2007,All genders,25-55,22.5,22.77957,29.96755
IRL,2007,All genders,25-55,25,25.14817,31.15358
IRL,2007,All genders,25-55,27.5,26.82634,32.567982
IRL,2007,All genders,25-55,30,29.123541,34.38699
IRL,2007,All genders,25-55,32.5,31.51507,35.84314
IRL,2007,All genders,25-55,35,33.608051,36.20837
IRL,2007,All genders,25-55,37.5,36.242191,37.987122
IRL,2007,All genders,25-55,40,38.32338,40.02132
IRL,2007,All genders,25-55,42.5,40.866779,41.31789
IRL,2007,All genders,25-55,45,43.371078,42.94482
IRL,2007,All genders,25-55,47.5,45.258419,44.748798
IRL,2007,All genders,25-55,50,48.449459,45.257351
IRL,2007,All genders,25-55,52.5,50.351429,47.566311
IRL,2007,All genders,25-55,55,52.912552,49.67189
IRL,2007,All genders,25-55,57.5,54.791088,50.955318
IRL,2007,All genders,25-55,60,57.35059,52.891769
IRL,2007,All genders,25-55,62.5,59.62265,55.62365
IRL,2007,All genders,25-55,65,62.441391,57.049438
IRL,2007,All genders,25-55,67.5,64.772751,59.897491
IRL,2007,All genders,25-55,70,67.300087,61.846931
IRL,2007,All genders,25-55,72.5,69.722687,64.369743
IRL,2007,All genders,25-55,75,71.884087,66.110748
IRL,2007,All genders,25-55,77.5,74.597511,68.096832
IRL,2007,All genders,25-55,80,77.175613,70.368469
IRL,2007,All genders,25-55,82.5,79.725677,72.662163
IRL,2007,All genders,25-55,85,82.219841,74.417824
IRL,2007,All genders,25-55,87.5,84.646179,76.660896
IRL,2007,All genders,25-55,90,87.317146,79.089394
IRL,2007,All genders,25-55,92.5,89.719994,81.147659
IRL,2007,All genders,25-55,95,92.285599,83.791298
IRL,2007,All genders,25-55,97.5,95.027634,86.462479
IRL,2007,All genders,25-55,99,97.530533,89.097527
IRL,2007,All genders,25-55,99.90000000000001,98.893227,91.020149
IRL,2007,All genders,25-55,100,99.384888,92.645844
IRL,2007,All genders,35-44,2.5,5.519742,19.976101
IRL,2007,All genders,35-44,5,8.0590076,21.035469
IRL,2007,All genders,35-44,7.5,10.39747,21.65731
IRL,2007,All genders,35-44,10,12.23128,22.88591
IRL,2007,All genders,35-44,12.5,14.48568,24.247009
IRL,2007,All genders,35-44,15,16.55389,23.911329
IRL,2007,All genders,35-44,17.5,17.845421,25.104971
IRL,2007,All genders,35-44,20,20.39205,26.457491
IRL,2007,All genders,35-44,22.5,22.19714,28.26375
IRL,2007,All genders,35-44,25,25.321251,29.083891
IRL,2007,All genders,35-44,27.5,26.426611,30.921301
IRL,2007,All genders,35-44,30,29.030069,32.449009
IRL,2007,All genders,35-44,32.5,30.711309,34.42424
IRL,2007,All genders,35-44,35,33.956379,35.254532
IRL,2007,All genders,35-44,37.5,35.75882,36.99242
IRL,2007,All genders,35-44,40,38.091068,38.960258
IRL,2007,All genders,35-44,42.5,40.647701,41.762451
IRL,2007,All genders,35-44,45,43.39983,43.046791
IRL,2007,All genders,35-44,47.5,44.917889,44.439381
IRL,2007,All genders,35-44,50,47.99353,45.847889
IRL,2007,All genders,35-44,52.5,50.298359,47.610889
IRL,2007,All genders,35-44,55,52.637619,49.73333
IRL,2007,All genders,35-44,57.5,54.990391,51.19833
IRL,2007,All genders,35-44,60,57.507408,53.48624
IRL,2007,All genders,35-44,62.5,60.094299,55.437191
IRL,2007,All genders,35-44,65,62.708511,59.015808
IRL,2007,All genders,35-44,67.5,64.736168,60.131279
IRL,2007,All genders,35-44,70,67.388367,62.18684
IRL,2007,All genders,35-44,72.5,69.682983,66.137871
IRL,2007,All genders,35-44,75,72.482384,67.709587
IRL,2007,All genders,35-44,77.5,74.969688,69.595039
IRL,2007,All genders,35-44,80,77.640167,71.971741
IRL,2007,All genders,35-44,82.5,79.937202,75.159447
IRL,2007,All genders,35-44,85,82.846046,77.145088
IRL,2007,All genders,35-44,87.5,85.200882,78.951424
IRL,2007,All genders,35-44,90,87.635391,80.507889
IRL,2007,All genders,35-44,92.5,90.003822,83.233528
IRL,2007,All genders,35-44,95,92.611977,86.224892
IRL,2007,All genders,35-44,97.5,95.149757,87.589523
IRL,2007,All genders,35-44,99,97.629044,90.468407
IRL,2007,All genders,35-44,99.90000000000001,99.131409,92.113533
IRL,2007,All genders,35-44,100,99.933006,94.890503
IRL,2007,All genders,45-55,2.5,4.651011,17.667589
IRL,2007,All genders,45-55,5,7.0588932,18.04332
IRL,2007,All genders,45-55,7.5,9.4908218,20.386999
IRL,2007,All genders,45-55,10,11.39938,19.48163
IRL,2007,All genders,45-55,12.5,13.2857,20.95116
IRL,2007,All genders,45-55,15,15.28519,22.37282
IRL,2007,All genders,45-55,17.5,17.470539,24.08149
IRL,2007,All genders,45-55,20,20.180519,25.741831
IRL,2007,All genders,45-55,22.5,21.73892,27.80615
IRL,2007,All genders,45-55,25,24.08382,28.377239
IRL,2007,All genders,45-55,27.5,26.917601,30.34446
IRL,2007,All genders,45-55,30,28.90785,31.7404
IRL,2007,All genders,45-55,32.5,31.967541,33.387482
IRL,2007,All genders,45-55,35,33.192871,33.394581
IRL,2007,All genders,45-55,37.5,35.466259,37.882099
IRL,2007,All genders,45-55,40,38.351761,39.882198
IRL,2007,All genders,45-55,42.5,40.367599,40.37315
IRL,2007,All genders,45-55,45,42.917912,43.406719
IRL,2007,All genders,45-55,47.5,45.465721,44.703941
IRL,2007,All genders,45-55,50,48.930771,45.584759
IRL,2007,All genders,45-55,52.5,50.65517,48.617031
IRL,2007,All genders,45-55,55,52.81348,50.394279
IRL,2007,All genders,45-55,57.5,55.361839,52.149658
IRL,2007,All genders,45-55,60,58.14246,53.7365
IRL,2007,All genders,45-55,62.5,60.089809,58.81163
IRL,2007,All genders,45-55,65,62.655701,57.788681
IRL,2007,All genders,45-55,67.5,65.655678,62.78231
IRL,2007,All genders,45-55,70,68.195572,64.128967
IRL,2007,All genders,45-55,72.5,70.666039,64.787247
IRL,2007,All genders,45-55,75,72.583252,68.587418
IRL,2007,All genders,45-55,77.5,75.207176,70.870323
IRL,2007,All genders,45-55,80,78.041527,72.850548
IRL,2007,All genders,45-55,82.5,80.588387,75.034286
IRL,2007,All genders,45-55,85,82.700378,76.945824
IRL,2007,All genders,45-55,87.5,85.118362,79.727859
IRL,2007,All genders,45-55,90,88.138702,83.14901
IRL,2007,All genders,45-55,92.5,90.639267,84.824127
IRL,2007,All genders,45-55,95,93.041588,87.310822
IRL,2007,All genders,45-55,97.5,95.560417,89.168358
IRL,2007,All genders,45-55,99,97.714401,92.91391
IRL,2007,All genders,45-55,99.90000000000001,98.62072,96.000648
IRL,2007,All genders,45-55,100,97.799957,91.427544
IRL,2007,Female,25-34,2.5,6.881341,25.0359
IRL,2007,Female,25-34,5,9.0908976,24.25955
IRL,2007,Female,25-34,7.5,11.01887,22.738501
IRL,2007,Female,25-34,10,13.68436,25.42066
IRL,2007,Female,25-34,12.5,14.3017,25.70406
IRL,2007,Female,25-34,15,17.34514,26.183411
IRL,2007,Female,25-34,17.5,18.76018,28.341299
IRL,2007,Female,25-34,20,20.29982,30.63203
IRL,2007,Female,25-34,22.5,22.55978,29.85601
IRL,2007,Female,25-34,25,24.997549,32.615028
IRL,2007,Female,25-34,27.5,26.6394,35.373241
IRL,2007,Female,25-34,30,28.67948,36.496861
IRL,2007,Female,25-34,32.5,31.064421,38.13604
IRL,2007,Female,25-34,35,33.400249,37.493141
IRL,2007,Female,25-34,37.5,37.25716,38.86404
IRL,2007,Female,25-34,40,38.274738,40.257038
IRL,2007,Female,25-34,42.5,40.829498,40.970821
IRL,2007,Female,25-34,45,43.775711,42.88327
IRL,2007,Female,25-34,47.5,46.045792,45.73172
IRL,2007,Female,25-34,50,48.755589,45.13134
IRL,2007,Female,25-34,52.5,49.927559,48.118938
IRL,2007,Female,25-34,55,53.802132,49.27441
IRL,2007,Female,25-34,57.5,54.65836,51.52256
IRL,2007,Female,25-34,60,57.260101,52.457611
IRL,2007,Female,25-34,62.5,59.700291,54.316341
IRL,2007,Female,25-34,65,63.100239,56.20496
IRL,2007,Female,25-34,67.5,65.051788,59.904739
IRL,2007,Female,25-34,70,67.021973,60.299309
IRL,2007,Female,25-34,72.5,69.454971,63.395161
IRL,2007,Female,25-34,75,70.839561,64.957863
IRL,2007,Female,25-34,77.5,74.217003,67.46978
IRL,2007,Female,25-34,80,76.647873,69.157219
IRL,2007,Female,25-34,82.5,79.551811,70.327782
IRL,2007,Female,25-34,85,81.570862,72.660637
IRL,2007,Female,25-34,87.5,84.155243,75.136063
IRL,2007,Female,25-34,90,86.803703,77.847954
IRL,2007,Female,25-34,92.5,88.871986,79.03772
IRL,2007,Female,25-34,95,91.734291,81.273666
IRL,2007,Female,25-34,97.5,94.400002,86.818291
IRL,2007,Female,25-34,99,97.370979,87.058167
IRL,2007,Female,25-34,99.90000000000001,99.055069,89.904587
IRL,2007,Female,25-34,100,99.883163,95.376877
IRL,2007,Female,25-55,2.5,6.3234959,21.702829
IRL,2007,Female,25-55,5,8.4277334,22.092911
IRL,2007,Female,25-55,7.5,10.86995,21.96722
IRL,2007,Female,25-55,10,12.77356,22.967911
IRL,2007,Female,25-55,12.5,13.91837,23.80307
IRL,2007,Female,25-55,15,16.5446,24.18149
IRL,2007,Female,25-55,17.5,17.79804,26.23559
IRL,2007,Female,25-55,20,20.26886,27.960569
IRL,2007,Female,25-55,22.5,22.146441,28.936331
IRL,2007,Female,25-55,25,24.72171,30.0832
IRL,2007,Female,25-55,27.5,26.376221,32.178329
IRL,2007,Female,25-55,30,28.497259,33.918449
IRL,2007,Female,25-55,32.5,31.02142,35.989071
IRL,2007,Female,25-55,35,33.180729,35.56358
IRL,2007,Female,25-55,37.5,36.06834,37.650139
IRL,2007,Female,25-55,40,38.180771,39.48476
IRL,2007,Female,25-55,42.5,40.737148,41.210522
IRL,2007,Female,25-55,45,43.303421,43.174469
IRL,2007,Female,25-55,47.5,45.736401,44.88678
IRL,2007,Female,25-55,50,48.453079,45.456848
IRL,2007,Female,25-55,52.5,50.355671,47.701031
IRL,2007,Female,25-55,55,52.98687,49.368408
IRL,2007,Female,25-55,57.5,55.001621,51.155022
IRL,2007,Female,25-55,60,57.44014,53.312809
IRL,2007,Female,25-55,62.5,59.895618,55.823009
IRL,2007,Female,25-55,65,62.918839,58.184818
IRL,2007,Female,25-55,67.5,65.198624,60.50214
IRL,2007,Female,25-55,70,67.618683,61.756939
IRL,2007,Female,25-55,72.5,69.900146,64.645271
IRL,2007,Female,25-55,75,71.967194,66.648392
IRL,2007,Female,25-55,77.5,74.903313,68.911018
IRL,2007,Female,25-55,80,77.378166,70.93174
IRL,2007,Female,25-55,82.5,79.926422,73.073273
IRL,2007,Female,25-55,85,82.284012,75.455597
IRL,2007,Female,25-55,87.5,84.798798,77.928772
IRL,2007,Female,25-55,90,87.426071,80.354378
IRL,2007,Female,25-55,92.5,89.814697,82.234711
IRL,2007,Female,25-55,95,92.467056,84.658577
IRL,2007,Female,25-55,97.5,94.889587,88.155197
IRL,2007,Female,25-55,99,97.540489,89.387367
IRL,2007,Female,25-55,99.90000000000001,99.168343,92.440659
IRL,2007,Female,25-55,100,99.924042,94.632362
IRL,2007,Female,35-44,2.5,6.2235332,19.65802
IRL,2007,Female,35-44,5,8.4992027,21.216709
IRL,2007,Female,35-44,7.5,11.1356,21.070761
IRL,2007,Female,35-44,10,12.44811,22.374611
IRL,2007,Female,35-44,12.5,14.25344,23.35058
IRL,2007,Female,35-44,15,16.39044,22.548759
IRL,2007,Female,35-44,17.5,17.3356,24.79266
IRL,2007,Female,35-44,20,20.063471,25.912439
IRL,2007,Female,35-44,22.5,22.24391,28.89929
IRL,2007,Female,35-44,25,25.085291,28.753111
IRL,2007,Female,35-44,27.5,25.91341,30.755699
IRL,2007,Female,35-44,30,28.45438,31.96035
IRL,2007,Female,35-44,32.5,30.41856,35.572201
IRL,2007,Female,35-44,35,33.26926,35.29628
IRL,2007,Female,35-44,37.5,35.157139,36.306351
IRL,2007,Female,35-44,40,38.298038,39.250702
IRL,2007,Female,35-44,42.5,40.77026,42.2075
IRL,2007,Female,35-44,45,43.12059,43.424931
IRL,2007,Female,35-44,47.5,45.469528,44.20686
IRL,2007,Female,35-44,50,47.891541,45.177872
IRL,2007,Female,35-44,52.5,50.645,47.46225
IRL,2007,Female,35-44,55,52.35355,48.928699
IRL,2007,Female,35-44,57.5,54.980911,50.784409
IRL,2007,Female,35-44,60,57.370499,54.14426
IRL,2007,Female,35-44,62.5,59.90797,55.944321
IRL,2007,Female,35-44,65,62.71711,60.215591
IRL,2007,Female,35-44,67.5,64.822548,59.425259
IRL,2007,Female,35-44,70,68.103363,62.342579
IRL,2007,Female,35-44,72.5,69.714996,66.091553
IRL,2007,Female,35-44,75,72.949837,68.110977
IRL,2007,Female,35-44,77.5,75.506752,70.053123
IRL,2007,Female,35-44,80,77.7229,72.525192
IRL,2007,Female,35-44,82.5,79.947403,74.585793
IRL,2007,Female,35-44,85,82.674263,77.53553
IRL,2007,Female,35-44,87.5,85.224503,79.793747
IRL,2007,Female,35-44,90,87.775917,81.177757
IRL,2007,Female,35-44,92.5,90.094467,83.811462
IRL,2007,Female,35-44,95,92.656097,85.861351
IRL,2007,Female,35-44,97.5,94.951393,88.140427
IRL,2007,Female,35-44,99,97.533279,90.248489
IRL,2007,Female,35-44,99.90000000000001,99.170883,93.318123
IRL,2007,Female,35-44,100,99.945328,91.357201
IRL,2007,Female,45-55,2.5,5.5473061,18.06151
IRL,2007,Female,45-55,5,7.2528248,18.855631
IRL,2007,Female,45-55,7.5,10.27839,21.95648
IRL,2007,Female,45-55,10,11.72519,18.524139
IRL,2007,Female,45-55,12.5,12.85216,20.31439
IRL,2007,Female,45-55,15,15.4473,22.796301
IRL,2007,Female,45-55,17.5,16.845341,24.2437
IRL,2007,Female,45-55,20,20.48959,25.846951
IRL,2007,Female,45-55,22.5,21.34787,26.908211
IRL,2007,Female,45-55,25,23.7952,26.88776
IRL,2007,Female,45-55,27.5,26.55294,27.642241
IRL,2007,Female,45-55,30,28.257139,31.864361
IRL,2007,Female,45-55,32.5,31.73834,31.88693
IRL,2007,Female,45-55,35,32.70961,31.665991
IRL,2007,Female,45-55,37.5,35.325771,37.522701
IRL,2007,Female,45-55,40,37.875141,38.170341
IRL,2007,Female,45-55,42.5,40.543339,39.809811
IRL,2007,Female,45-55,45,42.77689,43.349819
IRL,2007,Female,45-55,47.5,45.583561,44.28426
IRL,2007,Female,45-55,50,48.697979,46.74826
IRL,2007,Female,45-55,52.5,50.673168,47.214069
IRL,2007,Female,45-55,55,52.49123,50.449982
IRL,2007,Female,45-55,57.5,55.584011,51.040508
IRL,2007,Female,45-55,60,57.823921,53.648029
IRL,2007,Female,45-55,62.5,60.19595,59.025219
IRL,2007,Female,45-55,65,62.887939,58.720131
IRL,2007,Female,45-55,67.5,65.929237,63.986389
IRL,2007,Female,45-55,70,67.95327,63.95343
IRL,2007,Female,45-55,72.5,70.869209,64.660103
IRL,2007,Female,45-55,75,72.514633,67.648376
IRL,2007,Female,45-55,77.5,75.22612,69.977043
IRL,2007,Female,45-55,80,78.111107,71.873154
IRL,2007,Female,45-55,82.5,80.508507,76.394119
IRL,2007,Female,45-55,85,82.93,77.766434
IRL,2007,Female,45-55,87.5,85.285843,80.670967
IRL,2007,Female,45-55,90,87.981087,84.501862
IRL,2007,Female,45-55,92.5,90.974281,86.44252
IRL,2007,Female,45-55,95,93.412567,90.081047
IRL,2007,Female,45-55,97.5,95.613411,91.272774
IRL,2007,Female,45-55,99,97.823334,93.015877
IRL,2007,Female,45-55,99.90000000000001,99.347679,96.493179
IRL,2007,Female,45-55,100,99.959084,99.507507
IRL,2007,Male,25-34,2.5,6.2765632,27.188009
IRL,2007,Male,25-34,5,8.903286,28.631689
IRL,2007,Male,25-34,7.5,11.45082,30.82033
IRL,2007,Male,25-34,10,13.40666,30.005011
IRL,2007,Male,25-34,12.5,15.9476,30.367189
IRL,2007,Male,25-34,15,18.040359,31.75765
IRL,2007,Male,25-34,17.5,19.726839,31.56967
IRL,2007,Male,25-34,20,21.863449,33.375641
IRL,2007,Male,25-34,22.5,25.030769,34.908459
IRL,2007,Male,25-34,25,26.188169,35.71574
IRL,2007,Male,25-34,27.5,27.506969,34.55666
IRL,2007,Male,25-34,30,29.89353,37.956692
IRL,2007,Male,25-34,32.5,32.651649,38.15366
IRL,2007,Male,25-34,35,33.709419,38.972462
IRL,2007,Male,25-34,37.5,36.961411,38.976009
IRL,2007,Male,25-34,40,38.69302,41.785709
IRL,2007,Male,25-34,42.5,41.790401,41.667191
IRL,2007,Male,25-34,45,43.47683,42.437778
IRL,2007,Male,25-34,47.5,44.872379,44.355289
IRL,2007,Male,25-34,50,48.355598,44.052662
IRL,2007,Male,25-34,52.5,50.466068,46.05106
IRL,2007,Male,25-34,55,52.673248,49.353821
IRL,2007,Male,25-34,57.5,53.96241,48.95837
IRL,2007,Male,25-34,60,56.315571,51.56237
IRL,2007,Male,25-34,62.5,58.301529,54.565441
IRL,2007,Male,25-34,65,61.218891,53.76733
IRL,2007,Male,25-34,67.5,63.603989,57.06633
IRL,2007,Male,25-34,70,66.413208,60.86451
IRL,2007,Male,25-34,72.5,68.972977,61.83947
IRL,2007,Male,25-34,75,71.092903,62.336899
IRL,2007,Male,25-34,77.5,73.678398,63.727379
IRL,2007,Male,25-34,80,75.96022,66.66732
IRL,2007,Male,25-34,82.5,78.593071,68.546066
IRL,2007,Male,25-34,85,81.281647,69.193863
IRL,2007,Male,25-34,87.5,83.689232,71.529984
IRL,2007,Male,25-34,90,86.365356,74.402573
IRL,2007,Male,25-34,92.5,88.996391,76.446548
IRL,2007,Male,25-34,95,91.426598,79.024452
IRL,2007,Male,25-34,97.5,94.802887,81.861893
IRL,2007,Male,25-34,99,97.312447,85.480232
IRL,2007,Male,25-34,99.90000000000001,98.688721,85.984253
IRL,2007,Male,25-34,100,99.921066,86.840973
IRL,2007,Male,25-55,2.5,5.2251902,22.722389
IRL,2007,Male,25-55,5,8.0004959,23.5583
IRL,2007,Male,25-55,7.5,10.23166,25.291161
IRL,2007,Male,25-55,10,12.38444,25.718809
IRL,2007,Male,25-55,12.5,14.96983,26.75205
IRL,2007,Male,25-55,15,16.880779,27.427299
IRL,2007,Male,25-55,17.5,18.820999,27.78887
IRL,2007,Male,25-55,20,20.98032,29.485081
IRL,2007,Male,25-55,22.5,23.334181,30.975679
IRL,2007,Male,25-55,25,25.51997,32.206348
IRL,2007,Male,25-55,27.5,27.219311,32.950939
IRL,2007,Male,25-55,30,29.6702,34.846081
IRL,2007,Male,25-55,32.5,31.946739,35.700039
IRL,2007,Male,25-55,35,33.98111,36.840641
IRL,2007,Male,25-55,37.5,36.393959,38.31831
IRL,2007,Male,25-55,40,38.44791,40.54707
IRL,2007,Male,25-55,42.5,40.98003,41.422951
IRL,2007,Male,25-55,45,43.43029,42.719631
IRL,2007,Male,25-55,47.5,44.84161,44.613079
IRL,2007,Male,25-55,50,48.446301,45.06216
IRL,2007,Male,25-55,52.5,50.347729,47.43391
IRL,2007,Male,25-55,55,52.847721,49.970169
IRL,2007,Male,25-55,57.5,54.60672,50.759491
IRL,2007,Male,25-55,60,57.27261,52.478909
IRL,2007,Male,25-55,62.5,59.38353,55.42844
IRL,2007,Male,25-55,65,62.024551,55.934422
IRL,2007,Male,25-55,67.5,64.401176,59.304569
IRL,2007,Male,25-55,70,67.021767,61.935242
IRL,2007,Male,25-55,72.5,69.567734,64.100166
IRL,2007,Male,25-55,75,71.811546,65.581917
IRL,2007,Male,25-55,77.5,74.33094,67.296043
IRL,2007,Male,25-55,80,76.998627,69.816963
IRL,2007,Male,25-55,82.5,79.549858,72.259323
IRL,2007,Male,25-55,85,82.163803,73.400177
IRL,2007,Male,25-55,87.5,84.512703,75.419472
IRL,2007,Male,25-55,90,87.222252,77.848984
IRL,2007,Male,25-55,92.5,89.637192,80.076843
IRL,2007,Male,25-55,95,92.127487,82.942139
IRL,2007,Male,25-55,97.5,95.148064,84.799347
IRL,2007,Male,25-55,99,97.521843,88.813843
IRL,2007,Male,25-55,99.90000000000001,98.652779,89.623108
IRL,2007,Male,25-55,100,98.88546,90.720451
IRL,2007,Male,35-44,2.5,4.9353881,20.269991
IRL,2007,Male,35-44,5,7.6924858,20.868179
IRL,2007,Male,35-44,7.5,9.7840815,22.197559
IRL,2007,Male,35-44,10,12.05129,23.358841
IRL,2007,Male,35-44,12.5,14.67872,25.07905
IRL,2007,Male,35-44,15,16.689791,25.161619
IRL,2007,Male,35-44,17.5,18.266609,25.392679
IRL,2007,Male,35-44,20,20.66678,26.961571
IRL,2007,Male,35-44,22.5,22.158119,27.67737
IRL,2007,Male,35-44,25,25.51745,29.38979
IRL,2007,Male,35-44,27.5,26.851761,31.07415
IRL,2007,Male,35-44,30,29.51009,32.900089
IRL,2007,Male,35-44,32.5,30.954241,33.36475
IRL,2007,Male,35-44,35,34.524529,35.215931
IRL,2007,Male,35-44,37.5,36.258808,37.629471
IRL,2007,Male,35-44,40,37.918499,38.692749
IRL,2007,Male,35-44,42.5,40.54567,41.354149
IRL,2007,Male,35-44,45,43.632408,42.697849
IRL,2007,Male,35-44,47.5,44.460121,44.655258
IRL,2007,Male,35-44,50,48.07832,46.463959
IRL,2007,Male,35-44,52.5,50.010609,47.748081
IRL,2007,Male,35-44,55,52.87402,50.478859
IRL,2007,Male,35-44,57.5,54.998291,51.580292
IRL,2007,Male,35-44,60,57.620838,52.88131
IRL,2007,Male,35-44,62.5,60.250172,54.969139
IRL,2007,Male,35-44,65,62.701359,57.903992
IRL,2007,Male,35-44,67.5,64.664742,60.784119
IRL,2007,Male,35-44,70,66.795052,62.043098
IRL,2007,Male,35-44,72.5,69.656281,66.180527
IRL,2007,Male,35-44,75,72.096199,67.338318
IRL,2007,Male,35-44,77.5,74.521889,69.171463
IRL,2007,Male,35-44,80,77.571404,71.459023
IRL,2007,Male,35-44,82.5,79.928642,75.686737
IRL,2007,Male,35-44,85,82.988167,76.784683
IRL,2007,Male,35-44,87.5,85.181267,78.180061
IRL,2007,Male,35-44,90,87.518578,79.88488
IRL,2007,Male,35-44,92.5,89.928467,82.697884
IRL,2007,Male,35-44,95,92.575417,86.559738
IRL,2007,Male,35-44,97.5,95.314461,87.08181
IRL,2007,Male,35-44,99,97.708344,90.672333
IRL,2007,Male,35-44,99.90000000000001,99.098541,91.008301
IRL,2007,Male,35-44,100,99.921783,98.152
IRL,2007,Male,45-55,2.5,3.8070011,17.244551
IRL,2007,Male,45-55,5,6.877358,17.16448
IRL,2007,Male,45-55,7.5,8.7521725,18.70973
IRL,2007,Male,45-55,10,11.09301,20.51755
IRL,2007,Male,45-55,12.5,13.69063,21.628929
IRL,2007,Male,45-55,15,15.13245,21.914801
IRL,2007,Male,45-55,17.5,18.06094,23.906651
IRL,2007,Male,45-55,20,19.89189,25.62904
IRL,2007,Male,45-55,22.5,22.107349,28.76549
IRL,2007,Male,45-55,25,24.354,29.982281
IRL,2007,Male,45-55,27.5,27.26041,33.267979
IRL,2007,Male,45-55,30,29.51581,31.60737
IRL,2007,Male,45-55,32.5,32.183929,34.990631
IRL,2007,Male,45-55,35,33.647289,35.25729
IRL,2007,Male,45-55,37.5,35.59803,38.26783
IRL,2007,Male,45-55,40,38.799881,41.71896
IRL,2007,Male,45-55,42.5,40.202759,40.977581
IRL,2007,Male,45-55,45,43.05051,43.46804
IRL,2007,Male,45-55,47.5,45.354969,45.154228
IRL,2007,Male,45-55,50,49.149639,44.336369
IRL,2007,Male,45-55,52.5,50.63834,50.134892
IRL,2007,Male,45-55,55,53.115681,50.33453
IRL,2007,Male,45-55,57.5,55.152458,53.34486
IRL,2007,Male,45-55,60,58.441879,53.83186
IRL,2007,Male,45-55,62.5,59.990211,58.5835
IRL,2007,Male,45-55,65,62.437408,56.78899
IRL,2007,Male,45-55,67.5,65.398987,61.48481
IRL,2007,Male,45-55,70,68.423866,64.316513
IRL,2007,Male,45-55,72.5,70.476242,64.923729
IRL,2007,Male,45-55,75,72.648033,69.603348
IRL,2007,Male,45-55,77.5,75.189537,71.832916
IRL,2007,Male,45-55,80,77.975853,73.895058
IRL,2007,Male,45-55,82.5,80.663147,73.575653
IRL,2007,Male,45-55,85,82.484009,76.061256
IRL,2007,Male,45-55,87.5,84.960571,78.707832
IRL,2007,Male,45-55,90,88.285927,81.715218
IRL,2007,Male,45-55,92.5,90.324226,83.06562
IRL,2007,Male,45-55,95,92.693649,84.350349
IRL,2007,Male,45-55,97.5,95.510788,86.887016
IRL,2007,Male,45-55,99,97.611832,92.805443
IRL,2007,Male,45-55,99.90000000000001,97.935303,95.46064
IRL,2007,Male,45-55,100,95.820763,83.347572
IRL,2008,All genders,25-34,2.5,5.3969541,23.91247
IRL,2008,All genders,25-34,5,8.6867218,25.978821
IRL,2008,All genders,25-34,7.5,11.22151,26.188129
IRL,2008,All genders,25-34,10,13.59462,27.64657
IRL,2008,All genders,25-34,12.5,15.59046,27.587721
IRL,2008,All genders,25-34,15,18.404711,29.83197
IRL,2008,All genders,25-34,17.5,20.033001,30.428631
IRL,2008,All genders,25-34,20,21.725281,29.809601
IRL,2008,All genders,25-34,22.5,23.44659,30.88567
IRL,2008,All genders,25-34,25,25.84383,32.667339
IRL,2008,All genders,25-34,27.5,28.628361,34.15844
IRL,2008,All genders,25-34,30,29.85372,35.602779
IRL,2008,All genders,25-34,32.5,31.92827,36.231651
IRL,2008,All genders,25-34,35,34.333759,37.51643
IRL,2008,All genders,25-34,37.5,36.769051,40.06147
IRL,2008,All genders,25-34,40,38.937439,42.156849
IRL,2008,All genders,25-34,42.5,40.81147,42.209789
IRL,2008,All genders,25-34,45,43.223389,43.269272
IRL,2008,All genders,25-34,47.5,46.018589,44.387039
IRL,2008,All genders,25-34,50,47.79908,47.382641
IRL,2008,All genders,25-34,52.5,50.317749,47.760021
IRL,2008,All genders,25-34,55,52.109058,48.855412
IRL,2008,All genders,25-34,57.5,54.417419,50.84259
IRL,2008,All genders,25-34,60,57.35421,51.709721
IRL,2008,All genders,25-34,62.5,59.29863,53.674171
IRL,2008,All genders,25-34,65,61.57655,56.61948
IRL,2008,All genders,25-34,67.5,64.336342,58.96656
IRL,2008,All genders,25-34,70,65.915459,58.968239
IRL,2008,All genders,25-34,72.5,68.496063,62.533169
IRL,2008,All genders,25-34,75,71.029556,62.971561
IRL,2008,All genders,25-34,77.5,73.131821,66.586578
IRL,2008,All genders,25-34,80,76.50885,67.57708
IRL,2008,All genders,25-34,82.5,78.903351,70.643677
IRL,2008,All genders,25-34,85,81.216721,72.186722
IRL,2008,All genders,25-34,87.5,83.809128,74.118271
IRL,2008,All genders,25-34,90,86.351196,76.792877
IRL,2008,All genders,25-34,92.5,89.183456,79.601547
IRL,2008,All genders,25-34,95,91.791031,80.740273
IRL,2008,All genders,25-34,97.5,94.601128,83.635803
IRL,2008,All genders,25-34,99,97.140106,86.863831
IRL,2008,All genders,25-34,99.90000000000001,98.955383,89.927322
IRL,2008,All genders,25-34,100,99.137749,88.185333
IRL,2008,All genders,25-55,2.5,5.0187249,20.870001
IRL,2008,All genders,25-55,5,7.9439068,21.784241
IRL,2008,All genders,25-55,7.5,10.39409,22.62995
IRL,2008,All genders,25-55,10,12.65201,23.6632
IRL,2008,All genders,25-55,12.5,14.70479,24.82901
IRL,2008,All genders,25-55,15,16.917749,25.69701
IRL,2008,All genders,25-55,17.5,18.79376,26.87797
IRL,2008,All genders,25-55,20,20.674,27.100201
IRL,2008,All genders,25-55,22.5,22.79434,28.992371
IRL,2008,All genders,25-55,25,25.24655,30.392349
IRL,2008,All genders,25-55,27.5,27.75349,32.163891
IRL,2008,All genders,25-55,30,29.404079,33.632351
IRL,2008,All genders,25-55,32.5,31.78253,35.18417
IRL,2008,All genders,25-55,35,33.769009,36.406681
IRL,2008,All genders,25-55,37.5,36.686569,38.646179
IRL,2008,All genders,25-55,40,38.723129,40.323132
IRL,2008,All genders,25-55,42.5,40.768841,41.909538
IRL,2008,All genders,25-55,45,43.290482,43.097511
IRL,2008,All genders,25-55,47.5,45.90551,44.417702
IRL,2008,All genders,25-55,50,47.79364,46.882359
IRL,2008,All genders,25-55,52.5,50.535309,48.288551
IRL,2008,All genders,25-55,55,52.568562,49.293949
IRL,2008,All genders,25-55,57.5,54.93087,51.230659
IRL,2008,All genders,25-55,60,57.555038,53.381008
IRL,2008,All genders,25-55,62.5,59.575329,55.302528
IRL,2008,All genders,25-55,65,61.993252,57.91518
IRL,2008,All genders,25-55,67.5,64.745743,59.931042
IRL,2008,All genders,25-55,70,66.892593,61.355671
IRL,2008,All genders,25-55,72.5,69.148712,63.957062
IRL,2008,All genders,25-55,75,71.685898,66.040123
IRL,2008,All genders,25-55,77.5,74.182877,69.25621
IRL,2008,All genders,25-55,80,77.172577,70.303307
IRL,2008,All genders,25-55,82.5,79.563797,73.650841
IRL,2008,All genders,25-55,85,82.114113,75.357224
IRL,2008,All genders,25-55,87.5,84.629913,77.433998
IRL,2008,All genders,25-55,90,87.11956,79.739288
IRL,2008,All genders,25-55,92.5,89.78196,81.76313
IRL,2008,All genders,25-55,95,92.284607,83.858803
IRL,2008,All genders,25-55,97.5,95.050453,86.68499
IRL,2008,All genders,25-55,99,97.500816,89.770729
IRL,2008,All genders,25-55,99.90000000000001,99.041634,91.865883
IRL,2008,All genders,25-55,100,99.609062,93.238983
IRL,2008,All genders,35-44,2.5,4.9351778,18.97859
IRL,2008,All genders,35-44,5,7.722003,19.641041
IRL,2008,All genders,35-44,7.5,10.04961,20.558769
IRL,2008,All genders,35-44,10,12.51931,21.347891
IRL,2008,All genders,35-44,12.5,14.51873,23.452209
IRL,2008,All genders,35-44,15,15.99275,23.19006
IRL,2008,All genders,35-44,17.5,18.536421,24.76725
IRL,2008,All genders,35-44,20,20.08951,25.723261
IRL,2008,All genders,35-44,22.5,22.547609,27.95393
IRL,2008,All genders,35-44,25,25.0823,28.742491
IRL,2008,All genders,35-44,27.5,27.394951,30.348591
IRL,2008,All genders,35-44,30,29.18569,32.671299
IRL,2008,All genders,35-44,32.5,31.84338,34.481022
IRL,2008,All genders,35-44,35,33.312481,35.33424
IRL,2008,All genders,35-44,37.5,36.653118,37.573521
IRL,2008,All genders,35-44,40,38.465889,38.81855
IRL,2008,All genders,35-44,42.5,40.466789,41.711979
IRL,2008,All genders,35-44,45,43.196869,42.916119
IRL,2008,All genders,35-44,47.5,45.7789,44.731411
IRL,2008,All genders,35-44,50,47.562672,46.40028
IRL,2008,All genders,35-44,52.5,50.469681,48.161949
IRL,2008,All genders,35-44,55,52.81287,49.782108
IRL,2008,All genders,35-44,57.5,55.253941,51.757839
IRL,2008,All genders,35-44,60,57.708801,54.046322
IRL,2008,All genders,35-44,62.5,59.35339,56.547932
IRL,2008,All genders,35-44,65,62.27705,58.87318
IRL,2008,All genders,35-44,67.5,64.834473,60.762199
IRL,2008,All genders,35-44,70,67.370651,62.9062
IRL,2008,All genders,35-44,72.5,69.411102,65.02977
IRL,2008,All genders,35-44,75,72.245262,67.755989
IRL,2008,All genders,35-44,77.5,74.62545,71.463043
IRL,2008,All genders,35-44,80,77.627441,71.99424
IRL,2008,All genders,35-44,82.5,79.749649,75.83606
IRL,2008,All genders,35-44,85,82.582176,77.471443
IRL,2008,All genders,35-44,87.5,85.027267,79.890404
IRL,2008,All genders,35-44,90,87.601448,81.241249
IRL,2008,All genders,35-44,92.5,90.054787,82.69664
IRL,2008,All genders,35-44,95,92.447838,85.220978
IRL,2008,All genders,35-44,97.5,95.201683,88.35479
IRL,2008,All genders,35-44,99,97.615677,91.31575
IRL,2008,All genders,35-44,99.90000000000001,99.014389,92.230003
IRL,2008,All genders,35-44,100,99.901642,96.27227
IRL,2008,All genders,45-55,2.5,4.491148,17.66604
IRL,2008,All genders,45-55,5,6.9930282,16.445709
IRL,2008,All genders,45-55,7.5,9.4726486,18.60965
IRL,2008,All genders,45-55,10,11.23751,19.17063
IRL,2008,All genders,45-55,12.5,13.46592,21.209709
IRL,2008,All genders,45-55,15,15.69032,21.275261
IRL,2008,All genders,45-55,17.5,17.051161,22.974979
IRL,2008,All genders,45-55,20,19.709539,23.598511
IRL,2008,All genders,45-55,22.5,22.03582,26.731529
IRL,2008,All genders,45-55,25,24.461901,28.511351
IRL,2008,All genders,45-55,27.5,26.76866,31.31531
IRL,2008,All genders,45-55,30,28.949181,31.00672
IRL,2008,All genders,45-55,32.5,31.44902,34.201962
IRL,2008,All genders,45-55,35,33.451859,36.06311
IRL,2008,All genders,45-55,37.5,36.593559,37.58353
IRL,2008,All genders,45-55,40,38.72049,39.180481
IRL,2008,All genders,45-55,42.5,41.12064,41.620331
IRL,2008,All genders,45-55,45,43.535599,43.0783
IRL,2008,All genders,45-55,47.5,45.891701,43.821541
IRL,2008,All genders,45-55,50,48.108299,46.725811
IRL,2008,All genders,45-55,52.5,50.997768,49.803452
IRL,2008,All genders,45-55,55,53.005138,49.29108
IRL,2008,All genders,45-55,57.5,55.34766,51.02243
IRL,2008,All genders,45-55,60,57.67971,55.911991
IRL,2008,All genders,45-55,62.5,60.357422,56.509541
IRL,2008,All genders,45-55,65,62.302399,58.944099
IRL,2008,All genders,45-55,67.5,65.314529,60.44244
IRL,2008,All genders,45-55,70,67.882957,63.707901
IRL,2008,All genders,45-55,72.5,69.887466,65.039337
IRL,2008,All genders,45-55,75,72.013618,69.62677
IRL,2008,All genders,45-55,77.5,75.351547,70.886276
IRL,2008,All genders,45-55,80,77.655792,73.136589
IRL,2008,All genders,45-55,82.5,80.42524,76.141228
IRL,2008,All genders,45-55,85,82.979141,78.345467
IRL,2008,All genders,45-55,87.5,85.466919,80.056419
IRL,2008,All genders,45-55,90,87.745972,83.512917
IRL,2008,All genders,45-55,92.5,90.415298,84.891022
IRL,2008,All genders,45-55,95,92.893753,88.344742
IRL,2008,All genders,45-55,97.5,95.609016,90.394676
IRL,2008,All genders,45-55,99,97.95166,93.33947
IRL,2008,All genders,45-55,99.90000000000001,99.226067,95.664688
IRL,2008,All genders,45-55,100,99.929642,98.585037
IRL,2008,Female,25-34,2.5,5.7789388,22.033859
IRL,2008,Female,25-34,5,8.2457972,24.360849
IRL,2008,Female,25-34,7.5,10.99061,23.76771
IRL,2008,Female,25-34,10,13.26241,24.74609
IRL,2008,Female,25-34,12.5,14.7009,25.124649
IRL,2008,Female,25-34,15,18.052099,27.242531
IRL,2008,Female,25-34,17.5,19.547951,27.951389
IRL,2008,Female,25-34,20,20.38188,28.068581
IRL,2008,Female,25-34,22.5,23.04899,29.29122
IRL,2008,Female,25-34,25,24.97686,31.138889
IRL,2008,Female,25-34,27.5,27.50149,34.61676
IRL,2008,Female,25-34,30,28.840691,36.22086
IRL,2008,Female,25-34,32.5,31.13912,36.297359
IRL,2008,Female,25-34,35,33.17157,37.976318
IRL,2008,Female,25-34,37.5,37.041321,38.862862
IRL,2008,Female,25-34,40,39.486591,42.004581
IRL,2008,Female,25-34,42.5,40.345428,42.2337
IRL,2008,Female,25-34,45,43.75568,42.570801
IRL,2008,Female,25-34,47.5,46.036491,44.87896
IRL,2008,Female,25-34,50,48.09745,47.868622
IRL,2008,Female,25-34,52.5,50.307289,48.544491
IRL,2008,Female,25-34,55,52.07481,49.512901
IRL,2008,Female,25-34,57.5,54.892731,49.898781
IRL,2008,Female,25-34,60,57.58313,53.118591
IRL,2008,Female,25-34,62.5,60.220551,55.203041
IRL,2008,Female,25-34,65,62.339008,55.95219
IRL,2008,Female,25-34,67.5,64.781822,59.801281
IRL,2008,Female,25-34,70,66.727692,59.92717
IRL,2008,Female,25-34,72.5,68.798866,64.531174
IRL,2008,Female,25-34,75,71.407707,64.764198
IRL,2008,Female,25-34,77.5,73.276962,67.285507
IRL,2008,Female,25-34,80,76.963882,70.152077
IRL,2008,Female,25-34,82.5,79.559158,72.61245
IRL,2008,Female,25-34,85,81.727333,74.044403
IRL,2008,Female,25-34,87.5,84.635094,75.130882
IRL,2008,Female,25-34,90,86.60408,77.609444
IRL,2008,Female,25-34,92.5,89.508743,79.72773
IRL,2008,Female,25-34,95,92.098328,82.027397
IRL,2008,Female,25-34,97.5,94.666542,84.401993
IRL,2008,Female,25-34,99,97.101753,88.295929
IRL,2008,Female,25-34,99.90000000000001,99.057579,89.917091
IRL,2008,Female,25-34,100,99.683907,94.898781
IRL,2008,Female,25-55,2.5,5.5126829,19.88942
IRL,2008,Female,25-55,5,7.906189,21.04492
IRL,2008,Female,25-55,7.5,10.22542,21.20903
IRL,2008,Female,25-55,10,12.52006,22.39052
IRL,2008,Female,25-55,12.5,14.23017,23.456539
IRL,2008,Female,25-55,15,16.939899,23.577379
IRL,2008,Female,25-55,17.5,18.31901,25.52453
IRL,2008,Female,25-55,20,19.8368,26.49568
IRL,2008,Female,25-55,22.5,22.47998,28.415621
IRL,2008,Female,25-55,25,24.42271,29.74803
IRL,2008,Female,25-55,27.5,27.05397,32.31427
IRL,2008,Female,25-55,30,28.688999,34.079441
IRL,2008,Female,25-55,32.5,31.74086,34.875931
IRL,2008,Female,25-55,35,33.045139,36.04472
IRL,2008,Female,25-55,37.5,36.672581,37.971661
IRL,2008,Female,25-55,40,39.001461,40.54192
IRL,2008,Female,25-55,42.5,40.499371,42.096748
IRL,2008,Female,25-55,45,43.42852,42.91983
IRL,2008,Female,25-55,47.5,45.86026,44.591839
IRL,2008,Female,25-55,50,48.002319,46.730331
IRL,2008,Female,25-55,52.5,50.435169,48.07906
IRL,2008,Female,25-55,55,52.41251,49.923771
IRL,2008,Female,25-55,57.5,55.336761,50.822941
IRL,2008,Female,25-55,60,57.63842,53.971729
IRL,2008,Female,25-55,62.5,60.144051,56.379509
IRL,2008,Female,25-55,65,62.32975,57.551842
IRL,2008,Female,25-55,67.5,65.106697,60.33012
IRL,2008,Female,25-55,70,67.34642,61.849091
IRL,2008,Female,25-55,72.5,69.370956,64.79348
IRL,2008,Female,25-55,75,71.983742,66.959213
IRL,2008,Female,25-55,77.5,74.264374,69.744781
IRL,2008,Female,25-55,80,77.521553,71.037987
IRL,2008,Female,25-55,82.5,79.959534,74.892921
IRL,2008,Female,25-55,85,82.500793,76.65374
IRL,2008,Female,25-55,87.5,84.879372,78.156914
IRL,2008,Female,25-55,90,87.435707,80.76384
IRL,2008,Female,25-55,92.5,90.006073,81.995819
IRL,2008,Female,25-55,95,92.491989,84.54039
IRL,2008,Female,25-55,97.5,95.013222,86.993523
IRL,2008,Female,25-55,99,97.480339,90.536423
IRL,2008,Female,25-55,99.90000000000001,99.126793,92.588142
IRL,2008,Female,25-55,100,99.826912,96.431572
IRL,2008,Female,35-44,2.5,5.5762291,18.34869
IRL,2008,Female,35-44,5,8.138401,19.98023
IRL,2008,Female,35-44,7.5,10.0346,20.26125
IRL,2008,Female,35-44,10,12.59299,20.95207
IRL,2008,Female,35-44,12.5,14.29717,22.350901
IRL,2008,Female,35-44,15,16.613079,21.246481
IRL,2008,Female,35-44,17.5,18.024879,24.232599
IRL,2008,Female,35-44,20,19.3897,25.95063
IRL,2008,Female,35-44,22.5,22.401131,28.201639
IRL,2008,Female,35-44,25,24.02141,28.85705
IRL,2008,Female,35-44,27.5,26.856661,30.453991
IRL,2008,Female,35-44,30,28.563589,33.309879
IRL,2008,Female,35-44,32.5,32.46785,33.93808
IRL,2008,Female,35-44,35,32.952461,34.602711
IRL,2008,Female,35-44,37.5,36.496601,36.99712
IRL,2008,Female,35-44,40,38.668419,39.397442
IRL,2008,Female,35-44,42.5,40.27737,42.098129
IRL,2008,Female,35-44,45,42.66658,43.493801
IRL,2008,Female,35-44,47.5,45.82991,45.11121
IRL,2008,Female,35-44,50,47.727051,45.931938
IRL,2008,Female,35-44,52.5,50.051922,47.18137
IRL,2008,Female,35-44,55,52.49139,51.01149
IRL,2008,Female,35-44,57.5,55.656059,51.523811
IRL,2008,Female,35-44,60,57.951439,53.663399
IRL,2008,Female,35-44,62.5,59.878422,57.22765
IRL,2008,Female,35-44,65,62.34362,58.64851
IRL,2008,Female,35-44,67.5,65.31044,60.746479
IRL,2008,Female,35-44,70,67.682487,63.142052
IRL,2008,Female,35-44,72.5,69.420067,64.497864
IRL,2008,Female,35-44,75,72.459297,67.782791
IRL,2008,Female,35-44,77.5,74.62941,72.026176
IRL,2008,Female,35-44,80,77.946907,72.134216
IRL,2008,Female,35-44,82.5,79.972557,76.740646
IRL,2008,Female,35-44,85,82.973328,78.237488
IRL,2008,Female,35-44,87.5,84.751823,80.430397
IRL,2008,Female,35-44,90,87.96109,82.101883
IRL,2008,Female,35-44,92.5,90.120216,82.609573
IRL,2008,Female,35-44,95,92.413429,84.987442
IRL,2008,Female,35-44,97.5,94.963226,88.076691
IRL,2008,Female,35-44,99,97.551559,91.794273
IRL,2008,Female,35-44,99.90000000000001,99.167679,93.172089
IRL,2008,Female,35-44,100,99.91153,96.787643
IRL,2008,Female,45-55,2.5,4.992732,18.052299
IRL,2008,Female,45-55,5,7.0427189,15.61388
IRL,2008,Female,45-55,7.5,9.2203655,17.28619
IRL,2008,Female,45-55,10,11.20845,19.868361
IRL,2008,Female,45-55,12.5,13.3748,21.85113
IRL,2008,Female,45-55,15,15.54469,19.879641
IRL,2008,Female,45-55,17.5,16.691959,22.568239
IRL,2008,Female,45-55,20,19.529289,23.982611
IRL,2008,Female,45-55,22.5,21.65226,26.860121
IRL,2008,Female,45-55,25,24.0408,28.33934
IRL,2008,Female,45-55,27.5,26.57843,30.760679
IRL,2008,Female,45-55,30,28.605989,30.743481
IRL,2008,Female,45-55,32.5,31.778351,33.497501
IRL,2008,Female,45-55,35,32.960701,34.50235
IRL,2008,Female,45-55,37.5,36.299149,37.88113
IRL,2008,Female,45-55,40,38.643608,39.46508
IRL,2008,Female,45-55,42.5,41.04163,41.784721
IRL,2008,Female,45-55,45,43.891739,42.577961
IRL,2008,Female,45-55,47.5,45.611401,42.912128
IRL,2008,Female,45-55,50,48.208389,45.72311
IRL,2008,Female,45-55,52.5,51.146091,48.787682
IRL,2008,Female,45-55,55,52.86216,48.69841
IRL,2008,Female,45-55,57.5,55.644329,51.53569
IRL,2008,Female,45-55,60,57.31879,56.51569
IRL,2008,Female,45-55,62.5,60.367809,57.380291
IRL,2008,Female,45-55,65,62.29641,59.02301
IRL,2008,Female,45-55,67.5,65.368736,60.708401
IRL,2008,Female,45-55,70,67.923561,63.66354
IRL,2008,Female,45-55,72.5,70.242233,65.97374
IRL,2008,Female,45-55,75,72.303093,70.295303
IRL,2008,Female,45-55,77.5,75.40506,70.853043
IRL,2008,Female,45-55,80,77.871582,70.875343
IRL,2008,Female,45-55,82.5,80.600098,76.44043
IRL,2008,Female,45-55,85,83.147507,79.432823
IRL,2008,Female,45-55,87.5,85.447937,80.562279
IRL,2008,Female,45-55,90,88.107292,85.262733
IRL,2008,Female,45-55,92.5,90.671173,85.960861
IRL,2008,Female,45-55,95,93.240639,89.327362
IRL,2008,Female,45-55,97.5,95.654953,90.807877
IRL,2008,Female,45-55,99,98.005234,93.102158
IRL,2008,Female,45-55,99.90000000000001,99.185753,97.492943
IRL,2008,Female,45-55,100,99.930473,99.266296
IRL,2008,Male,25-34,2.5,5.0573621,25.804079
IRL,2008,Male,25-34,5,9.0793972,27.61072
IRL,2008,Male,25-34,7.5,11.42741,28.616831
IRL,2008,Male,25-34,10,13.89013,30.56699
IRL,2008,Male,25-34,12.5,16.382681,30.06345
IRL,2008,Male,25-34,15,18.71837,32.434792
IRL,2008,Male,25-34,17.5,20.464479,32.922859
IRL,2008,Male,25-34,20,22.923229,31.562559
IRL,2008,Male,25-34,22.5,23.801559,32.4856
IRL,2008,Male,25-34,25,26.61414,34.20892
IRL,2008,Male,25-34,27.5,29.631929,33.696972
IRL,2008,Male,25-34,30,30.754709,34.983639
IRL,2008,Male,25-34,32.5,32.631981,36.165379
IRL,2008,Male,25-34,35,35.365009,37.052589
IRL,2008,Male,25-34,37.5,36.52684,41.262138
IRL,2008,Male,25-34,40,38.44775,42.31094
IRL,2008,Male,25-34,42.5,41.227051,42.185791
IRL,2008,Male,25-34,45,42.749901,43.972542
IRL,2008,Male,25-34,47.5,46.00264,43.89426
IRL,2008,Male,25-34,50,47.533661,46.893318
IRL,2008,Male,25-34,52.5,50.327091,46.967449
IRL,2008,Male,25-34,55,52.139561,48.195679
IRL,2008,Male,25-34,57.5,53.994621,51.79126
IRL,2008,Male,25-34,60,57.15033,50.296009
IRL,2008,Male,25-34,62.5,58.476521,52.129532
IRL,2008,Male,25-34,65,60.897419,57.28907
IRL,2008,Male,25-34,67.5,63.941051,58.12466
IRL,2008,Male,25-34,70,65.190323,58.00272
IRL,2008,Male,25-34,72.5,68.227058,60.52832
IRL,2008,Male,25-34,75,70.693176,61.172779
IRL,2008,Male,25-34,77.5,73.002708,65.879227
IRL,2008,Male,25-34,80,76.103607,64.988823
IRL,2008,Male,25-34,82.5,78.317093,68.664772
IRL,2008,Male,25-34,85,80.762512,70.319489
IRL,2008,Male,25-34,87.5,83.075371,73.096947
IRL,2008,Male,25-34,90,86.125961,75.972122
IRL,2008,Male,25-34,92.5,88.893784,79.474731
IRL,2008,Male,25-34,95,91.517014,79.448738
IRL,2008,Male,25-34,97.5,94.542938,82.862923
IRL,2008,Male,25-34,99,97.17437,85.423523
IRL,2008,Male,25-34,99.90000000000001,98.865334,89.937653
IRL,2008,Male,25-34,100,98.634697,81.471878
IRL,2008,Male,25-55,2.5,4.5804758,21.849119
IRL,2008,Male,25-55,5,7.977396,22.519751
IRL,2008,Male,25-55,7.5,10.54356,24.04356
IRL,2008,Male,25-55,10,12.76898,24.9284
IRL,2008,Male,25-55,12.5,15.12604,26.19743
IRL,2008,Male,25-55,15,16.8981,27.804171
IRL,2008,Male,25-55,17.5,19.21446,28.22645
IRL,2008,Male,25-55,20,21.41737,27.701611
IRL,2008,Male,25-55,22.5,23.07366,29.56657
IRL,2008,Male,25-55,25,25.976919,31.034769
IRL,2008,Male,25-55,27.5,28.37361,32.0144
IRL,2008,Male,25-55,30,30.03842,33.18755
IRL,2008,Male,25-55,32.5,31.819429,35.491501
IRL,2008,Male,25-55,35,34.41214,36.767319
IRL,2008,Male,25-55,37.5,36.69894,39.316738
IRL,2008,Male,25-55,40,38.475731,40.10482
IRL,2008,Male,25-55,42.5,41.007992,41.723289
IRL,2008,Male,25-55,45,43.16803,43.27454
IRL,2008,Male,25-55,47.5,45.945641,44.244579
IRL,2008,Male,25-55,50,47.608261,47.03384
IRL,2008,Male,25-55,52.5,50.624222,48.497421
IRL,2008,Male,25-55,55,52.706909,48.666908
IRL,2008,Male,25-55,57.5,54.571159,51.63628
IRL,2008,Male,25-55,60,57.481041,52.793758
IRL,2008,Male,25-55,62.5,59.06958,54.226349
IRL,2008,Male,25-55,65,61.695511,58.27586
IRL,2008,Male,25-55,67.5,64.425209,59.533131
IRL,2008,Male,25-55,70,66.490494,60.864059
IRL,2008,Male,25-55,72.5,68.951462,63.12434
IRL,2008,Male,25-55,75,71.422081,65.126427
IRL,2008,Male,25-55,77.5,74.110603,68.769073
IRL,2008,Male,25-55,80,76.862488,69.571854
IRL,2008,Male,25-55,82.5,79.212471,72.415161
IRL,2008,Male,25-55,85,81.771622,74.065483
IRL,2008,Male,25-55,87.5,84.408653,76.714813
IRL,2008,Male,25-55,90,86.839081,78.717003
IRL,2008,Male,25-55,92.5,89.583076,81.532158
IRL,2008,Male,25-55,95,92.100838,83.180206
IRL,2008,Male,25-55,97.5,95.083443,86.378311
IRL,2008,Male,25-55,99,97.519043,89.005028
IRL,2008,Male,25-55,99.90000000000001,98.966438,91.145088
IRL,2008,Male,25-55,100,99.40918,90.094742
IRL,2008,Male,35-44,2.5,4.3983202,19.574341
IRL,2008,Male,35-44,5,7.3717709,19.3225
IRL,2008,Male,35-44,7.5,10.06213,20.837191
IRL,2008,Male,35-44,10,12.45755,21.721001
IRL,2008,Male,35-44,12.5,14.70428,24.49053
IRL,2008,Male,35-44,15,15.4717,25.01195
IRL,2008,Male,35-44,17.5,18.9648,25.271259
IRL,2008,Male,35-44,20,20.676201,25.509741
IRL,2008,Male,35-44,22.5,22.670509,27.72081
IRL,2008,Male,35-44,25,25.970249,28.63448
IRL,2008,Male,35-44,27.5,27.844379,30.24959
IRL,2008,Male,35-44,30,29.70907,32.070351
IRL,2008,Male,35-44,32.5,31.32299,34.99184
IRL,2008,Male,35-44,35,33.616199,36.023769
IRL,2008,Male,35-44,37.5,36.78363,38.11496
IRL,2008,Male,35-44,40,38.29554,38.273849
IRL,2008,Male,35-44,42.5,40.625141,41.348
IRL,2008,Male,35-44,45,43.641548,42.37455
IRL,2008,Male,35-44,47.5,45.73624,44.373341
IRL,2008,Male,35-44,50,47.42403,46.840981
IRL,2008,Male,35-44,52.5,50.818859,49.086128
IRL,2008,Male,35-44,55,53.081718,48.62077
IRL,2008,Male,35-44,57.5,54.91674,51.97681
IRL,2008,Male,35-44,60,57.505878,54.407291
IRL,2008,Male,35-44,62.5,58.911179,55.907162
IRL,2008,Male,35-44,65,62.22163,59.083809
IRL,2008,Male,35-44,67.5,64.432953,60.77702
IRL,2008,Male,35-44,70,67.111137,62.68388
IRL,2008,Male,35-44,72.5,69.403557,65.529411
IRL,2008,Male,35-44,75,72.066261,67.730759
IRL,2008,Male,35-44,77.5,74.622147,70.933197
IRL,2008,Male,35-44,80,77.358887,71.862732
IRL,2008,Male,35-44,82.5,79.563133,74.985069
IRL,2008,Male,35-44,85,82.254631,76.747864
IRL,2008,Male,35-44,87.5,85.258621,79.386177
IRL,2008,Male,35-44,90,87.30069,80.428162
IRL,2008,Male,35-44,92.5,89.999863,82.778702
IRL,2008,Male,35-44,95,92.476532,85.439507
IRL,2008,Male,35-44,97.5,95.401703,88.615631
IRL,2008,Male,35-44,99,97.669403,90.86235
IRL,2008,Male,35-44,99.90000000000001,98.88665,91.341057
IRL,2008,Male,35-44,100,99.892632,95.776733
IRL,2008,Male,45-55,2.5,4.0102911,17.241501
IRL,2008,Male,45-55,5,6.9456739,17.35124
IRL,2008,Male,45-55,7.5,9.7135801,20.08078
IRL,2008,Male,45-55,10,11.26521,18.4172
IRL,2008,Male,45-55,12.5,13.55313,20.502501
IRL,2008,Male,45-55,15,15.8291,22.80748
IRL,2008,Male,45-55,17.5,17.393499,23.419479
IRL,2008,Male,45-55,20,19.881701,23.17844
IRL,2008,Male,45-55,22.5,22.40217,26.5898
IRL,2008,Male,45-55,25,24.86491,28.699471
IRL,2008,Male,45-55,27.5,26.95068,31.91888
IRL,2008,Male,45-55,30,29.2756,31.297091
IRL,2008,Male,45-55,32.5,31.135189,34.975071
IRL,2008,Male,45-55,35,33.92197,37.762161
IRL,2008,Male,45-55,37.5,36.874149,37.255421
IRL,2008,Male,45-55,40,38.7939,38.869362
IRL,2008,Male,45-55,42.5,41.196251,41.440689
IRL,2008,Male,45-55,45,43.19545,43.63232
IRL,2008,Male,45-55,47.5,46.159389,44.815731
IRL,2008,Male,45-55,50,48.012909,47.826641
IRL,2008,Male,45-55,52.5,50.855549,50.909229
IRL,2008,Male,45-55,55,53.141701,49.938992
IRL,2008,Male,45-55,57.5,55.06546,50.454102
IRL,2008,Male,45-55,60,58.025841,55.254799
IRL,2008,Male,45-55,62.5,60.3475,55.54987
IRL,2008,Male,45-55,65,62.308121,58.857811
IRL,2008,Male,45-55,67.5,65.262741,60.151798
IRL,2008,Male,45-55,70,67.844177,63.756401
IRL,2008,Male,45-55,72.5,69.549347,64.004677
IRL,2008,Male,45-55,75,71.737732,68.896187
IRL,2008,Male,45-55,77.5,75.300232,70.92247
IRL,2008,Male,45-55,80,77.449242,75.628777
IRL,2008,Male,45-55,82.5,80.258591,75.814018
IRL,2008,Male,45-55,85,82.819008,77.157204
IRL,2008,Male,45-55,87.5,85.485046,79.49868
IRL,2008,Male,45-55,90,87.400139,81.584412
IRL,2008,Male,45-55,92.5,90.171432,83.740273
IRL,2008,Male,45-55,95,92.562477,87.24826
IRL,2008,Male,45-55,97.5,95.5653,89.945686
IRL,2008,Male,45-55,99,97.900101,93.602028
IRL,2008,Male,45-55,99.90000000000001,99.264793,93.664383
IRL,2008,Male,45-55,100,99.928879,97.903793
IRL,2009,All genders,25-34,2.5,6.0126791,22.90089
IRL,2009,All genders,25-34,5,9.1200352,22.12886
IRL,2009,All genders,25-34,7.5,11.65299,24.365801
IRL,2009,All genders,25-34,10,13.1399,25.38998
IRL,2009,All genders,25-34,12.5,15.88664,25.259809
IRL,2009,All genders,25-34,15,17.40073,27.441469
IRL,2009,All genders,25-34,17.5,19.0592,29.100229
IRL,2009,All genders,25-34,20,20.598209,30.464491
IRL,2009,All genders,25-34,22.5,23.1663,31.077181
IRL,2009,All genders,25-34,25,24.97991,31.45215
IRL,2009,All genders,25-34,27.5,27.691259,32.791359
IRL,2009,All genders,25-34,30,29.45978,35.09557
IRL,2009,All genders,25-34,32.5,32.294868,36.448799
IRL,2009,All genders,25-34,35,34.040298,36.394958
IRL,2009,All genders,25-34,37.5,35.855888,39.66766
IRL,2009,All genders,25-34,40,38.57312,39.10297
IRL,2009,All genders,25-34,42.5,41.223549,42.15007
IRL,2009,All genders,25-34,45,44.168571,42.295689
IRL,2009,All genders,25-34,47.5,46.177921,44.455761
IRL,2009,All genders,25-34,50,48.11647,46.635159
IRL,2009,All genders,25-34,52.5,49.77055,48.83913
IRL,2009,All genders,25-34,55,52.110229,49.436001
IRL,2009,All genders,25-34,57.5,55.04623,51.375431
IRL,2009,All genders,25-34,60,57.299992,52.83004
IRL,2009,All genders,25-34,62.5,59.17049,54.87328
IRL,2009,All genders,25-34,65,61.38884,56.967571
IRL,2009,All genders,25-34,67.5,64.580406,58.9823
IRL,2009,All genders,25-34,70,66.890762,61.006401
IRL,2009,All genders,25-34,72.5,68.605553,62.483372
IRL,2009,All genders,25-34,75,71.125847,65.201698
IRL,2009,All genders,25-34,77.5,73.849701,67.01783
IRL,2009,All genders,25-34,80,76.747002,69.016777
IRL,2009,All genders,25-34,82.5,79.221718,70.51297
IRL,2009,All genders,25-34,85,81.649063,74.435043
IRL,2009,All genders,25-34,87.5,83.603691,75.533112
IRL,2009,All genders,25-34,90,86.723534,78.709641
IRL,2009,All genders,25-34,92.5,89.394676,80.852371
IRL,2009,All genders,25-34,95,92.157951,82.761597
IRL,2009,All genders,25-34,97.5,94.695061,85.69313
IRL,2009,All genders,25-34,99,97.158508,89.057358
IRL,2009,All genders,25-34,99.90000000000001,98.846092,90.486969
IRL,2009,All genders,25-34,100,99.631927,89.323547
IRL,2009,All genders,25-55,2.5,5.4536219,19.73115
IRL,2009,All genders,25-55,5,8.1750269,19.249201
IRL,2009,All genders,25-55,7.5,10.57177,20.960199
IRL,2009,All genders,25-55,10,12.36709,22.61866
IRL,2009,All genders,25-55,12.5,14.46061,22.654791
IRL,2009,All genders,25-55,15,16.1313,24.163639
IRL,2009,All genders,25-55,17.5,18.07099,25.73558
IRL,2009,All genders,25-55,20,20.303551,27.10944
IRL,2009,All genders,25-55,22.5,22.5329,27.904961
IRL,2009,All genders,25-55,25,24.81312,29.83317
IRL,2009,All genders,25-55,27.5,27.14031,30.9485
IRL,2009,All genders,25-55,30,29.340651,33.16058
IRL,2009,All genders,25-55,32.5,31.835581,34.891911
IRL,2009,All genders,25-55,35,33.91946,35.675228
IRL,2009,All genders,25-55,37.5,36.208248,37.93301
IRL,2009,All genders,25-55,40,38.57655,38.859341
IRL,2009,All genders,25-55,42.5,41.065739,41.155819
IRL,2009,All genders,25-55,45,43.729221,42.412182
IRL,2009,All genders,25-55,47.5,45.994499,44.709869
IRL,2009,All genders,25-55,50,48.101639,46.025768
IRL,2009,All genders,25-55,52.5,50.193748,49.154209
IRL,2009,All genders,25-55,55,52.894699,50.294891
IRL,2009,All genders,25-55,57.5,55.376709,52.190861
IRL,2009,All genders,25-55,60,57.73085,54.226891
IRL,2009,All genders,25-55,62.5,59.578049,56.45261
IRL,2009,All genders,25-55,65,61.966881,58.872768
IRL,2009,All genders,25-55,67.5,64.802361,60.870869
IRL,2009,All genders,25-55,70,67.29937,62.80695
IRL,2009,All genders,25-55,72.5,69.51609,64.656662
IRL,2009,All genders,25-55,75,71.627861,67.29052
IRL,2009,All genders,25-55,77.5,74.381187,69.561462
IRL,2009,All genders,25-55,80,77.237427,71.582802
IRL,2009,All genders,25-55,82.5,79.799477,73.893791
IRL,2009,All genders,25-55,85,82.283096,76.476471
IRL,2009,All genders,25-55,87.5,84.458313,78.781052
IRL,2009,All genders,25-55,90,87.399406,80.942596
IRL,2009,All genders,25-55,92.5,89.785721,83.156082
IRL,2009,All genders,25-55,95,92.577248,85.251907
IRL,2009,All genders,25-55,97.5,94.925507,87.624153
IRL,2009,All genders,25-55,99,97.402634,90.39772
IRL,2009,All genders,25-55,99.90000000000001,99.025703,91.801353
IRL,2009,All genders,25-55,100,99.801857,94.407516
IRL,2009,All genders,35-44,2.5,5.304574,17.663191
IRL,2009,All genders,35-44,5,7.835535,17.61698
IRL,2009,All genders,35-44,7.5,10.00147,19.518961
IRL,2009,All genders,35-44,10,12.52794,21.261749
IRL,2009,All genders,35-44,12.5,13.7876,21.295321
IRL,2009,All genders,35-44,15,15.30593,22.144211
IRL,2009,All genders,35-44,17.5,17.467131,23.851601
IRL,2009,All genders,35-44,20,20.614691,24.745029
IRL,2009,All genders,35-44,22.5,21.94619,26.169531
IRL,2009,All genders,35-44,25,24.817209,28.84498
IRL,2009,All genders,35-44,27.5,26.57226,29.54821
IRL,2009,All genders,35-44,30,29.4238,32.23217
IRL,2009,All genders,35-44,32.5,31.82041,34.37431
IRL,2009,All genders,35-44,35,33.909019,35.33004
IRL,2009,All genders,35-44,37.5,36.77993,36.131161
IRL,2009,All genders,35-44,40,38.326908,38.235001
IRL,2009,All genders,35-44,42.5,40.935169,40.672588
IRL,2009,All genders,35-44,45,43.303589,42.320808
IRL,2009,All genders,35-44,47.5,45.647869,44.714291
IRL,2009,All genders,35-44,50,47.922379,45.383461
IRL,2009,All genders,35-44,52.5,50.41468,49.380081
IRL,2009,All genders,35-44,55,53.14053,50.96788
IRL,2009,All genders,35-44,57.5,55.62524,52.864059
IRL,2009,All genders,35-44,60,57.844059,55.278709
IRL,2009,All genders,35-44,62.5,59.72847,57.57674
IRL,2009,All genders,35-44,65,62.421612,60.1833
IRL,2009,All genders,35-44,67.5,65.024887,62.30851
IRL,2009,All genders,35-44,70,67.524094,64.096237
IRL,2009,All genders,35-44,72.5,70.056381,65.753227
IRL,2009,All genders,35-44,75,71.780907,68.383263
IRL,2009,All genders,35-44,77.5,74.531273,71.429993
IRL,2009,All genders,35-44,80,77.455353,73.349167
IRL,2009,All genders,35-44,82.5,80.228653,75.830887
IRL,2009,All genders,35-44,85,82.552696,77.650307
IRL,2009,All genders,35-44,87.5,84.875397,81.289268
IRL,2009,All genders,35-44,90,87.723503,82.134781
IRL,2009,All genders,35-44,92.5,89.738052,84.274841
IRL,2009,All genders,35-44,95,92.764816,86.35508
IRL,2009,All genders,35-44,97.5,94.784233,88.371552
IRL,2009,All genders,35-44,99,97.602669,90.620064
IRL,2009,All genders,35-44,99.90000000000001,99.127007,92.041
IRL,2009,All genders,35-44,100,99.904243,96.987778
IRL,2009,All genders,45-55,2.5,4.7450781,16.901331
IRL,2009,All genders,45-55,5,7.106513,16.15407
IRL,2009,All genders,45-55,7.5,9.6088171,16.291059
IRL,2009,All genders,45-55,10,10.87944,19.1754
IRL,2009,All genders,45-55,12.5,13.0777,19.61203
IRL,2009,All genders,45-55,15,15.21603,21.022739
IRL,2009,All genders,45-55,17.5,17.30682,22.040001
IRL,2009,All genders,45-55,20,19.38365,24.519239
IRL,2009,All genders,45-55,22.5,22.32268,24.370729
IRL,2009,All genders,45-55,25,24.5359,28.254589
IRL,2009,All genders,45-55,27.5,27.03694,29.739031
IRL,2009,All genders,45-55,30,29.029249,30.74328
IRL,2009,All genders,45-55,32.5,31.104349,32.44318
IRL,2009,All genders,45-55,35,33.73658,34.757229
IRL,2009,All genders,45-55,37.5,35.97929,37.84108
IRL,2009,All genders,45-55,40,38.933399,39.638809
IRL,2009,All genders,45-55,42.5,40.99184,39.918671
IRL,2009,All genders,45-55,45,43.609718,42.874611
IRL,2009,All genders,45-55,47.5,46.181431,45.276348
IRL,2009,All genders,45-55,50,48.3288,46.004299
IRL,2009,All genders,45-55,52.5,50.5741,49.393608
IRL,2009,All genders,45-55,55,53.834702,50.807812
IRL,2009,All genders,45-55,57.5,55.56776,52.61483
IRL,2009,All genders,45-55,60,58.27438,55.16135
IRL,2009,All genders,45-55,62.5,60.03447,57.645908
IRL,2009,All genders,45-55,65,62.271702,60.40683
IRL,2009,All genders,45-55,67.5,64.851624,62.12566
IRL,2009,All genders,45-55,70,67.652931,64.171303
IRL,2009,All genders,45-55,72.5,70.241692,67.264008
IRL,2009,All genders,45-55,75,72.233063,69.713348
IRL,2009,All genders,45-55,77.5,75.03846,71.366722
IRL,2009,All genders,45-55,80,77.735474,73.664139
IRL,2009,All genders,45-55,82.5,80.139214,77.462639
IRL,2009,All genders,45-55,85,82.938347,78.641579
IRL,2009,All genders,45-55,87.5,85.271744,80.856781
IRL,2009,All genders,45-55,90,88.047272,83.462097
IRL,2009,All genders,45-55,92.5,90.490028,86.036873
IRL,2009,All genders,45-55,95,92.998367,88.551117
IRL,2009,All genders,45-55,97.5,95.507103,90.489113
IRL,2009,All genders,45-55,99,97.520447,92.957642
IRL,2009,All genders,45-55,99.90000000000001,99.176857,94.294167
IRL,2009,All genders,45-55,100,99.914818,99.829048
IRL,2009,Female,25-34,2.5,5.9216309,21.54443
IRL,2009,Female,25-34,5,8.5977325,20.4632
IRL,2009,Female,25-34,7.5,10.91837,23.26041
IRL,2009,Female,25-34,10,12.47585,24.30254
IRL,2009,Female,25-34,12.5,14.99578,22.94586
IRL,2009,Female,25-34,15,16.38628,25.821779
IRL,2009,Female,25-34,17.5,18.833639,26.95212
IRL,2009,Female,25-34,20,20.00458,29.309839
IRL,2009,Female,25-34,22.5,22.7068,31.37376
IRL,2009,Female,25-34,25,24.030251,30.974369
IRL,2009,Female,25-34,27.5,27.604601,32.761421
IRL,2009,Female,25-34,30,29.26469,34.981659
IRL,2009,Female,25-34,32.5,31.934771,36.206089
IRL,2009,Female,25-34,35,34.168041,36.092041
IRL,2009,Female,25-34,37.5,35.37529,39.442001
IRL,2009,Female,25-34,40,38.616951,39.2551
IRL,2009,Female,25-34,42.5,41.435909,42.58387
IRL,2009,Female,25-34,45,43.966518,42.020351
IRL,2009,Female,25-34,47.5,45.757511,45.078259
IRL,2009,Female,25-34,50,48.314892,47.695339
IRL,2009,Female,25-34,52.5,49.688541,49.033119
IRL,2009,Female,25-34,55,52.915951,49.788738
IRL,2009,Female,25-34,57.5,55.832211,51.551189
IRL,2009,Female,25-34,60,57.400372,53.15855
IRL,2009,Female,25-34,62.5,59.042091,55.730461
IRL,2009,Female,25-34,65,61.822479,57.790981
IRL,2009,Female,25-34,67.5,64.77066,59.100719
IRL,2009,Female,25-34,70,67.634941,61.57935
IRL,2009,Female,25-34,72.5,68.79583,63.355011
IRL,2009,Female,25-34,75,71.470848,66.393356
IRL,2009,Female,25-34,77.5,74.682404,68.807358
IRL,2009,Female,25-34,80,77.05912,70.913803
IRL,2009,Female,25-34,82.5,80.006653,71.510323
IRL,2009,Female,25-34,85,82.440964,74.595337
IRL,2009,Female,25-34,87.5,83.800056,76.716721
IRL,2009,Female,25-34,90,87.235893,78.970787
IRL,2009,Female,25-34,92.5,89.868347,81.278488
IRL,2009,Female,25-34,95,92.114517,82.288719
IRL,2009,Female,25-34,97.5,94.709503,85.385269
IRL,2009,Female,25-34,99,97.175789,88.676979
IRL,2009,Female,25-34,99.90000000000001,98.925629,90.480042
IRL,2009,Female,25-34,100,99.880333,97.212044
IRL,2009,Female,25-55,2.5,5.4902272,19.657869
IRL,2009,Female,25-55,5,7.7354441,18.83539
IRL,2009,Female,25-55,7.5,10.12263,20.611349
IRL,2009,Female,25-55,10,12.08356,21.841881
IRL,2009,Female,25-55,12.5,14.10879,21.699039
IRL,2009,Female,25-55,15,15.65586,23.36656
IRL,2009,Female,25-55,17.5,18.060551,24.608509
IRL,2009,Female,25-55,20,20.07099,26.70269
IRL,2009,Female,25-55,22.5,22.16367,27.7523
IRL,2009,Female,25-55,25,24.248421,30.110399
IRL,2009,Female,25-55,27.5,26.72834,31.263229
IRL,2009,Female,25-55,30,29.151569,33.11005
IRL,2009,Female,25-55,32.5,31.539709,34.73341
IRL,2009,Female,25-55,35,34.05109,35.523109
IRL,2009,Female,25-55,37.5,35.872849,37.676891
IRL,2009,Female,25-55,40,38.629311,38.869541
IRL,2009,Female,25-55,42.5,41.070789,40.876709
IRL,2009,Female,25-55,45,43.646549,42.610451
IRL,2009,Female,25-55,47.5,45.7864,44.48513
IRL,2009,Female,25-55,50,48.106499,46.66721
IRL,2009,Female,25-55,52.5,49.961632,49.630821
IRL,2009,Female,25-55,55,53.195339,50.673489
IRL,2009,Female,25-55,57.5,55.79213,52.257969
IRL,2009,Female,25-55,60,57.750721,54.19397
IRL,2009,Female,25-55,62.5,59.649761,57.092731
IRL,2009,Female,25-55,65,62.458561,59.109661
IRL,2009,Female,25-55,67.5,65.054848,61.04649
IRL,2009,Female,25-55,70,67.691093,63.138222
IRL,2009,Female,25-55,72.5,69.833282,64.802132
IRL,2009,Female,25-55,75,71.975868,67.550194
IRL,2009,Female,25-55,77.5,74.823914,70.014374
IRL,2009,Female,25-55,80,77.39225,72.393547
IRL,2009,Female,25-55,82.5,80.133347,74.280342
IRL,2009,Female,25-55,85,82.66114,76.612602
IRL,2009,Female,25-55,87.5,84.597321,79.300392
IRL,2009,Female,25-55,90,87.61718,80.895523
IRL,2009,Female,25-55,92.5,90.146149,83.608093
IRL,2009,Female,25-55,95,92.590233,84.767998
IRL,2009,Female,25-55,97.5,95.035347,87.345848
IRL,2009,Female,25-55,99,97.323372,90.045486
IRL,2009,Female,25-55,99.90000000000001,99.06723,92.387413
IRL,2009,Female,25-55,100,99.89724,96.643944
IRL,2009,Female,35-44,2.5,5.5077958,18.039829
IRL,2009,Female,35-44,5,7.2226639,17.59313
IRL,2009,Female,35-44,7.5,9.7078609,19.67473
IRL,2009,Female,35-44,10,12.5595,20.159361
IRL,2009,Female,35-44,12.5,13.91187,21.199181
IRL,2009,Female,35-44,15,15.45727,21.215059
IRL,2009,Female,35-44,17.5,17.627701,23.390751
IRL,2009,Female,35-44,20,20.582729,24.630131
IRL,2009,Female,35-44,22.5,21.447081,26.035431
IRL,2009,Female,35-44,25,24.407511,29.77326
IRL,2009,Female,35-44,27.5,25.451481,30.27351
IRL,2009,Female,35-44,30,29.595949,32.808109
IRL,2009,Female,35-44,32.5,31.757299,34.699951
IRL,2009,Female,35-44,35,34.06871,35.447109
IRL,2009,Female,35-44,37.5,36.732319,35.583729
IRL,2009,Female,35-44,40,38.537251,37.909672
IRL,2009,Female,35-44,42.5,40.37759,40.440311
IRL,2009,Female,35-44,45,43.250641,42.341461
IRL,2009,Female,35-44,47.5,45.509171,44.414089
IRL,2009,Female,35-44,50,47.733559,45.789391
IRL,2009,Female,35-44,52.5,49.902351,50.287231
IRL,2009,Female,35-44,55,53.481979,51.42458
IRL,2009,Female,35-44,57.5,55.867001,53.142159
IRL,2009,Female,35-44,60,58.10944,54.756409
IRL,2009,Female,35-44,62.5,60.179111,57.854809
IRL,2009,Female,35-44,65,62.86853,60.654869
IRL,2009,Female,35-44,67.5,65.229607,62.61924
IRL,2009,Female,35-44,70,67.418449,63.715401
IRL,2009,Female,35-44,72.5,70.616402,65.7118
IRL,2009,Female,35-44,75,72.284737,68.035278
IRL,2009,Female,35-44,77.5,74.842979,71.430344
IRL,2009,Female,35-44,80,77.625908,73.374733
IRL,2009,Female,35-44,82.5,80.034416,76.014801
IRL,2009,Female,35-44,85,82.494598,77.796623
IRL,2009,Female,35-44,87.5,84.88752,81.01165
IRL,2009,Female,35-44,90,87.48526,81.626747
IRL,2009,Female,35-44,92.5,89.971901,84.796669
IRL,2009,Female,35-44,95,92.921631,85.679832
IRL,2009,Female,35-44,97.5,94.904823,88.178551
IRL,2009,Female,35-44,99,97.475777,90.05014
IRL,2009,Female,35-44,99.90000000000001,99.19693,93.434464
IRL,2009,Female,35-44,100,99.915237,94.571671
IRL,2009,Female,45-55,2.5,4.7761741,18.68404
IRL,2009,Female,45-55,5,7.0380702,17.697729
IRL,2009,Female,45-55,7.5,9.4028177,16.6269
IRL,2009,Female,45-55,10,10.83039,19.726379
IRL,2009,Female,45-55,12.5,12.95478,19.92243
IRL,2009,Female,45-55,15,14.75341,22.21504
IRL,2009,Female,45-55,17.5,17.40309,21.82102
IRL,2009,Female,45-55,20,19.49889,25.05735
IRL,2009,Female,45-55,22.5,22.24354,23.14143
IRL,2009,Female,45-55,25,24.38455,28.865629
IRL,2009,Female,45-55,27.5,27.017509,29.91083
IRL,2009,Female,45-55,30,28.384411,29.583281
IRL,2009,Female,45-55,32.5,30.619869,31.54093
IRL,2009,Female,45-55,35,33.841431,34.40028
IRL,2009,Female,45-55,37.5,35.528419,37.956059
IRL,2009,Female,45-55,40,38.77108,39.91637
IRL,2009,Female,45-55,42.5,41.40712,37.963772
IRL,2009,Female,45-55,45,43.658569,44.456711
IRL,2009,Female,45-55,47.5,46.199829,43.322529
IRL,2009,Female,45-55,50,48.266998,46.12516
IRL,2009,Female,45-55,52.5,50.477299,49.652981
IRL,2009,Female,45-55,55,53.262138,51.133888
IRL,2009,Female,45-55,57.5,55.62999,52.063061
IRL,2009,Female,45-55,60,57.833752,55.364151
IRL,2009,Female,45-55,62.5,59.918999,58.594761
IRL,2009,Female,45-55,65,62.92926,58.943249
IRL,2009,Female,45-55,67.5,65.276833,62.238392
IRL,2009,Female,45-55,70,68.141678,65.451973
IRL,2009,Female,45-55,72.5,70.446022,66.190033
IRL,2009,Female,45-55,75,72.373878,69.14624
IRL,2009,Female,45-55,77.5,75.02462,69.880409
IRL,2009,Female,45-55,80,77.616127,73.727676
IRL,2009,Female,45-55,82.5,80.465691,76.954826
IRL,2009,Female,45-55,85,83.231506,78.722847
IRL,2009,Female,45-55,87.5,85.488159,81.650833
IRL,2009,Female,45-55,90,88.399742,83.692307
IRL,2009,Female,45-55,92.5,90.817902,86.414948
IRL,2009,Female,45-55,95,92.910156,88.4179
IRL,2009,Female,45-55,97.5,95.734192,90.085228
IRL,2009,Female,45-55,99,97.357292,93.040138
IRL,2009,Female,45-55,99.90000000000001,99.121674,94.520569
IRL,2009,Female,45-55,100,99.898643,99.855629
IRL,2009,Male,25-34,2.5,6.0974522,24.286051
IRL,2009,Male,25-34,5,9.6071701,23.82655
IRL,2009,Male,25-34,7.5,12.33802,25.492491
IRL,2009,Male,25-34,10,13.75693,26.498369
IRL,2009,Male,25-34,12.5,16.71521,27.622391
IRL,2009,Male,25-34,15,18.3505,29.095209
IRL,2009,Male,25-34,17.5,19.26874,31.27454
IRL,2009,Male,25-34,20,21.14901,31.64341
IRL,2009,Male,25-34,22.5,23.59539,30.77541
IRL,2009,Male,25-34,25,25.86326,31.942539
IRL,2009,Male,25-34,27.5,27.772381,32.821751
IRL,2009,Male,25-34,30,29.641001,35.21167
IRL,2009,Male,25-34,32.5,32.62986,36.696178
IRL,2009,Male,25-34,35,33.920849,36.702629
IRL,2009,Male,25-34,37.5,36.303539,39.897259
IRL,2009,Male,25-34,40,38.53241,38.947102
IRL,2009,Male,25-34,42.5,41.025749,41.709438
IRL,2009,Male,25-34,45,44.357239,42.576809
IRL,2009,Male,25-34,47.5,46.569038,43.821232
IRL,2009,Male,25-34,50,47.931919,45.549
IRL,2009,Male,25-34,52.5,49.84713,48.642429
IRL,2009,Male,25-34,55,51.359699,49.077068
IRL,2009,Male,25-34,57.5,54.314152,51.196281
IRL,2009,Male,25-34,60,57.206379,52.494621
IRL,2009,Male,25-34,62.5,59.28978,53.99651
IRL,2009,Male,25-34,65,60.985489,56.129761
IRL,2009,Male,25-34,67.5,64.402267,58.86203
IRL,2009,Male,25-34,70,66.198486,60.421429
IRL,2009,Male,25-34,72.5,68.428787,61.598011
IRL,2009,Male,25-34,75,70.80365,63.985001
IRL,2009,Male,25-34,77.5,73.073212,65.187424
IRL,2009,Male,25-34,80,76.456619,67.08329
IRL,2009,Male,25-34,82.5,78.490677,69.494652
IRL,2009,Male,25-34,85,80.913383,74.273071
IRL,2009,Male,25-34,87.5,83.420067,74.32048
IRL,2009,Male,25-34,90,86.24575,78.443459
IRL,2009,Male,25-34,92.5,88.955116,80.418037
IRL,2009,Male,25-34,95,92.198402,83.243607
IRL,2009,Male,25-34,97.5,94.68161,86.006981
IRL,2009,Male,25-34,99,97.142342,89.446663
IRL,2009,Male,25-34,99.90000000000001,98.772614,90.493973
IRL,2009,Male,25-34,100,99.390419,81.13166
IRL,2009,Male,25-55,2.5,5.41994,19.80431
IRL,2009,Male,25-55,5,8.579998,19.6621
IRL,2009,Male,25-55,7.5,10.98506,21.30802
IRL,2009,Male,25-55,10,12.62792,23.393169
IRL,2009,Male,25-55,12.5,14.78366,23.607759
IRL,2009,Male,25-55,15,16.570431,24.958981
IRL,2009,Male,25-55,17.5,18.08057,26.85607
IRL,2009,Male,25-55,20,20.517349,27.515881
IRL,2009,Male,25-55,22.5,22.872681,28.05707
IRL,2009,Male,25-55,25,25.333099,29.55534
IRL,2009,Male,25-55,27.5,27.520809,30.636049
IRL,2009,Male,25-55,30,29.514481,33.210999
IRL,2009,Male,25-55,32.5,32.107399,35.050049
IRL,2009,Male,25-55,35,33.797932,35.826691
IRL,2009,Male,25-55,37.5,36.51675,38.188381
IRL,2009,Male,25-55,40,38.528069,38.849171
IRL,2009,Male,25-55,42.5,41.061089,41.43391
IRL,2009,Male,25-55,45,43.80545,42.214062
IRL,2009,Male,25-55,47.5,46.186001,44.9338
IRL,2009,Male,25-55,50,48.097172,45.383381
IRL,2009,Male,25-55,52.5,50.40757,48.68071
IRL,2009,Male,25-55,55,52.617741,49.918491
IRL,2009,Male,25-55,57.5,54.994221,52.123798
IRL,2009,Male,25-55,60,57.712551,54.259781
IRL,2009,Male,25-55,62.5,59.512131,55.813881
IRL,2009,Male,25-55,65,61.51466,58.636742
IRL,2009,Male,25-55,67.5,64.56926,60.696018
IRL,2009,Male,25-55,70,66.939484,62.47591
IRL,2009,Male,25-55,72.5,69.224487,64.511932
IRL,2009,Male,25-55,75,71.307091,67.031227
IRL,2009,Male,25-55,77.5,73.973167,69.109543
IRL,2009,Male,25-55,80,77.095161,70.776176
IRL,2009,Male,25-55,82.5,79.49192,73.506958
IRL,2009,Male,25-55,85,81.935913,76.341217
IRL,2009,Male,25-55,87.5,84.330048,78.261711
IRL,2009,Male,25-55,90,87.198898,80.989517
IRL,2009,Male,25-55,92.5,89.454483,82.705063
IRL,2009,Male,25-55,95,92.565308,85.734398
IRL,2009,Male,25-55,97.5,94.824432,87.90184
IRL,2009,Male,25-55,99,97.475853,90.749527
IRL,2009,Male,25-55,99.90000000000001,98.98777,91.217659
IRL,2009,Male,25-55,100,99.710548,92.204987
IRL,2009,Male,35-44,2.5,5.1280851,17.310381
IRL,2009,Male,35-44,5,8.3677197,17.63938
IRL,2009,Male,35-44,7.5,10.25637,19.37323
IRL,2009,Male,35-44,10,12.50045,22.294991
IRL,2009,Male,35-44,12.5,13.68001,21.38542
IRL,2009,Male,35-44,15,15.17417,23.01519
IRL,2009,Male,35-44,17.5,17.3277,24.284321
IRL,2009,Male,35-44,20,20.642521,24.85273
IRL,2009,Male,35-44,22.5,22.378281,26.295231
IRL,2009,Male,35-44,25,25.17347,27.97179
IRL,2009,Male,35-44,27.5,27.55097,28.870831
IRL,2009,Male,35-44,30,29.274321,31.692289
IRL,2009,Male,35-44,32.5,31.875191,34.069141
IRL,2009,Male,35-44,35,33.770119,35.220119
IRL,2009,Male,35-44,37.5,36.82127,36.646271
IRL,2009,Male,35-44,40,38.144039,38.538219
IRL,2009,Male,35-44,42.5,41.42012,40.89072
IRL,2009,Male,35-44,45,43.349491,42.30143
IRL,2009,Male,35-44,47.5,45.76865,44.99461
IRL,2009,Male,35-44,50,48.086079,45.0009
IRL,2009,Male,35-44,52.5,50.86153,48.52993
IRL,2009,Male,35-44,55,52.843201,50.542171
IRL,2009,Male,35-44,57.5,55.415691,52.602421
IRL,2009,Male,35-44,60,57.613251,55.768299
IRL,2009,Male,35-44,62.5,59.33606,57.31707
IRL,2009,Male,35-44,65,62.034149,59.739609
IRL,2009,Male,35-44,67.5,64.846832,62.016739
IRL,2009,Male,35-44,70,67.615784,64.453827
IRL,2009,Male,35-44,72.5,69.570084,65.791977
IRL,2009,Male,35-44,75,71.342873,68.710083
IRL,2009,Male,35-44,77.5,74.25901,71.429642
IRL,2009,Male,35-44,80,77.30748,73.325363
IRL,2009,Male,35-44,82.5,80.39753,75.657562
IRL,2009,Male,35-44,85,82.603149,77.513168
IRL,2009,Male,35-44,87.5,84.864868,81.549454
IRL,2009,Male,35-44,90,87.930092,82.611969
IRL,2009,Male,35-44,92.5,89.53437,83.785812
IRL,2009,Male,35-44,95,92.62867,86.986847
IRL,2009,Male,35-44,97.5,94.679764,88.552567
IRL,2009,Male,35-44,99,97.713463,91.15255
IRL,2009,Male,35-44,99.90000000000001,99.06665,90.724167
IRL,2009,Male,35-44,100,99.894508,99.231323
IRL,2009,Male,45-55,2.5,4.7146382,14.96263
IRL,2009,Male,45-55,5,7.173667,14.48283
IRL,2009,Male,45-55,7.5,9.8100863,15.92619
IRL,2009,Male,45-55,10,10.92736,18.578699
IRL,2009,Male,45-55,12.5,13.19778,19.277361
IRL,2009,Male,45-55,15,15.66996,19.73271
IRL,2009,Male,45-55,17.5,17.212761,22.276251
IRL,2009,Male,45-55,20,19.271049,23.932421
IRL,2009,Male,45-55,22.5,22.40016,25.70162
IRL,2009,Male,45-55,25,24.68441,27.59054
IRL,2009,Male,45-55,27.5,27.055929,29.554569
IRL,2009,Male,45-55,30,29.66062,32.003521
IRL,2009,Male,45-55,32.5,31.576691,33.423721
IRL,2009,Male,45-55,35,33.633499,35.142319
IRL,2009,Male,45-55,37.5,36.419811,37.717171
IRL,2009,Male,45-55,40,39.09166,39.33717
IRL,2009,Male,45-55,42.5,40.58609,42.03513
IRL,2009,Male,45-55,45,43.561588,41.15522
IRL,2009,Male,45-55,47.5,46.163448,47.399029
IRL,2009,Male,45-55,50,48.389431,45.873409
IRL,2009,Male,45-55,52.5,50.668289,49.115101
IRL,2009,Male,45-55,55,54.395279,50.454891
IRL,2009,Male,45-55,57.5,55.50658,53.214481
IRL,2009,Male,45-55,60,58.704922,54.940109
IRL,2009,Male,45-55,62.5,60.147049,56.614719
IRL,2009,Male,45-55,65,61.626511,61.97794
IRL,2009,Male,45-55,67.5,64.43441,62.004051
IRL,2009,Male,45-55,70,67.176422,62.779499
IRL,2009,Male,45-55,72.5,70.041634,68.426376
IRL,2009,Male,45-55,75,72.095177,70.327141
IRL,2009,Male,45-55,77.5,75.051949,72.975357
IRL,2009,Male,45-55,80,77.852051,73.595352
IRL,2009,Male,45-55,82.5,79.818878,78.01432
IRL,2009,Male,45-55,85,82.652496,78.553581
IRL,2009,Male,45-55,87.5,85.05941,79.993828
IRL,2009,Male,45-55,90,87.701462,83.214973
IRL,2009,Male,45-55,92.5,90.170319,85.625847
IRL,2009,Male,45-55,95,93.084557,88.695847
IRL,2009,Male,45-55,97.5,95.284363,90.927223
IRL,2009,Male,45-55,99,97.680206,92.867798
IRL,2009,Male,45-55,99.90000000000001,99.230469,94.049767
IRL,2009,Male,45-55,100,99.931686,99.802467
IRL,2010,All genders,25-34,2.5,7.8406,23.360399
IRL,2010,All genders,25-34,5,10.58029,24.004499
IRL,2010,All genders,25-34,7.5,12.07818,23.72665
IRL,2010,All genders,25-34,10,14.14696,25.784679
IRL,2010,All genders,25-34,12.5,15.40804,25.92317
IRL,2010,All genders,25-34,15,16.161039,28.304489
IRL,2010,All genders,25-34,17.5,17.914909,28.41267
IRL,2010,All genders,25-34,20,20.036699,30.24538
IRL,2010,All genders,25-34,22.5,21.82506,31.01613
IRL,2010,All genders,25-34,25,24.517321,32.556499
IRL,2010,All genders,25-34,27.5,26.56509,33.732029
IRL,2010,All genders,25-34,30,28.86265,33.030258
IRL,2010,All genders,25-34,32.5,31.68749,35.510391
IRL,2010,All genders,25-34,35,33.355968,37.08403
IRL,2010,All genders,25-34,37.5,36.118111,37.229221
IRL,2010,All genders,25-34,40,38.48999,39.811642
IRL,2010,All genders,25-34,42.5,40.83408,39.944099
IRL,2010,All genders,25-34,45,42.716511,42.342171
IRL,2010,All genders,25-34,47.5,46.14061,43.84211
IRL,2010,All genders,25-34,50,47.872711,45.883331
IRL,2010,All genders,25-34,52.5,50.012642,47.629711
IRL,2010,All genders,25-34,55,52.573601,48.651531
IRL,2010,All genders,25-34,57.5,55.388309,50.840118
IRL,2010,All genders,25-34,60,57.195831,52.699661
IRL,2010,All genders,25-34,62.5,59.32658,54.866459
IRL,2010,All genders,25-34,65,62.17144,55.354012
IRL,2010,All genders,25-34,67.5,64.514183,59.282452
IRL,2010,All genders,25-34,70,66.850014,60.577221
IRL,2010,All genders,25-34,72.5,69.830887,62.65332
IRL,2010,All genders,25-34,75,72.080643,65.538559
IRL,2010,All genders,25-34,77.5,73.703461,69.339638
IRL,2010,All genders,25-34,80,77.634819,69.014763
IRL,2010,All genders,25-34,82.5,79.15686,71.783539
IRL,2010,All genders,25-34,85,81.718483,74.547997
IRL,2010,All genders,25-34,87.5,84.057793,76.717941
IRL,2010,All genders,25-34,90,86.81974,78.316177
IRL,2010,All genders,25-34,92.5,89.822868,81.189194
IRL,2010,All genders,25-34,95,92.256027,84.07682
IRL,2010,All genders,25-34,97.5,94.583847,85.171051
IRL,2010,All genders,25-34,99,97.092133,90.047813
IRL,2010,All genders,25-34,99.90000000000001,98.681923,91.57811
IRL,2010,All genders,25-34,100,98.129822,92.940712
IRL,2010,All genders,25-55,2.5,6.6017532,19.71624
IRL,2010,All genders,25-55,5,9.1621227,20.146521
IRL,2010,All genders,25-55,7.5,10.74772,19.74552
IRL,2010,All genders,25-55,10,12.53824,21.83791
IRL,2010,All genders,25-55,12.5,13.83803,22.539579
IRL,2010,All genders,25-55,15,15.60027,24.410419
IRL,2010,All genders,25-55,17.5,17.37052,25.4944
IRL,2010,All genders,25-55,20,19.52902,26.779221
IRL,2010,All genders,25-55,22.5,21.87215,28.098459
IRL,2010,All genders,25-55,25,24.34656,29.01206
IRL,2010,All genders,25-55,27.5,26.671579,31.19595
IRL,2010,All genders,25-55,30,28.969021,31.96525
IRL,2010,All genders,25-55,32.5,31.58287,34.075871
IRL,2010,All genders,25-55,35,33.468399,35.45171
IRL,2010,All genders,25-55,37.5,36.030899,37.316391
IRL,2010,All genders,25-55,40,38.615349,39.009991
IRL,2010,All genders,25-55,42.5,40.84584,39.595821
IRL,2010,All genders,25-55,45,43.017502,42.186569
IRL,2010,All genders,25-55,47.5,45.825939,44.233131
IRL,2010,All genders,25-55,50,47.926529,46.52306
IRL,2010,All genders,25-55,52.5,50.39677,48.0117
IRL,2010,All genders,25-55,55,52.865871,49.97945
IRL,2010,All genders,25-55,57.5,55.237728,52.190781
IRL,2010,All genders,25-55,60,57.683208,54.99931
IRL,2010,All genders,25-55,62.5,60.20591,56.65477
IRL,2010,All genders,25-55,65,62.692478,58.228008
IRL,2010,All genders,25-55,67.5,65.086823,61.16341
IRL,2010,All genders,25-55,70,67.531143,63.359451
IRL,2010,All genders,25-55,72.5,70.030472,65.179008
IRL,2010,All genders,25-55,75,72.560402,67.849579
IRL,2010,All genders,25-55,77.5,74.643082,70.662781
IRL,2010,All genders,25-55,80,77.600471,71.903137
IRL,2010,All genders,25-55,82.5,79.651863,74.386177
IRL,2010,All genders,25-55,85,82.342392,77.434853
IRL,2010,All genders,25-55,87.5,84.848808,79.068764
IRL,2010,All genders,25-55,90,87.344254,81.185013
IRL,2010,All genders,25-55,92.5,89.993141,83.208946
IRL,2010,All genders,25-55,95,92.520592,85.66185
IRL,2010,All genders,25-55,97.5,94.936249,88.124321
IRL,2010,All genders,25-55,99,97.388008,91.409683
IRL,2010,All genders,25-55,99.90000000000001,98.95269,93.526962
IRL,2010,All genders,25-55,100,99.242447,94.653893
IRL,2010,All genders,35-44,2.5,6.1940179,17.14315
IRL,2010,All genders,35-44,5,8.5220118,18.118349
IRL,2010,All genders,35-44,7.5,10.12946,17.6292
IRL,2010,All genders,35-44,10,11.87307,20.0425
IRL,2010,All genders,35-44,12.5,12.95396,20.978979
IRL,2010,All genders,35-44,15,15.40472,22.17556
IRL,2010,All genders,35-44,17.5,17.096359,23.476761
IRL,2010,All genders,35-44,20,19.39525,24.70624
IRL,2010,All genders,35-44,22.5,22.064619,26.62602
IRL,2010,All genders,35-44,25,24.278111,27.123899
IRL,2010,All genders,35-44,27.5,26.73296,29.49851
IRL,2010,All genders,35-44,30,29.19487,31.407881
IRL,2010,All genders,35-44,32.5,31.59388,33.016289
IRL,2010,All genders,35-44,35,33.60854,34.220791
IRL,2010,All genders,35-44,37.5,35.935211,37.068001
IRL,2010,All genders,35-44,40,38.590302,38.808392
IRL,2010,All genders,35-44,42.5,40.822521,39.354469
IRL,2010,All genders,35-44,45,43.397171,41.992779
IRL,2010,All genders,35-44,47.5,45.32378,44.740871
IRL,2010,All genders,35-44,50,47.960361,46.791698
IRL,2010,All genders,35-44,52.5,50.753719,48.064529
IRL,2010,All genders,35-44,55,52.9939,50.465591
IRL,2010,All genders,35-44,57.5,55.015789,53.303661
IRL,2010,All genders,35-44,60,58.09906,56.47929
IRL,2010,All genders,35-44,62.5,60.702332,57.882439
IRL,2010,All genders,35-44,65,62.864491,59.764851
IRL,2010,All genders,35-44,67.5,65.344414,62.59325
IRL,2010,All genders,35-44,70,67.947563,65.751678
IRL,2010,All genders,35-44,72.5,70.1605,66.468857
IRL,2010,All genders,35-44,75,72.746429,69.578438
IRL,2010,All genders,35-44,77.5,74.874763,70.969307
IRL,2010,All genders,35-44,80,77.22924,74.038483
IRL,2010,All genders,35-44,82.5,79.752937,75.720886
IRL,2010,All genders,35-44,85,82.425621,78.839493
IRL,2010,All genders,35-44,87.5,85.323807,79.628197
IRL,2010,All genders,35-44,90,87.57798,83.216454
IRL,2010,All genders,35-44,92.5,90.011414,84.146446
IRL,2010,All genders,35-44,95,92.510857,86.389023
IRL,2010,All genders,35-44,97.5,95.122047,89.915894
IRL,2010,All genders,35-44,99,97.648552,91.421532
IRL,2010,All genders,35-44,99.90000000000001,99.044006,94.741859
IRL,2010,All genders,35-44,100,99.90062,95.743683
IRL,2010,All genders,45-55,2.5,5.276854,17.19751
IRL,2010,All genders,45-55,5,7.8995829,15.99739
IRL,2010,All genders,45-55,7.5,9.5888796,15.5114
IRL,2010,All genders,45-55,10,11.02083,17.01153
IRL,2010,All genders,45-55,12.5,12.68442,18.437559
IRL,2010,All genders,45-55,15,15.0213,20.61025
IRL,2010,All genders,45-55,17.5,16.92646,23.411051
IRL,2010,All genders,45-55,20,18.944839,23.58803
IRL,2010,All genders,45-55,22.5,21.674179,24.837021
IRL,2010,All genders,45-55,25,24.18285,25.261209
IRL,2010,All genders,45-55,27.5,26.7484,29.251789
IRL,2010,All genders,45-55,30,28.81411,30.8181
IRL,2010,All genders,45-55,32.5,31.408569,33.191711
IRL,2010,All genders,45-55,35,33.442509,34.50462
IRL,2010,All genders,45-55,37.5,36.0317,38.044411
IRL,2010,All genders,45-55,40,38.840698,37.668621
IRL,2010,All genders,45-55,42.5,40.896351,39.345989
IRL,2010,All genders,45-55,45,42.94183,42.26207
IRL,2010,All genders,45-55,47.5,46.047272,43.997391
IRL,2010,All genders,45-55,50,47.96085,47.357761
IRL,2010,All genders,45-55,52.5,50.481831,48.738838
IRL,2010,All genders,45-55,55,53.132771,51.86158
IRL,2010,All genders,45-55,57.5,55.320259,52.774601
IRL,2010,All genders,45-55,60,57.843319,56.89249
IRL,2010,All genders,45-55,62.5,60.846939,57.953251
IRL,2010,All genders,45-55,65,63.247009,61.25391
IRL,2010,All genders,45-55,67.5,65.597977,62.229252
IRL,2010,All genders,45-55,70,67.985687,64.340446
IRL,2010,All genders,45-55,72.5,70.151176,67.971336
IRL,2010,All genders,45-55,75,73.033531,69.214363
IRL,2010,All genders,45-55,77.5,75.745323,72.932266
IRL,2010,All genders,45-55,80,78.069443,73.66597
IRL,2010,All genders,45-55,82.5,80.26371,77.26033
IRL,2010,All genders,45-55,85,83.174652,80.770241
IRL,2010,All genders,45-55,87.5,85.387123,83.084007
IRL,2010,All genders,45-55,90,87.815536,83.124443
IRL,2010,All genders,45-55,92.5,90.226807,85.642487
IRL,2010,All genders,45-55,95,92.936462,87.598068
IRL,2010,All genders,45-55,97.5,95.216431,90.820641
IRL,2010,All genders,45-55,99,97.471542,94.381172
IRL,2010,All genders,45-55,99.90000000000001,99.23735,95.240211
IRL,2010,All genders,45-55,100,99.932693,95.725594
IRL,2010,Female,25-34,2.5,7.0055699,22.07062
IRL,2010,Female,25-34,5,9.7389755,22.50153
IRL,2010,Female,25-34,7.5,11.54408,22.90872
IRL,2010,Female,25-34,10,12.57436,24.21583
IRL,2010,Female,25-34,12.5,14.89177,24.60087
IRL,2010,Female,25-34,15,15.95042,27.71983
IRL,2010,Female,25-34,17.5,17.44297,26.78578
IRL,2010,Female,25-34,20,20.173559,29.6506
IRL,2010,Female,25-34,22.5,21.48501,29.88781
IRL,2010,Female,25-34,25,24.354731,32.189251
IRL,2010,Female,25-34,27.5,26.43153,31.82806
IRL,2010,Female,25-34,30,29.38353,31.8018
IRL,2010,Female,25-34,32.5,31.456779,35.587051
IRL,2010,Female,25-34,35,33.235931,37.75341
IRL,2010,Female,25-34,37.5,36.492729,37.564949
IRL,2010,Female,25-34,40,37.991051,41.140339
IRL,2010,Female,25-34,42.5,41.01881,38.336128
IRL,2010,Female,25-34,45,43.518101,43.70063
IRL,2010,Female,25-34,47.5,46.025749,44.88007
IRL,2010,Female,25-34,50,47.691608,46.63995
IRL,2010,Female,25-34,52.5,50.210079,48.178669
IRL,2010,Female,25-34,55,52.996799,49.57048
IRL,2010,Female,25-34,57.5,55.460468,51.66626
IRL,2010,Female,25-34,60,57.766701,53.850029
IRL,2010,Female,25-34,62.5,60.18309,55.360481
IRL,2010,Female,25-34,65,62.239811,55.709019
IRL,2010,Female,25-34,67.5,64.951012,60.517361
IRL,2010,Female,25-34,70,66.971443,60.7929
IRL,2010,Female,25-34,72.5,69.735573,63.406101
IRL,2010,Female,25-34,75,72.238564,65.708992
IRL,2010,Female,25-34,77.5,74.101288,70.031471
IRL,2010,Female,25-34,80,77.598267,69.233162
IRL,2010,Female,25-34,82.5,79.887741,72.622643
IRL,2010,Female,25-34,85,82.215363,75.024887
IRL,2010,Female,25-34,87.5,84.148651,78.2957
IRL,2010,Female,25-34,90,87.183601,79.63269
IRL,2010,Female,25-34,92.5,89.948807,80.962463
IRL,2010,Female,25-34,95,92.103996,82.796898
IRL,2010,Female,25-34,97.5,94.386726,85.114677
IRL,2010,Female,25-34,99,97.101471,89.269127
IRL,2010,Female,25-34,99.90000000000001,98.820343,92.261467
IRL,2010,Female,25-34,100,99.549507,92.157066
IRL,2010,Female,25-55,2.5,6.1918402,19.59355
IRL,2010,Female,25-55,5,8.4698858,19.633289
IRL,2010,Female,25-55,7.5,10.12368,19.33794
IRL,2010,Female,25-55,10,11.74839,21.803499
IRL,2010,Female,25-55,12.5,13.79862,22.00148
IRL,2010,Female,25-55,15,15.74045,24.09454
IRL,2010,Female,25-55,17.5,17.633671,24.80521
IRL,2010,Female,25-55,20,19.667629,26.4167
IRL,2010,Female,25-55,22.5,21.337139,28.2789
IRL,2010,Female,25-55,25,24.176121,29.27841
IRL,2010,Female,25-55,27.5,26.498079,30.770491
IRL,2010,Female,25-55,30,29.18495,31.63135
IRL,2010,Female,25-55,32.5,31.62339,34.170052
IRL,2010,Female,25-55,35,33.271629,36.029449
IRL,2010,Female,25-55,37.5,36.111,37.340549
IRL,2010,Female,25-55,40,38.16473,39.644939
IRL,2010,Female,25-55,42.5,40.901371,38.755791
IRL,2010,Female,25-55,45,43.308399,42.515839
IRL,2010,Female,25-55,47.5,45.784451,44.897121
IRL,2010,Female,25-55,50,47.70401,46.681271
IRL,2010,Female,25-55,52.5,50.50227,48.225201
IRL,2010,Female,25-55,55,53.09473,50.609261
IRL,2010,Female,25-55,57.5,55.338131,52.53212
IRL,2010,Female,25-55,60,57.9389,55.57222
IRL,2010,Female,25-55,62.5,60.667542,57.058479
IRL,2010,Female,25-55,65,62.734451,58.315681
IRL,2010,Female,25-55,67.5,65.289047,61.25312
IRL,2010,Female,25-55,70,67.519012,62.725658
IRL,2010,Female,25-55,72.5,70.121353,65.476601
IRL,2010,Female,25-55,75,72.548759,68.311737
IRL,2010,Female,25-55,77.5,74.915497,70.356056
IRL,2010,Female,25-55,80,77.670677,72.005447
IRL,2010,Female,25-55,82.5,80.12397,74.271896
IRL,2010,Female,25-55,85,82.617317,77.693771
IRL,2010,Female,25-55,87.5,84.938797,79.663643
IRL,2010,Female,25-55,90,87.66967,81.554573
IRL,2010,Female,25-55,92.5,90.104858,82.551872
IRL,2010,Female,25-55,95,92.49646,84.997627
IRL,2010,Female,25-55,97.5,94.92347,88.00058
IRL,2010,Female,25-55,99,97.426598,90.710617
IRL,2010,Female,25-55,99.90000000000001,99.072807,94.078339
IRL,2010,Female,25-55,100,99.775414,93.516571
IRL,2010,Female,35-44,2.5,6.1083541,17.60767
IRL,2010,Female,35-44,5,7.8360238,17.895281
IRL,2010,Female,35-44,7.5,9.2571821,17.092819
IRL,2010,Female,35-44,10,11.57857,21.244539
IRL,2010,Female,35-44,12.5,13.23964,20.551319
IRL,2010,Female,35-44,15,15.59493,22.015409
IRL,2010,Female,35-44,17.5,17.784321,23.567249
IRL,2010,Female,35-44,20,19.52161,24.47769
IRL,2010,Female,35-44,22.5,21.48016,27.90704
IRL,2010,Female,35-44,25,23.862829,27.560961
IRL,2010,Female,35-44,27.5,26.669161,30.44873
IRL,2010,Female,35-44,30,29.318159,31.74848
IRL,2010,Female,35-44,32.5,32.094818,33.01965
IRL,2010,Female,35-44,35,33.31892,34.840019
IRL,2010,Female,35-44,37.5,35.684299,37.14402
IRL,2010,Female,35-44,40,38.164989,39.132832
IRL,2010,Female,35-44,42.5,40.862839,39.52684
IRL,2010,Female,35-44,45,43.158501,41.37328
IRL,2010,Female,35-44,47.5,45.329342,45.55154
IRL,2010,Female,35-44,50,47.787102,47.399979
IRL,2010,Female,35-44,52.5,50.955212,48.57428
IRL,2010,Female,35-44,55,53.187889,50.647449
IRL,2010,Female,35-44,57.5,55.201851,53.702831
IRL,2010,Female,35-44,60,58.432758,56.923981
IRL,2010,Female,35-44,62.5,61.079689,58.53331
IRL,2010,Female,35-44,65,62.884209,59.508121
IRL,2010,Female,35-44,67.5,65.314133,61.98568
IRL,2010,Female,35-44,70,67.662903,64.791077
IRL,2010,Female,35-44,72.5,70.512329,66.579674
IRL,2010,Female,35-44,75,72.557457,70.196213
IRL,2010,Female,35-44,77.5,75.159943,70.191772
IRL,2010,Female,35-44,80,77.568382,73.751312
IRL,2010,Female,35-44,82.5,80.169456,74.930946
IRL,2010,Female,35-44,85,82.482491,79.00544
IRL,2010,Female,35-44,87.5,85.371368,79.170013
IRL,2010,Female,35-44,90,87.57843,82.101608
IRL,2010,Female,35-44,92.5,89.953941,82.589828
IRL,2010,Female,35-44,95,92.63131,86.466362
IRL,2010,Female,35-44,97.5,95.200333,89.35923
IRL,2010,Female,35-44,99,97.637016,90.128281
IRL,2010,Female,35-44,99.90000000000001,99.097672,94.269493
IRL,2010,Female,35-44,100,99.908157,95.638252
IRL,2010,Female,45-55,2.5,5.0675631,18.210409
IRL,2010,Female,45-55,5,7.393786,16.932301
IRL,2010,Female,45-55,7.5,9.1235905,16.10169
IRL,2010,Female,45-55,10,10.72463,17.7222
IRL,2010,Female,45-55,12.5,12.88959,19.2794
IRL,2010,Female,45-55,15,15.6157,20.39406
IRL,2010,Female,45-55,17.5,17.72242,23.02586
IRL,2010,Female,45-55,20,19.097839,23.30945
IRL,2010,Female,45-55,22.5,20.92614,25.51005
IRL,2010,Female,45-55,25,24.3202,26.449129
IRL,2010,Female,45-55,27.5,26.37285,29.117901
IRL,2010,Female,45-55,30,28.71163,31.02055
IRL,2010,Female,45-55,32.5,31.253839,33.424801
IRL,2010,Female,45-55,35,33.263081,34.703541
IRL,2010,Female,45-55,37.5,36.09758,37.250408
IRL,2010,Female,45-55,40,38.42564,37.429619
IRL,2010,Female,45-55,42.5,40.775059,38.108841
IRL,2010,Female,45-55,45,43.19104,42.262589
IRL,2010,Female,45-55,47.5,46.01849,43.608109
IRL,2010,Female,45-55,50,47.61348,45.308971
IRL,2010,Female,45-55,52.5,50.344959,47.622551
IRL,2010,Female,45-55,55,53.1203,52.798019
IRL,2010,Female,45-55,57.5,55.334011,52.033611
IRL,2010,Female,45-55,60,57.548611,56.591591
IRL,2010,Female,45-55,62.5,60.852779,57.748291
IRL,2010,Female,45-55,65,63.284988,61.56876
IRL,2010,Female,45-55,67.5,65.764816,61.36515
IRL,2010,Female,45-55,70,68.155632,62.726711
IRL,2010,Female,45-55,72.5,70.185257,67.758163
IRL,2010,Female,45-55,75,73.009857,70.147591
IRL,2010,Female,45-55,77.5,75.813667,71.397171
IRL,2010,Female,45-55,80,77.914581,74.508423
IRL,2010,Female,45-55,82.5,80.420067,76.529671
IRL,2010,Female,45-55,85,83.401108,80.819763
IRL,2010,Female,45-55,87.5,85.558823,83.676468
IRL,2010,Female,45-55,90,88.519958,84.63945
IRL,2010,Female,45-55,92.5,90.540688,85.905457
IRL,2010,Female,45-55,95,92.91011,86.818604
IRL,2010,Female,45-55,97.5,95.373367,91.551193
IRL,2010,Female,45-55,99,97.638977,95.023163
IRL,2010,Female,45-55,99.90000000000001,99.41774,97.593964
IRL,2010,Female,45-55,100,99.929024,91.688362
IRL,2010,Male,25-34,2.5,8.6780195,24.69449
IRL,2010,Male,25-34,5,11.4216,25.553341
IRL,2010,Male,25-34,7.5,12.61303,24.572479
IRL,2010,Male,25-34,10,15.71732,27.40431
IRL,2010,Male,25-34,12.5,15.9243,27.290661
IRL,2010,Male,25-34,15,16.37196,28.91013
IRL,2010,Male,25-34,17.5,18.38685,30.08321
IRL,2010,Male,25-34,20,19.899639,30.86268
IRL,2010,Male,25-34,22.5,22.1651,32.180908
IRL,2010,Male,25-34,25,24.67992,32.936291
IRL,2010,Male,25-34,27.5,26.69883,35.69751
IRL,2010,Male,25-34,30,28.34178,34.305111
IRL,2010,Male,25-34,32.5,31.91819,35.431519
IRL,2010,Male,25-34,35,33.476181,36.39426
IRL,2010,Male,25-34,37.5,35.743481,36.88139
IRL,2010,Male,25-34,40,38.989651,38.439999
IRL,2010,Male,25-34,42.5,40.649601,41.606918
IRL,2010,Male,25-34,45,41.91605,40.934849
IRL,2010,Male,25-34,47.5,46.255798,42.766811
IRL,2010,Male,25-34,50,48.053799,45.105019
IRL,2010,Male,25-34,52.5,49.81493,47.066021
IRL,2010,Male,25-34,55,52.1492,47.6978
IRL,2010,Male,25-34,57.5,55.316261,49.98579
IRL,2010,Male,25-34,60,56.623329,51.507912
IRL,2010,Male,25-34,62.5,58.4725,54.357391
IRL,2010,Male,25-34,65,62.10297,54.986858
IRL,2010,Male,25-34,67.5,64.077347,58.007629
IRL,2010,Male,25-34,70,66.728394,60.355358
IRL,2010,Male,25-34,72.5,69.926086,61.872101
IRL,2010,Male,25-34,75,71.92205,65.362633
IRL,2010,Male,25-34,77.5,73.306763,68.624161
IRL,2010,Male,25-34,80,77.671471,68.788902
IRL,2010,Male,25-34,82.5,78.427017,70.914261
IRL,2010,Male,25-34,85,81.221611,74.057426
IRL,2010,Male,25-34,87.5,83.966797,75.086456
IRL,2010,Male,25-34,90,86.455872,76.95224
IRL,2010,Male,25-34,92.5,89.697113,81.422836
IRL,2010,Male,25-34,95,92.408257,85.400398
IRL,2010,Male,25-34,97.5,94.780952,85.229172
IRL,2010,Male,25-34,99,97.082718,90.854462
IRL,2010,Male,25-34,99.90000000000001,98.544037,90.877907
IRL,2010,Male,25-34,100,96.710136,93.78965
IRL,2010,Male,25-55,2.5,6.9999919,19.83902
IRL,2010,Male,25-55,5,9.8344202,20.660509
IRL,2010,Male,25-55,7.5,11.35349,20.15279
IRL,2010,Male,25-55,10,13.30321,21.87236
IRL,2010,Male,25-55,12.5,13.87632,23.07729
IRL,2010,Male,25-55,15,15.46419,24.727221
IRL,2010,Male,25-55,17.5,17.11537,26.1821
IRL,2010,Male,25-55,20,19.3944,27.1436
IRL,2010,Male,25-55,22.5,22.39093,27.91868
IRL,2010,Male,25-55,25,24.51226,28.744551
IRL,2010,Male,25-55,27.5,26.839899,31.620489
IRL,2010,Male,25-55,30,28.75942,32.299641
IRL,2010,Male,25-55,32.5,31.543539,33.981758
IRL,2010,Male,25-55,35,33.6595,34.873131
IRL,2010,Male,25-55,37.5,35.953049,37.292229
IRL,2010,Male,25-55,40,39.052292,38.374111
IRL,2010,Male,25-55,42.5,40.79195,40.435848
IRL,2010,Male,25-55,45,42.735592,41.85611
IRL,2010,Male,25-55,47.5,45.866219,43.570099
IRL,2010,Male,25-55,50,48.142632,46.364281
IRL,2010,Male,25-55,52.5,50.294319,47.799129
IRL,2010,Male,25-55,55,52.6436,49.349171
IRL,2010,Male,25-55,57.5,55.140381,51.84869
IRL,2010,Male,25-55,60,57.434738,54.425579
IRL,2010,Male,25-55,62.5,59.758789,56.251068
IRL,2010,Male,25-55,65,62.651699,58.1404
IRL,2010,Male,25-55,67.5,64.890427,61.073559
IRL,2010,Male,25-55,70,67.542923,63.99324
IRL,2010,Male,25-55,72.5,69.942299,64.880989
IRL,2010,Male,25-55,75,72.571716,67.387756
IRL,2010,Male,25-55,77.5,74.37851,70.970619
IRL,2010,Male,25-55,80,77.53231,71.80098
IRL,2010,Male,25-55,82.5,79.194107,74.500816
IRL,2010,Male,25-55,85,82.075668,77.176682
IRL,2010,Male,25-55,87.5,84.761353,78.47216
IRL,2010,Male,25-55,90,87.028542,80.815193
IRL,2010,Male,25-55,92.5,89.884941,83.865547
IRL,2010,Male,25-55,95,92.544037,86.325577
IRL,2010,Male,25-55,97.5,94.948647,88.248337
IRL,2010,Male,25-55,99,97.350388,92.107048
IRL,2010,Male,25-55,99.90000000000001,98.836014,92.973373
IRL,2010,Male,25-55,100,98.734001,95.808983
IRL,2010,Male,35-44,2.5,6.2714462,16.70735
IRL,2010,Male,35-44,5,9.1442566,18.328871
IRL,2010,Male,35-44,7.5,10.91848,18.132759
IRL,2010,Male,35-44,10,12.14025,18.91427
IRL,2010,Male,35-44,12.5,12.69555,21.38047
IRL,2010,Male,35-44,15,15.2324,22.326981
IRL,2010,Male,35-44,17.5,16.47315,23.39196
IRL,2010,Male,35-44,20,19.28043,24.92116
IRL,2010,Male,35-44,22.5,22.591669,25.42338
IRL,2010,Male,35-44,25,24.65597,26.71137
IRL,2010,Male,35-44,27.5,26.79084,28.61142
IRL,2010,Male,35-44,30,29.08333,31.08699
IRL,2010,Male,35-44,32.5,31.13875,33.013149
IRL,2010,Male,35-44,35,33.869751,33.635311
IRL,2010,Male,35-44,37.5,36.163521,36.996891
IRL,2010,Male,35-44,40,38.974449,38.503281
IRL,2010,Male,35-44,42.5,40.785931,39.19268
IRL,2010,Male,35-44,45,43.612782,42.57962
IRL,2010,Male,35-44,47.5,45.318741,43.985291
IRL,2010,Male,35-44,50,48.117081,46.2155
IRL,2010,Male,35-44,52.5,50.570648,47.586971
IRL,2010,Male,35-44,55,52.817928,50.295448
IRL,2010,Male,35-44,57.5,54.847462,52.926239
IRL,2010,Male,35-44,60,57.79678,56.062691
IRL,2010,Male,35-44,62.5,60.361,57.269119
IRL,2010,Male,35-44,65,62.846569,60.00494
IRL,2010,Male,35-44,67.5,65.37178,63.166649
IRL,2010,Male,35-44,70,68.205818,66.656662
IRL,2010,Male,35-44,72.5,69.842194,66.364639
IRL,2010,Male,35-44,75,72.918129,69.000557
IRL,2010,Male,35-44,77.5,74.615707,71.703133
IRL,2010,Male,35-44,80,76.923363,74.307564
IRL,2010,Male,35-44,82.5,79.375069,76.46508
IRL,2010,Male,35-44,85,82.374023,78.684563
IRL,2010,Male,35-44,87.5,85.280647,80.061462
IRL,2010,Male,35-44,90,87.577583,84.266739
IRL,2010,Male,35-44,92.5,90.063553,85.602203
IRL,2010,Male,35-44,95,92.401741,86.316406
IRL,2010,Male,35-44,97.5,95.051247,90.441681
IRL,2010,Male,35-44,99,97.659012,92.628319
IRL,2010,Male,35-44,99.90000000000001,98.995407,95.188751
IRL,2010,Male,35-44,100,99.893784,95.845337
IRL,2010,Male,45-55,2.5,5.4912491,16.11433
IRL,2010,Male,45-55,5,8.4164228,14.99813
IRL,2010,Male,45-55,7.5,10.06431,14.8854
IRL,2010,Male,45-55,10,11.3209,16.246201
IRL,2010,Male,45-55,12.5,12.4734,17.544809
IRL,2010,Male,45-55,15,14.41525,20.839531
IRL,2010,Male,45-55,17.5,16.116631,23.824209
IRL,2010,Male,45-55,20,18.789169,23.889351
IRL,2010,Male,45-55,22.5,22.440229,24.13168
IRL,2010,Male,45-55,25,24.0425,23.981541
IRL,2010,Male,45-55,27.5,27.1297,29.394899
IRL,2010,Male,45-55,30,28.91905,30.604309
IRL,2010,Male,45-55,32.5,31.565981,32.941559
IRL,2010,Male,45-55,35,33.627079,34.292919
IRL,2010,Male,45-55,37.5,35.964531,38.892849
IRL,2010,Male,45-55,40,39.263901,37.925129
IRL,2010,Male,45-55,42.5,41.020279,40.66296
IRL,2010,Male,45-55,45,42.68718,42.261509
IRL,2010,Male,45-55,47.5,46.07655,44.413471
IRL,2010,Male,45-55,50,48.317329,49.564789
IRL,2010,Male,45-55,52.5,50.62109,49.9221
IRL,2010,Male,45-55,55,53.145458,50.86068
IRL,2010,Male,45-55,57.5,55.306198,53.560421
IRL,2010,Male,45-55,60,58.144459,57.215321
IRL,2010,Male,45-55,62.5,60.840988,58.17149
IRL,2010,Male,45-55,65,63.20829,60.917469
IRL,2010,Male,45-55,67.5,65.426353,63.14888
IRL,2010,Male,45-55,70,67.812813,66.065247
IRL,2010,Male,45-55,72.5,70.116272,68.197357
IRL,2010,Male,45-55,75,73.057518,68.21312
IRL,2010,Male,45-55,77.5,75.675323,74.579697
IRL,2010,Male,45-55,80,78.228027,72.772568
IRL,2010,Male,45-55,82.5,80.104607,78.041283
IRL,2010,Male,45-55,85,82.944237,80.71714
IRL,2010,Male,45-55,87.5,85.211662,82.453194
IRL,2010,Male,45-55,90,87.092644,81.524246
IRL,2010,Male,45-55,92.5,89.908821,85.359291
IRL,2010,Male,45-55,95,92.963387,88.424683
IRL,2010,Male,45-55,97.5,95.055977,90.038559
IRL,2010,Male,45-55,99,97.29982,93.700684
IRL,2010,Male,45-55,99.90000000000001,99.051483,92.674889
IRL,2010,Male,45-55,100,99.936211,99.76281
IRL,2011,All genders,25-34,2.5,7.0842662,24.75297
IRL,2011,All genders,25-34,5,9.5086145,23.492029
IRL,2011,All genders,25-34,7.5,11.69652,26.090469
IRL,2011,All genders,25-34,10,13.78975,27.54369
IRL,2011,All genders,25-34,12.5,15.83581,28.018721
IRL,2011,All genders,25-34,15,17.263559,28.00495
IRL,2011,All genders,25-34,17.5,19.408871,29.58452
IRL,2011,All genders,25-34,20,20.698009,29.64592
IRL,2011,All genders,25-34,22.5,23.1166,32.186352
IRL,2011,All genders,25-34,25,24.743299,34.096951
IRL,2011,All genders,25-34,27.5,27.174471,33.81987
IRL,2011,All genders,25-34,30,29.31608,34.956589
IRL,2011,All genders,25-34,32.5,31.2157,35.554989
IRL,2011,All genders,25-34,35,33.525951,36.479988
IRL,2011,All genders,25-34,37.5,35.6833,36.856339
IRL,2011,All genders,25-34,40,39.533661,39.887779
IRL,2011,All genders,25-34,42.5,41.131321,39.962742
IRL,2011,All genders,25-34,45,42.90876,41.567749
IRL,2011,All genders,25-34,47.5,45.5494,42.594051
IRL,2011,All genders,25-34,50,47.696079,43.719059
IRL,2011,All genders,25-34,52.5,49.881649,45.961929
IRL,2011,All genders,25-34,55,51.822899,48.80793
IRL,2011,All genders,25-34,57.5,54.64101,49.825329
IRL,2011,All genders,25-34,60,57.390121,51.362461
IRL,2011,All genders,25-34,62.5,60.013359,53.604111
IRL,2011,All genders,25-34,65,61.970181,55.734322
IRL,2011,All genders,25-34,67.5,63.699059,57.214809
IRL,2011,All genders,25-34,70,66.87455,60.814171
IRL,2011,All genders,25-34,72.5,69.162033,62.96981
IRL,2011,All genders,25-34,75,72.166702,66.025513
IRL,2011,All genders,25-34,77.5,74.397141,66.489082
IRL,2011,All genders,25-34,80,76.501907,68.88932
IRL,2011,All genders,25-34,82.5,79.148453,71.621834
IRL,2011,All genders,25-34,85,81.752724,74.645363
IRL,2011,All genders,25-34,87.5,84.193039,77.24379
IRL,2011,All genders,25-34,90,86.317207,79.62738
IRL,2011,All genders,25-34,92.5,89.215477,81.170151
IRL,2011,All genders,25-34,95,91.866386,83.148643
IRL,2011,All genders,25-34,97.5,94.744797,86.359352
IRL,2011,All genders,25-34,99,97.245857,90.375771
IRL,2011,All genders,25-34,99.90000000000001,98.92144,91.1054
IRL,2011,All genders,25-34,100,99.729813,86.233231
IRL,2011,All genders,25-55,2.5,6.0525532,20.50313
IRL,2011,All genders,25-55,5,8.3329926,20.277941
IRL,2011,All genders,25-55,7.5,10.31411,21.62826
IRL,2011,All genders,25-55,10,12.42559,23.27117
IRL,2011,All genders,25-55,12.5,14.20144,23.960449
IRL,2011,All genders,25-55,15,16.051741,24.394699
IRL,2011,All genders,25-55,17.5,18.282459,25.370119
IRL,2011,All genders,25-55,20,20.184139,26.959311
IRL,2011,All genders,25-55,22.5,22.60091,28.536461
IRL,2011,All genders,25-55,25,24.386129,30.12714
IRL,2011,All genders,25-55,27.5,26.679119,30.994209
IRL,2011,All genders,25-55,30,29.06834,31.93824
IRL,2011,All genders,25-55,32.5,31.280069,33.64262
IRL,2011,All genders,25-55,35,33.62508,34.822079
IRL,2011,All genders,25-55,37.5,35.915581,35.980591
IRL,2011,All genders,25-55,40,38.82235,38.690189
IRL,2011,All genders,25-55,42.5,40.922379,39.957539
IRL,2011,All genders,25-55,45,43.008369,41.896759
IRL,2011,All genders,25-55,47.5,45.735828,43.49297
IRL,2011,All genders,25-55,50,48.001621,45.28846
IRL,2011,All genders,25-55,52.5,50.42421,47.407139
IRL,2011,All genders,25-55,55,52.64727,50.18224
IRL,2011,All genders,25-55,57.5,55.126331,51.320011
IRL,2011,All genders,25-55,60,57.63633,53.459
IRL,2011,All genders,25-55,62.5,60.02607,55.929199
IRL,2011,All genders,25-55,65,62.47155,58.34568
IRL,2011,All genders,25-55,67.5,64.775169,60.8787
IRL,2011,All genders,25-55,70,67.639214,63.359489
IRL,2011,All genders,25-55,72.5,69.792717,64.998901
IRL,2011,All genders,25-55,75,72.657372,68.060768
IRL,2011,All genders,25-55,77.5,74.92144,69.849022
IRL,2011,All genders,25-55,80,77.282356,72.183884
IRL,2011,All genders,25-55,82.5,80.06411,74.647537
IRL,2011,All genders,25-55,85,82.203583,77.308403
IRL,2011,All genders,25-55,87.5,84.789841,79.672569
IRL,2011,All genders,25-55,90,87.122932,81.653191
IRL,2011,All genders,25-55,92.5,89.704788,83.375687
IRL,2011,All genders,25-55,95,92.392387,85.37738
IRL,2011,All genders,25-55,97.5,95.046913,88.813004
IRL,2011,All genders,25-55,99,97.479973,92.001984
IRL,2011,All genders,25-55,99.90000000000001,99.11879,93.111794
IRL,2011,All genders,25-55,100,99.823067,91.442238
IRL,2011,All genders,35-44,2.5,5.600081,17.828091
IRL,2011,All genders,35-44,5,7.9282861,18.58135
IRL,2011,All genders,35-44,7.5,9.6259375,19.411329
IRL,2011,All genders,35-44,10,12.03341,21.34395
IRL,2011,All genders,35-44,12.5,13.44769,22.25684
IRL,2011,All genders,35-44,15,15.63753,22.49383
IRL,2011,All genders,35-44,17.5,17.76602,22.26368
IRL,2011,All genders,35-44,20,19.834181,25.96236
IRL,2011,All genders,35-44,22.5,22.53937,27.19314
IRL,2011,All genders,35-44,25,24.459961,28.024269
IRL,2011,All genders,35-44,27.5,26.540739,29.282129
IRL,2011,All genders,35-44,30,28.7409,29.954559
IRL,2011,All genders,35-44,32.5,31.343031,32.150669
IRL,2011,All genders,35-44,35,33.49844,33.494999
IRL,2011,All genders,35-44,37.5,35.85239,35.694038
IRL,2011,All genders,35-44,40,38.1954,37.709099
IRL,2011,All genders,35-44,42.5,40.888062,40.079639
IRL,2011,All genders,35-44,45,42.907928,42.284569
IRL,2011,All genders,35-44,47.5,45.63607,44.083641
IRL,2011,All genders,35-44,50,48.08588,46.543461
IRL,2011,All genders,35-44,52.5,51.067539,48.014721
IRL,2011,All genders,35-44,55,53.167229,50.88575
IRL,2011,All genders,35-44,57.5,55.1362,52.174019
IRL,2011,All genders,35-44,60,57.847149,54.871571
IRL,2011,All genders,35-44,62.5,59.927891,57.751431
IRL,2011,All genders,35-44,65,63.091,59.671028
IRL,2011,All genders,35-44,67.5,65.337593,62.633801
IRL,2011,All genders,35-44,70,68.113907,64.806961
IRL,2011,All genders,35-44,72.5,70.139023,66.189049
IRL,2011,All genders,35-44,75,72.670547,69.320343
IRL,2011,All genders,35-44,77.5,75.226868,71.81955
IRL,2011,All genders,35-44,80,77.619827,74.396782
IRL,2011,All genders,35-44,82.5,80.489273,76.240662
IRL,2011,All genders,35-44,85,82.175323,78.635246
IRL,2011,All genders,35-44,87.5,85.004807,80.881813
IRL,2011,All genders,35-44,90,87.641502,82.366623
IRL,2011,All genders,35-44,92.5,89.79158,84.561447
IRL,2011,All genders,35-44,95,92.608177,86.396507
IRL,2011,All genders,35-44,97.5,95.005028,89.754959
IRL,2011,All genders,35-44,99,97.429573,92.454567
IRL,2011,All genders,35-44,99.90000000000001,99.201118,93.458656
IRL,2011,All genders,35-44,100,99.835419,94.843597
IRL,2011,All genders,45-55,2.5,5.1970348,17.43574
IRL,2011,All genders,45-55,5,7.2088661,17.23801
IRL,2011,All genders,45-55,7.5,9.2922878,17.17366
IRL,2011,All genders,45-55,10,11.01048,18.5156
IRL,2011,All genders,45-55,12.5,12.90095,19.185869
IRL,2011,All genders,45-55,15,14.89102,21.00832
IRL,2011,All genders,45-55,17.5,17.38394,23.330391
IRL,2011,All genders,45-55,20,19.937281,23.540859
IRL,2011,All genders,45-55,22.5,21.94244,23.806841
IRL,2011,All genders,45-55,25,23.766979,26.40649
IRL,2011,All genders,45-55,27.5,26.159861,28.828039
IRL,2011,All genders,45-55,30,29.174629,29.97374
IRL,2011,All genders,45-55,32.5,31.28417,32.9007
IRL,2011,All genders,45-55,35,33.948311,34.240089
IRL,2011,All genders,45-55,37.5,36.33952,34.778301
IRL,2011,All genders,45-55,40,38.681149,38.32637
IRL,2011,All genders,45-55,42.5,40.669338,39.680222
IRL,2011,All genders,45-55,45,43.2943,41.736038
IRL,2011,All genders,45-55,47.5,46.144428,44.086861
IRL,2011,All genders,45-55,50,48.324249,45.834049
IRL,2011,All genders,45-55,52.5,50.301899,49.098999
IRL,2011,All genders,45-55,55,53.100449,51.52747
IRL,2011,All genders,45-55,57.5,55.813831,52.57143
IRL,2011,All genders,45-55,60,57.693409,54.758259
IRL,2011,All genders,45-55,62.5,60.18346,56.81311
IRL,2011,All genders,45-55,65,62.31971,60.90659
IRL,2011,All genders,45-55,67.5,65.540733,64.771812
IRL,2011,All genders,45-55,70,68.070686,65.520851
IRL,2011,All genders,45-55,72.5,70.214172,66.633392
IRL,2011,All genders,45-55,75,73.346428,69.56514
IRL,2011,All genders,45-55,77.5,75.245064,72.584373
IRL,2011,All genders,45-55,80,77.933296,74.246384
IRL,2011,All genders,45-55,82.5,80.78495,77.476051
IRL,2011,All genders,45-55,85,82.895103,80.004837
IRL,2011,All genders,45-55,87.5,85.346382,82.105629
IRL,2011,All genders,45-55,90,87.55471,84.325729
IRL,2011,All genders,45-55,92.5,90.289169,85.411713
IRL,2011,All genders,45-55,95,92.84626,87.798241
IRL,2011,All genders,45-55,97.5,95.546188,91.933502
IRL,2011,All genders,45-55,99,97.889427,94.422508
IRL,2011,All genders,45-55,99.90000000000001,99.284737,96.523773
IRL,2011,All genders,45-55,100,99.942177,93.999062
IRL,2011,Female,25-34,2.5,6.6598969,23.96839
IRL,2011,Female,25-34,5,9.32623,21.897499
IRL,2011,Female,25-34,7.5,10.9452,24.823771
IRL,2011,Female,25-34,10,13.34805,25.77965
IRL,2011,Female,25-34,12.5,14.84957,26.289261
IRL,2011,Female,25-34,15,16.670851,25.87521
IRL,2011,Female,25-34,17.5,18.564051,28.421021
IRL,2011,Female,25-34,20,20.557581,28.858141
IRL,2011,Female,25-34,22.5,22.624741,30.33415
IRL,2011,Female,25-34,25,24.68943,32.263378
IRL,2011,Female,25-34,27.5,26.451811,32.35429
IRL,2011,Female,25-34,30,29.17506,34.67308
IRL,2011,Female,25-34,32.5,30.810989,35.160419
IRL,2011,Female,25-34,35,33.401718,36.773109
IRL,2011,Female,25-34,37.5,36.394279,36.866051
IRL,2011,Female,25-34,40,39.573219,40.248699
IRL,2011,Female,25-34,42.5,41.681938,40.521629
IRL,2011,Female,25-34,45,43.161339,42.4296
IRL,2011,Female,25-34,47.5,45.84145,43.981781
IRL,2011,Female,25-34,50,47.961769,44.413681
IRL,2011,Female,25-34,52.5,50.025539,46.60099
IRL,2011,Female,25-34,55,52.074268,50.234379
IRL,2011,Female,25-34,57.5,54.71183,50.76395
IRL,2011,Female,25-34,60,57.400661,52.197029
IRL,2011,Female,25-34,62.5,60.709862,54.439281
IRL,2011,Female,25-34,65,62.239429,57.349079
IRL,2011,Female,25-34,67.5,63.743221,59.14529
IRL,2011,Female,25-34,70,67.754517,62.004681
IRL,2011,Female,25-34,72.5,69.543007,63.83577
IRL,2011,Female,25-34,75,72.516022,67.406677
IRL,2011,Female,25-34,77.5,74.537949,67.415733
IRL,2011,Female,25-34,80,76.45179,70.099091
IRL,2011,Female,25-34,82.5,79.845711,72.066406
IRL,2011,Female,25-34,85,81.863289,75.509262
IRL,2011,Female,25-34,87.5,84.76725,77.896263
IRL,2011,Female,25-34,90,86.141617,80.23011
IRL,2011,Female,25-34,92.5,88.947182,80.506439
IRL,2011,Female,25-34,95,92.002701,81.993294
IRL,2011,Female,25-34,97.5,94.664711,85.352531
IRL,2011,Female,25-34,99,97.234741,89.361313
IRL,2011,Female,25-34,99.90000000000001,98.931847,91.074409
IRL,2011,Female,25-34,100,99.830223,84.576653
IRL,2011,Female,25-55,2.5,5.9800882,20.697439
IRL,2011,Female,25-55,5,8.1936073,20.328341
IRL,2011,Female,25-55,7.5,9.6589813,20.684059
IRL,2011,Female,25-55,10,12.08895,23.005289
IRL,2011,Female,25-55,12.5,13.8005,23.041229
IRL,2011,Female,25-55,15,16.020941,23.25491
IRL,2011,Female,25-55,17.5,17.91214,24.59103
IRL,2011,Female,25-55,20,20.138161,26.294861
IRL,2011,Female,25-55,22.5,22.542839,27.98962
IRL,2011,Female,25-55,25,24.369499,29.585501
IRL,2011,Female,25-55,27.5,26.19099,30.89736
IRL,2011,Female,25-55,30,28.98967,32.305061
IRL,2011,Female,25-55,32.5,31.06477,33.949532
IRL,2011,Female,25-55,35,33.65284,35.277222
IRL,2011,Female,25-55,37.5,35.96006,36.357029
IRL,2011,Female,25-55,40,38.702709,39.42308
IRL,2011,Female,25-55,42.5,41.082531,39.84465
IRL,2011,Female,25-55,45,43.106819,42.434921
IRL,2011,Female,25-55,47.5,45.864288,44.38673
IRL,2011,Female,25-55,50,48.224529,45.804569
IRL,2011,Female,25-55,52.5,50.774231,48.039959
IRL,2011,Female,25-55,55,52.702179,50.724289
IRL,2011,Female,25-55,57.5,55.327709,51.9692
IRL,2011,Female,25-55,60,57.593529,53.82254
IRL,2011,Female,25-55,62.5,60.30138,55.98354
IRL,2011,Female,25-55,65,62.554131,58.813229
IRL,2011,Female,25-55,67.5,64.951187,61.87228
IRL,2011,Female,25-55,70,68.223671,63.881599
IRL,2011,Female,25-55,72.5,69.857841,64.864548
IRL,2011,Female,25-55,75,72.630432,68.298477
IRL,2011,Female,25-55,77.5,75.10585,70.026367
IRL,2011,Female,25-55,80,77.401749,72.391441
IRL,2011,Female,25-55,82.5,80.312508,74.418877
IRL,2011,Female,25-55,85,82.422523,77.745369
IRL,2011,Female,25-55,87.5,84.92598,79.412483
IRL,2011,Female,25-55,90,87.035431,81.32534
IRL,2011,Female,25-55,92.5,89.549072,82.674187
IRL,2011,Female,25-55,95,92.507881,84.340874
IRL,2011,Female,25-55,97.5,94.899788,87.990097
IRL,2011,Female,25-55,99,97.474083,91.629189
IRL,2011,Female,25-55,99.90000000000001,99.147057,93.351936
IRL,2011,Female,25-55,100,99.857811,89.911301
IRL,2011,Female,35-44,2.5,5.6304111,18.589411
IRL,2011,Female,35-44,5,7.8730922,19.093821
IRL,2011,Female,35-44,7.5,9.0165758,18.21479
IRL,2011,Female,35-44,10,11.71166,21.858061
IRL,2011,Female,35-44,12.5,13.10611,21.25157
IRL,2011,Female,35-44,15,15.91333,21.75548
IRL,2011,Female,35-44,17.5,17.74441,21.420521
IRL,2011,Female,35-44,20,19.637211,25.641491
IRL,2011,Female,35-44,22.5,22.83111,27.749319
IRL,2011,Female,35-44,25,24.557289,28.102421
IRL,2011,Female,35-44,27.5,26.06719,30.317499
IRL,2011,Female,35-44,30,28.80369,30.32049
IRL,2011,Female,35-44,32.5,31.54689,33.229488
IRL,2011,Female,35-44,35,33.718262,33.963501
IRL,2011,Female,35-44,37.5,35.29282,37.12331
IRL,2011,Female,35-44,40,38.051449,38.794659
IRL,2011,Female,35-44,42.5,40.76564,39.968571
IRL,2011,Female,35-44,45,42.888309,42.94112
IRL,2011,Female,35-44,47.5,45.600571,44.30801
IRL,2011,Female,35-44,50,48.378399,47.209309
IRL,2011,Female,35-44,52.5,51.834061,49.354839
IRL,2011,Female,35-44,55,53.036419,51.12252
IRL,2011,Female,35-44,57.5,55.57626,53.315861
IRL,2011,Female,35-44,60,57.834782,55.649269
IRL,2011,Female,35-44,62.5,59.80442,57.308998
IRL,2011,Female,35-44,65,63.141411,59.437538
IRL,2011,Female,35-44,67.5,65.772003,63.109539
IRL,2011,Female,35-44,70,68.659653,65.179253
IRL,2011,Female,35-44,72.5,70.094902,65.278809
IRL,2011,Female,35-44,75,72.303848,68.761078
IRL,2011,Female,35-44,77.5,75.464821,71.353317
IRL,2011,Female,35-44,80,78.160522,73.84716
IRL,2011,Female,35-44,82.5,80.431717,76.009743
IRL,2011,Female,35-44,85,82.602463,78.926277
IRL,2011,Female,35-44,87.5,84.682007,79.396782
IRL,2011,Female,35-44,90,87.423653,80.270302
IRL,2011,Female,35-44,92.5,89.362427,83.659859
IRL,2011,Female,35-44,95,92.617607,85.272308
IRL,2011,Female,35-44,97.5,94.687477,88.720238
IRL,2011,Female,35-44,99,97.515221,92.5914
IRL,2011,Female,35-44,99.90000000000001,99.210663,93.794968
IRL,2011,Female,35-44,100,99.835579,94.482712
IRL,2011,Female,45-55,2.5,5.4672251,18.208349
IRL,2011,Female,45-55,5,6.992064,19.60211
IRL,2011,Female,45-55,7.5,8.6665287,17.20064
IRL,2011,Female,45-55,10,10.78755,19.569309
IRL,2011,Female,45-55,12.5,13.21349,19.94227
IRL,2011,Female,45-55,15,15.23147,20.91345
IRL,2011,Female,45-55,17.5,17.19664,23.157921
IRL,2011,Female,45-55,20,20.20598,22.32575
IRL,2011,Female,45-55,22.5,22.038549,23.54726
IRL,2011,Female,45-55,25,23.65811,27.0457
IRL,2011,Female,45-55,27.5,25.981079,29.05205
IRL,2011,Female,45-55,30,28.9722,31.50964
IRL,2011,Female,45-55,32.5,30.78624,32.90839
IRL,2011,Female,45-55,35,33.928501,34.871861
IRL,2011,Female,45-55,37.5,36.229561,33.719219
IRL,2011,Female,45-55,40,38.323071,38.999989
IRL,2011,Female,45-55,42.5,40.64156,38.17923
IRL,2011,Female,45-55,45,43.320702,41.38797
IRL,2011,Female,45-55,47.5,46.248402,45.39246
IRL,2011,Female,45-55,50,48.39637,45.81229
IRL,2011,Female,45-55,52.5,50.43771,48.299728
IRL,2011,Female,45-55,55,53.154419,50.921089
IRL,2011,Female,45-55,57.5,55.883701,51.683239
IRL,2011,Female,45-55,60,57.547058,53.417221
IRL,2011,Female,45-55,62.5,60.377941,56.463249
IRL,2011,Female,45-55,65,62.21933,60.57745
IRL,2011,Female,45-55,67.5,65.60154,65.053299
IRL,2011,Female,45-55,70,68.313141,65.108971
IRL,2011,Female,45-55,72.5,69.994583,66.142357
IRL,2011,Female,45-55,75,73.232063,69.210548
IRL,2011,Female,45-55,77.5,75.4394,72.729057
IRL,2011,Female,45-55,80,77.753616,74.177811
IRL,2011,Female,45-55,82.5,80.824669,76.01059
IRL,2011,Female,45-55,85,82.987991,79.984573
IRL,2011,Female,45-55,87.5,85.481773,82.632439
IRL,2011,Female,45-55,90,87.804771,85.794823
IRL,2011,Female,45-55,92.5,90.663269,85.165253
IRL,2011,Female,45-55,95,93.088814,87.292297
IRL,2011,Female,45-55,97.5,95.527061,92.045486
IRL,2011,Female,45-55,99,97.764153,94.383133
IRL,2011,Female,45-55,99.90000000000001,99.366287,97.174561
IRL,2011,Female,45-55,100,99.930557,90.358521
IRL,2011,Male,25-34,2.5,7.524425,25.583891
IRL,2011,Male,25-34,5,9.6980476,25.18301
IRL,2011,Male,25-34,7.5,12.47804,27.429131
IRL,2011,Male,25-34,10,14.24714,29.41091
IRL,2011,Male,25-34,12.5,16.861629,29.849541
IRL,2011,Male,25-34,15,17.879181,30.247419
IRL,2011,Male,25-34,17.5,20.28363,30.816071
IRL,2011,Male,25-34,20,20.84387,30.480049
IRL,2011,Male,25-34,22.5,23.62743,34.146889
IRL,2011,Male,25-34,25,24.79916,36.04512
IRL,2011,Male,25-34,27.5,27.92506,35.368561
IRL,2011,Male,25-34,30,29.462761,35.255638
IRL,2011,Male,25-34,32.5,31.634781,35.971931
IRL,2011,Male,25-34,35,33.654572,36.169209
IRL,2011,Male,25-34,37.5,34.943748,36.84605
IRL,2011,Male,25-34,40,39.49263,39.506401
IRL,2011,Male,25-34,42.5,40.559429,39.371101
IRL,2011,Male,25-34,45,42.646439,40.658569
IRL,2011,Male,25-34,47.5,45.246979,41.127769
IRL,2011,Male,25-34,50,47.420139,42.979698
IRL,2011,Male,25-34,52.5,49.732422,45.28661
IRL,2011,Male,25-34,55,51.562599,47.300751
IRL,2011,Male,25-34,57.5,54.567459,48.835159
IRL,2011,Male,25-34,60,57.379181,50.479
IRL,2011,Male,25-34,62.5,59.28994,52.721569
IRL,2011,Male,25-34,65,61.69054,54.02169
IRL,2011,Male,25-34,67.5,63.653332,55.167999
IRL,2011,Male,25-34,70,65.963364,59.558521
IRL,2011,Male,25-34,72.5,68.765732,62.054661
IRL,2011,Male,25-34,75,71.802803,64.555397
IRL,2011,Male,25-34,77.5,74.251549,65.511627
IRL,2011,Male,25-34,80,76.553963,67.606369
IRL,2011,Male,25-34,82.5,78.424263,71.152
IRL,2011,Male,25-34,85,81.638237,73.732643
IRL,2011,Male,25-34,87.5,83.594818,76.555481
IRL,2011,Male,25-34,90,86.499298,78.988121
IRL,2011,Male,25-34,92.5,89.493294,81.871361
IRL,2011,Male,25-34,95,91.724617,84.369652
IRL,2011,Male,25-34,97.5,94.828018,87.428001
IRL,2011,Male,25-34,99,97.257401,91.451027
IRL,2011,Male,25-34,99.90000000000001,98.910683,91.138161
IRL,2011,Male,25-34,100,99.626167,87.958817
IRL,2011,Male,25-55,2.5,6.1251841,20.306089
IRL,2011,Male,25-55,5,8.4725351,20.22665
IRL,2011,Male,25-55,7.5,10.97073,22.587021
IRL,2011,Male,25-55,10,12.7632,23.54134
IRL,2011,Male,25-55,12.5,14.6026,24.891821
IRL,2011,Male,25-55,15,16.0826,25.5504
IRL,2011,Male,25-55,17.5,18.65237,26.16119
IRL,2011,Male,25-55,20,20.23031,27.63501
IRL,2011,Male,25-55,22.5,22.65901,29.090919
IRL,2011,Male,25-55,25,24.4028,30.67754
IRL,2011,Male,25-55,27.5,27.168369,31.09248
IRL,2011,Male,25-55,30,29.147289,31.564951
IRL,2011,Male,25-55,32.5,31.495131,33.33234
IRL,2011,Male,25-55,35,33.59737,34.358589
IRL,2011,Male,25-55,37.5,35.87093,35.598339
IRL,2011,Male,25-55,40,38.942322,37.947609
IRL,2011,Male,25-55,42.5,40.762409,40.07233
IRL,2011,Male,25-55,45,42.90974,41.351891
IRL,2011,Male,25-55,47.5,45.607151,42.58345
IRL,2011,Male,25-55,50,47.778069,44.76516
IRL,2011,Male,25-55,52.5,50.073589,46.764111
IRL,2011,Male,25-55,55,52.592239,49.63023
IRL,2011,Male,25-55,57.5,54.924839,50.664169
IRL,2011,Male,25-55,60,57.679241,53.088249
IRL,2011,Male,25-55,62.5,59.750771,55.874222
IRL,2011,Male,25-55,65,62.388611,57.870571
IRL,2011,Male,25-55,67.5,64.599663,59.867599
IRL,2011,Male,25-55,70,67.053741,62.83086
IRL,2011,Male,25-55,72.5,69.727539,65.135521
IRL,2011,Male,25-55,75,72.684433,67.819221
IRL,2011,Male,25-55,77.5,74.737038,69.669189
IRL,2011,Male,25-55,80,77.162628,71.973282
IRL,2011,Male,25-55,82.5,79.81514,74.880058
IRL,2011,Male,25-55,85,81.984879,76.865349
IRL,2011,Male,25-55,87.5,84.653313,79.936089
IRL,2011,Male,25-55,90,87.21048,81.985863
IRL,2011,Male,25-55,92.5,89.860779,84.089043
IRL,2011,Male,25-55,95,92.276627,86.428352
IRL,2011,Male,25-55,97.5,95.194267,89.651283
IRL,2011,Male,25-55,99,97.485863,92.380692
IRL,2011,Male,25-55,99.90000000000001,99.09034,92.868713
IRL,2011,Male,25-55,100,99.789551,92.973167
IRL,2011,Male,35-44,2.5,5.5715389,17.10108
IRL,2011,Male,35-44,5,7.9799991,18.089239
IRL,2011,Male,35-44,7.5,10.19784,20.556391
IRL,2011,Male,35-44,10,12.3358,20.85107
IRL,2011,Male,35-44,12.5,13.76827,23.217051
IRL,2011,Male,35-44,15,15.3791,23.20417
IRL,2011,Male,35-44,17.5,17.78623,23.06925
IRL,2011,Male,35-44,20,20.01931,26.269939
IRL,2011,Male,35-44,22.5,22.266041,26.660891
IRL,2011,Male,35-44,25,24.36845,27.949631
IRL,2011,Male,35-44,27.5,26.98575,28.28775
IRL,2011,Male,35-44,30,28.681959,29.603121
IRL,2011,Male,35-44,32.5,31.15233,31.121981
IRL,2011,Male,35-44,35,33.293091,33.044239
IRL,2011,Male,35-44,37.5,36.3792,34.331188
IRL,2011,Male,35-44,40,38.330711,36.668449
IRL,2011,Male,35-44,42.5,41.00259,40.18594
IRL,2011,Male,35-44,45,42.926319,41.65519
IRL,2011,Male,35-44,47.5,45.669392,43.868561
IRL,2011,Male,35-44,50,47.810001,45.90852
IRL,2011,Male,35-44,52.5,50.348351,46.72533
IRL,2011,Male,35-44,55,53.29018,50.658371
IRL,2011,Male,35-44,57.5,54.725182,51.085152
IRL,2011,Male,35-44,60,57.858799,54.123379
IRL,2011,Male,35-44,62.5,60.043388,58.174061
IRL,2011,Male,35-44,65,63.043461,59.894482
IRL,2011,Male,35-44,67.5,64.933083,62.176929
IRL,2011,Male,35-44,70,67.600952,64.450684
IRL,2011,Male,35-44,72.5,70.18029,67.06163
IRL,2011,Male,35-44,75,73.015732,69.855568
IRL,2011,Male,35-44,77.5,75.003532,72.265663
IRL,2011,Male,35-44,80,77.111603,74.921898
IRL,2011,Male,35-44,82.5,80.543282,76.462799
IRL,2011,Male,35-44,85,81.775703,78.357712
IRL,2011,Male,35-44,87.5,85.30777,82.307938
IRL,2011,Male,35-44,90,87.84597,84.36895
IRL,2011,Male,35-44,92.5,90.194267,85.428902
IRL,2011,Male,35-44,95,92.599327,87.468483
IRL,2011,Male,35-44,97.5,95.302727,90.749741
IRL,2011,Male,35-44,99,97.349258,92.323639
IRL,2011,Male,35-44,99.90000000000001,99.192093,93.138527
IRL,2011,Male,35-44,100,99.835274,95.192032
IRL,2011,Male,45-55,2.5,4.915257,16.61985
IRL,2011,Male,45-55,5,7.434864,14.73319
IRL,2011,Male,45-55,7.5,9.9445868,17.14497
IRL,2011,Male,45-55,10,11.24441,17.39917
IRL,2011,Male,45-55,12.5,12.57724,18.390751
IRL,2011,Male,45-55,15,14.53538,21.10807
IRL,2011,Male,45-55,17.5,17.57877,23.513849
IRL,2011,Male,45-55,20,19.655319,24.832821
IRL,2011,Male,45-55,22.5,21.84247,24.079769
IRL,2011,Male,45-55,25,23.880711,25.72937
IRL,2011,Male,45-55,27.5,26.34622,28.59251
IRL,2011,Male,45-55,30,29.386589,28.32769
IRL,2011,Male,45-55,32.5,31.80205,32.892658
IRL,2011,Male,45-55,35,33.968929,33.57056
IRL,2011,Male,45-55,37.5,36.45438,35.90435
IRL,2011,Male,45-55,40,39.05608,37.620811
IRL,2011,Male,45-55,42.5,40.698101,41.282459
IRL,2011,Male,45-55,45,43.26672,42.100559
IRL,2011,Male,45-55,47.5,46.035591,42.68763
IRL,2011,Male,45-55,50,48.249229,45.856831
IRL,2011,Male,45-55,52.5,50.160011,49.94249
IRL,2011,Male,45-55,55,53.043941,52.177349
IRL,2011,Male,45-55,57.5,55.740829,53.501572
IRL,2011,Male,45-55,60,57.845631,56.195469
IRL,2011,Male,45-55,62.5,59.98114,57.179501
IRL,2011,Male,45-55,65,62.424789,61.255249
IRL,2011,Male,45-55,67.5,65.477463,64.473503
IRL,2011,Male,45-55,70,67.817429,65.953812
IRL,2011,Male,45-55,72.5,70.443077,67.157547
IRL,2011,Male,45-55,75,73.465912,69.937866
IRL,2011,Male,45-55,77.5,75.04248,72.431061
IRL,2011,Male,45-55,80,78.121017,74.318764
IRL,2011,Male,45-55,82.5,80.743462,79.028053
IRL,2011,Male,45-55,85,82.79847,80.02639
IRL,2011,Male,45-55,87.5,85.205254,81.553833
IRL,2011,Male,45-55,90,87.294609,82.775673
IRL,2011,Male,45-55,92.5,89.897453,85.672852
IRL,2011,Male,45-55,95,92.59343,88.336166
IRL,2011,Male,45-55,97.5,95.566139,91.81469
IRL,2011,Male,45-55,99,98.019836,94.464241
IRL,2011,Male,45-55,99.90000000000001,99.198639,95.838013
IRL,2011,Male,45-55,100,99.953247,97.63961
IRL,2012,All genders,25-34,2.5,6.9847779,26.115669
IRL,2012,All genders,25-34,5,9.6462154,26.98222
IRL,2012,All genders,25-34,7.5,12.09854,26.27038
IRL,2012,All genders,25-34,10,14.02452,27.294781
IRL,2012,All genders,25-34,12.5,15.76663,28.56428
IRL,2012,All genders,25-34,15,17.262501,28.74251
IRL,2012,All genders,25-34,17.5,19.276051,30.086189
IRL,2012,All genders,25-34,20,20.566561,32.24889
IRL,2012,All genders,25-34,22.5,22.982321,32.417301
IRL,2012,All genders,25-34,25,25.357059,33.574059
IRL,2012,All genders,25-34,27.5,27.402121,33.90522
IRL,2012,All genders,25-34,30,28.97011,34.601871
IRL,2012,All genders,25-34,32.5,31.121149,34.82439
IRL,2012,All genders,25-34,35,33.700649,36.49395
IRL,2012,All genders,25-34,37.5,36.291191,37.583698
IRL,2012,All genders,25-34,40,38.28249,39.60265
IRL,2012,All genders,25-34,42.5,40.74979,39.76189
IRL,2012,All genders,25-34,45,43.05513,41.40353
IRL,2012,All genders,25-34,47.5,45.52002,43.201462
IRL,2012,All genders,25-34,50,47.631691,44.468121
IRL,2012,All genders,25-34,52.5,49.501801,45.811642
IRL,2012,All genders,25-34,55,53.017269,47.42321
IRL,2012,All genders,25-34,57.5,54.871029,49.022411
IRL,2012,All genders,25-34,60,56.858879,51.239422
IRL,2012,All genders,25-34,62.5,59.028938,53.410099
IRL,2012,All genders,25-34,65,61.94854,55.861561
IRL,2012,All genders,25-34,67.5,64.226288,56.071831
IRL,2012,All genders,25-34,70,66.136147,59.95916
IRL,2012,All genders,25-34,72.5,69.116051,61.524361
IRL,2012,All genders,25-34,75,71.537422,64.182777
IRL,2012,All genders,25-34,77.5,74.136421,66.4133
IRL,2012,All genders,25-34,80,76.296127,67.914207
IRL,2012,All genders,25-34,82.5,79.003906,72.073059
IRL,2012,All genders,25-34,85,81.791153,73.865051
IRL,2012,All genders,25-34,87.5,84.684334,76.571121
IRL,2012,All genders,25-34,90,87.238441,78.671783
IRL,2012,All genders,25-34,92.5,89.457787,81.753647
IRL,2012,All genders,25-34,95,92.286568,84.828087
IRL,2012,All genders,25-34,97.5,94.935173,86.937408
IRL,2012,All genders,25-34,99,97.112137,88.784103
IRL,2012,All genders,25-34,99.90000000000001,98.87355,89.769508
IRL,2012,All genders,25-34,100,99.81723,89.393478
IRL,2012,All genders,25-55,2.5,5.7057619,21.047791
IRL,2012,All genders,25-55,5,8.2411165,21.468531
IRL,2012,All genders,25-55,7.5,10.5621,22.03726
IRL,2012,All genders,25-55,10,12.48021,23.44212
IRL,2012,All genders,25-55,12.5,14.11453,24.09782
IRL,2012,All genders,25-55,15,16.04891,24.655001
IRL,2012,All genders,25-55,17.5,17.8741,26.36622
IRL,2012,All genders,25-55,20,20.05678,28.0173
IRL,2012,All genders,25-55,22.5,22.200199,28.65884
IRL,2012,All genders,25-55,25,24.547331,30.01202
IRL,2012,All genders,25-55,27.5,26.807489,30.42856
IRL,2012,All genders,25-55,30,29.100201,31.884501
IRL,2012,All genders,25-55,32.5,31.205259,32.925499
IRL,2012,All genders,25-55,35,33.626282,34.60899
IRL,2012,All genders,25-55,37.5,36.098869,36.552719
IRL,2012,All genders,25-55,40,38.549068,38.31921
IRL,2012,All genders,25-55,42.5,40.758789,39.380211
IRL,2012,All genders,25-55,45,43.151051,41.54414
IRL,2012,All genders,25-55,47.5,45.61829,43.630131
IRL,2012,All genders,25-55,50,47.79681,45.37508
IRL,2012,All genders,25-55,52.5,49.98703,47.11237
IRL,2012,All genders,25-55,55,53.02454,49.76572
IRL,2012,All genders,25-55,57.5,55.441139,51.673439
IRL,2012,All genders,25-55,60,57.604069,53.601761
IRL,2012,All genders,25-55,62.5,59.83601,55.74419
IRL,2012,All genders,25-55,65,62.694611,58.2892
IRL,2012,All genders,25-55,67.5,64.892578,59.717381
IRL,2012,All genders,25-55,70,67.065376,62.592659
IRL,2012,All genders,25-55,72.5,69.811943,64.833656
IRL,2012,All genders,25-55,75,72.428223,67.198723
IRL,2012,All genders,25-55,77.5,74.930946,69.93383
IRL,2012,All genders,25-55,80,77.245537,72.064659
IRL,2012,All genders,25-55,82.5,79.939743,75.277817
IRL,2012,All genders,25-55,85,82.669441,77.223663
IRL,2012,All genders,25-55,87.5,85.15905,79.265678
IRL,2012,All genders,25-55,90,87.630234,81.278976
IRL,2012,All genders,25-55,92.5,89.959183,83.416191
IRL,2012,All genders,25-55,95,92.579079,86.481598
IRL,2012,All genders,25-55,97.5,95.179604,89.157539
IRL,2012,All genders,25-55,99,97.47979,91.236267
IRL,2012,All genders,25-55,99.90000000000001,99.088188,92.64119
IRL,2012,All genders,25-55,100,99.888718,93.875381
IRL,2012,All genders,35-44,2.5,5.011981,17.905991
IRL,2012,All genders,35-44,5,7.8684759,18.60273
IRL,2012,All genders,35-44,7.5,10.15306,20.195021
IRL,2012,All genders,35-44,10,11.88401,21.74959
IRL,2012,All genders,35-44,12.5,13.51693,22.062481
IRL,2012,All genders,35-44,15,15.59179,22.73844
IRL,2012,All genders,35-44,17.5,16.9326,24.492741
IRL,2012,All genders,35-44,20,19.841209,25.85586
IRL,2012,All genders,35-44,22.5,22.13328,26.825911
IRL,2012,All genders,35-44,25,24.17403,28.82909
IRL,2012,All genders,35-44,27.5,26.67523,28.11729
IRL,2012,All genders,35-44,30,29.211361,30.002701
IRL,2012,All genders,35-44,32.5,31.375759,31.70253
IRL,2012,All genders,35-44,35,33.681278,33.40168
IRL,2012,All genders,35-44,37.5,35.971039,36.042881
IRL,2012,All genders,35-44,40,38.892288,37.423389
IRL,2012,All genders,35-44,42.5,40.57238,38.99432
IRL,2012,All genders,35-44,45,42.937778,41.676788
IRL,2012,All genders,35-44,47.5,45.723949,43.919529
IRL,2012,All genders,35-44,50,48.030251,46.479271
IRL,2012,All genders,35-44,52.5,50.122711,47.668041
IRL,2012,All genders,35-44,55,52.80228,51.072529
IRL,2012,All genders,35-44,57.5,55.65451,53.352242
IRL,2012,All genders,35-44,60,57.8367,54.6884
IRL,2012,All genders,35-44,62.5,59.964958,56.588829
IRL,2012,All genders,35-44,65,62.939281,59.86047
IRL,2012,All genders,35-44,67.5,65.457703,61.586399
IRL,2012,All genders,35-44,70,67.233192,64.057373
IRL,2012,All genders,35-44,72.5,70.212341,66.757347
IRL,2012,All genders,35-44,75,72.809219,68.737213
IRL,2012,All genders,35-44,77.5,75.330757,71.930267
IRL,2012,All genders,35-44,80,77.721603,74.407516
IRL,2012,All genders,35-44,82.5,80.641487,77.056152
IRL,2012,All genders,35-44,85,83.033318,78.902153
IRL,2012,All genders,35-44,87.5,85.072594,80.563797
IRL,2012,All genders,35-44,90,87.748047,82.751991
IRL,2012,All genders,35-44,92.5,90.001907,84.014023
IRL,2012,All genders,35-44,95,92.550072,86.747177
IRL,2012,All genders,35-44,97.5,95.166588,89.755432
IRL,2012,All genders,35-44,99,97.616577,92.801804
IRL,2012,All genders,35-44,99.90000000000001,99.129837,94.022827
IRL,2012,All genders,35-44,100,99.915443,95.962402
IRL,2012,All genders,45-55,2.5,4.9463968,17.84317
IRL,2012,All genders,45-55,5,6.8479071,16.787649
IRL,2012,All genders,45-55,7.5,9.0470991,17.65777
IRL,2012,All genders,45-55,10,11.22326,19.483879
IRL,2012,All genders,45-55,12.5,12.70617,19.67572
IRL,2012,All genders,45-55,15,15.04461,20.734051
IRL,2012,All genders,45-55,17.5,17.298,23.085621
IRL,2012,All genders,45-55,20,19.667999,24.32028
IRL,2012,All genders,45-55,22.5,21.22291,25.230761
IRL,2012,All genders,45-55,25,23.975651,25.50066
IRL,2012,All genders,45-55,27.5,26.18289,28.603689
IRL,2012,All genders,45-55,30,29.11907,30.61171
IRL,2012,All genders,45-55,32.5,31.077129,31.835661
IRL,2012,All genders,45-55,35,33.445129,33.523109
IRL,2012,All genders,45-55,37.5,36.018181,35.61974
IRL,2012,All genders,45-55,40,38.421982,37.732899
IRL,2012,All genders,45-55,42.5,41.03672,39.47105
IRL,2012,All genders,45-55,45,43.589661,41.531719
IRL,2012,All genders,45-55,47.5,45.60165,43.8461
IRL,2012,All genders,45-55,50,47.68906,44.74102
IRL,2012,All genders,45-55,52.5,50.45974,48.477879
IRL,2012,All genders,45-55,55,53.35091,51.55785
IRL,2012,All genders,45-55,57.5,55.91692,53.257481
IRL,2012,All genders,45-55,60,58.289761,55.924759
IRL,2012,All genders,45-55,62.5,60.756699,58.53878
IRL,2012,All genders,45-55,65,63.366779,59.655861
IRL,2012,All genders,45-55,67.5,64.991951,62.854221
IRL,2012,All genders,45-55,70,68.095787,64.613983
IRL,2012,All genders,45-55,72.5,70.191559,67.203171
IRL,2012,All genders,45-55,75,73.101784,69.802933
IRL,2012,All genders,45-55,77.5,75.445824,72.57608
IRL,2012,All genders,45-55,80,77.863533,75.16227
IRL,2012,All genders,45-55,82.5,80.217148,77.743347
IRL,2012,All genders,45-55,85,83.354477,80.220108
IRL,2012,All genders,45-55,87.5,85.931892,81.773537
IRL,2012,All genders,45-55,90,87.999283,83.236107
IRL,2012,All genders,45-55,92.5,90.58168,85.410767
IRL,2012,All genders,45-55,95,93.020782,89.207802
IRL,2012,All genders,45-55,97.5,95.535759,92.290497
IRL,2012,All genders,45-55,99,97.787697,92.696617
IRL,2012,All genders,45-55,99.90000000000001,99.317253,95.310608
IRL,2012,All genders,45-55,100,99.950523,97.708603
IRL,2012,Female,25-34,2.5,6.7648139,26.223419
IRL,2012,Female,25-34,5,9.2276735,25.817261
IRL,2012,Female,25-34,7.5,11.78427,24.505119
IRL,2012,Female,25-34,10,13.18979,26.84403
IRL,2012,Female,25-34,12.5,14.77019,26.0884
IRL,2012,Female,25-34,15,16.83564,27.26664
IRL,2012,Female,25-34,17.5,18.563841,28.166439
IRL,2012,Female,25-34,20,20.15308,30.60331
IRL,2012,Female,25-34,22.5,22.84915,30.710609
IRL,2012,Female,25-34,25,24.759109,31.381769
IRL,2012,Female,25-34,27.5,27.138571,33.32267
IRL,2012,Female,25-34,30,28.77059,34.034
IRL,2012,Female,25-34,32.5,30.77491,34.75983
IRL,2012,Female,25-34,35,33.198608,36.806389
IRL,2012,Female,25-34,37.5,36.61224,37.84063
IRL,2012,Female,25-34,40,38.531891,38.544849
IRL,2012,Female,25-34,42.5,40.561031,39.132629
IRL,2012,Female,25-34,45,42.82069,42.775879
IRL,2012,Female,25-34,47.5,46.01281,43.69315
IRL,2012,Female,25-34,50,48.026989,46.18655
IRL,2012,Female,25-34,52.5,49.51429,46.077209
IRL,2012,Female,25-34,55,53.01783,48.306969
IRL,2012,Female,25-34,57.5,55.258209,49.701832
IRL,2012,Female,25-34,60,57.007919,52.50341
IRL,2012,Female,25-34,62.5,59.208069,54.4296
IRL,2012,Female,25-34,65,62.144199,57.820759
IRL,2012,Female,25-34,67.5,64.62291,57.29739
IRL,2012,Female,25-34,70,66.618958,61.38868
IRL,2012,Female,25-34,72.5,70.114807,62.362919
IRL,2012,Female,25-34,75,72.045189,65.866867
IRL,2012,Female,25-34,77.5,74.828644,67.199928
IRL,2012,Female,25-34,80,76.984947,69.743874
IRL,2012,Female,25-34,82.5,79.305481,73.036232
IRL,2012,Female,25-34,85,82.234894,74.902878
IRL,2012,Female,25-34,87.5,84.876381,77.437447
IRL,2012,Female,25-34,90,87.480667,78.686546
IRL,2012,Female,25-34,92.5,89.421913,81.04892
IRL,2012,Female,25-34,95,91.79892,83.718803
IRL,2012,Female,25-34,97.5,94.842484,86.03994
IRL,2012,Female,25-34,99,97.099792,87.80349
IRL,2012,Female,25-34,99.90000000000001,99.014091,89.105469
IRL,2012,Female,25-34,100,99.839973,93.290703
IRL,2012,Female,25-55,2.5,5.6400061,21.50177
IRL,2012,Female,25-55,5,8.148469,21.230961
IRL,2012,Female,25-55,7.5,10.11466,20.94306
IRL,2012,Female,25-55,10,12.0525,23.10862
IRL,2012,Female,25-55,12.5,13.66181,22.81555
IRL,2012,Female,25-55,15,16.042459,23.89699
IRL,2012,Female,25-55,17.5,17.820869,25.076281
IRL,2012,Female,25-55,20,19.79871,27.15724
IRL,2012,Female,25-55,22.5,21.94367,28.129601
IRL,2012,Female,25-55,25,24.212191,28.92256
IRL,2012,Female,25-55,27.5,26.4625,31.045799
IRL,2012,Female,25-55,30,28.97831,32.157429
IRL,2012,Female,25-55,32.5,31.220381,33.313931
IRL,2012,Female,25-55,35,33.44725,35.573589
IRL,2012,Female,25-55,37.5,36.24831,37.49234
IRL,2012,Female,25-55,40,38.800968,38.40897
IRL,2012,Female,25-55,42.5,40.580978,39.375069
IRL,2012,Female,25-55,45,42.998711,42.750271
IRL,2012,Female,25-55,47.5,45.85276,44.071301
IRL,2012,Female,25-55,50,48.10461,46.958561
IRL,2012,Female,25-55,52.5,49.969719,47.430439
IRL,2012,Female,25-55,55,52.913799,50.51086
IRL,2012,Female,25-55,57.5,55.749779,52.669701
IRL,2012,Female,25-55,60,57.715069,54.519279
IRL,2012,Female,25-55,62.5,60.153801,55.911259
IRL,2012,Female,25-55,65,62.654228,58.858971
IRL,2012,Female,25-55,67.5,65.021446,59.889069
IRL,2012,Female,25-55,70,67.30262,63.045769
IRL,2012,Female,25-55,72.5,70.257721,64.738228
IRL,2012,Female,25-55,75,72.765717,67.448883
IRL,2012,Female,25-55,77.5,75.250687,69.734032
IRL,2012,Female,25-55,80,77.357742,72.488617
IRL,2012,Female,25-55,82.5,80.24852,75.407631
IRL,2012,Female,25-55,85,82.819008,77.187157
IRL,2012,Female,25-55,87.5,85.150528,79.089279
IRL,2012,Female,25-55,90,87.826233,80.598793
IRL,2012,Female,25-55,92.5,89.843536,82.476173
IRL,2012,Female,25-55,95,92.432564,85.508377
IRL,2012,Female,25-55,97.5,95.059998,88.100868
IRL,2012,Female,25-55,99,97.441513,90.724792
IRL,2012,Female,25-55,99.90000000000001,99.102547,92.074913
IRL,2012,Female,25-55,100,99.888474,94.285744
IRL,2012,Female,35-44,2.5,5.023006,18.420759
IRL,2012,Female,35-44,5,7.9569378,18.48447
IRL,2012,Female,35-44,7.5,9.4950886,19.238331
IRL,2012,Female,35-44,10,11.78647,21.206301
IRL,2012,Female,35-44,12.5,13.23442,21.318501
IRL,2012,Female,35-44,15,15.42868,21.62641
IRL,2012,Female,35-44,17.5,17.03344,22.829189
IRL,2012,Female,35-44,20,19.745199,25.65032
IRL,2012,Female,35-44,22.5,21.866051,27.067909
IRL,2012,Female,35-44,25,23.9158,28.298071
IRL,2012,Female,35-44,27.5,26.278299,29.18475
IRL,2012,Female,35-44,30,29.242201,30.90016
IRL,2012,Female,35-44,32.5,31.320141,32.39278
IRL,2012,Female,35-44,35,33.802269,35.281818
IRL,2012,Female,35-44,37.5,36.108009,38.011551
IRL,2012,Female,35-44,40,39.238209,38.514069
IRL,2012,Female,35-44,42.5,40.50021,39.447128
IRL,2012,Female,35-44,45,42.84203,42.950802
IRL,2012,Female,35-44,47.5,45.893009,44.328411
IRL,2012,Female,35-44,50,48.36795,48.172642
IRL,2012,Female,35-44,52.5,49.894611,48.743038
IRL,2012,Female,35-44,55,52.940701,52.190781
IRL,2012,Female,35-44,57.5,55.99197,54.977089
IRL,2012,Female,35-44,60,57.736549,56.111679
IRL,2012,Female,35-44,62.5,60.639191,56.550159
IRL,2012,Female,35-44,65,62.985748,59.98542
IRL,2012,Female,35-44,67.5,65.475349,61.517159
IRL,2012,Female,35-44,70,67.327812,64.13047
IRL,2012,Female,35-44,72.5,70.426682,65.985641
IRL,2012,Female,35-44,75,72.95192,68.158379
IRL,2012,Female,35-44,77.5,75.524788,71.020241
IRL,2012,Female,35-44,80,77.653778,74.041412
IRL,2012,Female,35-44,82.5,81.016998,76.898117
IRL,2012,Female,35-44,85,83.062408,78.155769
IRL,2012,Female,35-44,87.5,84.764191,79.12841
IRL,2012,Female,35-44,90,87.952477,81.671341
IRL,2012,Female,35-44,92.5,89.749687,82.446693
IRL,2012,Female,35-44,95,92.428299,85.351547
IRL,2012,Female,35-44,97.5,94.922493,88.055801
IRL,2012,Female,35-44,99,97.651939,91.928841
IRL,2012,Female,35-44,99.90000000000001,98.970642,93.072037
IRL,2012,Female,35-44,100,99.891052,94.471611
IRL,2012,Female,45-55,2.5,4.935112,18.43067
IRL,2012,Female,45-55,5,6.9274702,17.791
IRL,2012,Female,45-55,7.5,8.6761475,17.330099
IRL,2012,Female,45-55,10,10.85696,19.58041
IRL,2012,Female,45-55,12.5,12.72399,19.34116
IRL,2012,Female,45-55,15,15.79234,21.89942
IRL,2012,Female,45-55,17.5,17.876869,23.61422
IRL,2012,Female,45-55,20,19.38472,23.357071
IRL,2012,Female,45-55,22.5,20.80678,25.138
IRL,2012,Female,45-55,25,23.86887,25.243019
IRL,2012,Female,45-55,27.5,25.78672,30.40851
IRL,2012,Female,45-55,30,28.902571,31.018129
IRL,2012,Female,45-55,32.5,31.69525,32.342861
IRL,2012,Female,45-55,35,33.29995,33.697159
IRL,2012,Female,45-55,37.5,35.94083,35.663891
IRL,2012,Female,45-55,40,38.570621,37.903751
IRL,2012,Female,45-55,42.5,40.717419,39.71339
IRL,2012,Female,45-55,45,43.459389,42.265129
IRL,2012,Female,45-55,47.5,45.58036,44.289841
IRL,2012,Female,45-55,50,47.851521,45.93013
IRL,2012,Female,45-55,52.5,50.70208,47.37632
IRL,2012,Female,45-55,55,52.73568,51.39296
IRL,2012,Female,45-55,57.5,56.094318,53.787491
IRL,2012,Female,45-55,60,58.651272,55.215839
IRL,2012,Female,45-55,62.5,60.788231,57.565922
IRL,2012,Female,45-55,65,62.902481,58.561539
IRL,2012,Female,45-55,67.5,64.944252,61.663311
IRL,2012,Female,45-55,70,68.203583,64.096313
IRL,2012,Female,45-55,72.5,70.223083,66.918556
IRL,2012,Female,45-55,75,73.496689,69.137459
IRL,2012,Female,45-55,77.5,75.456268,72.164574
IRL,2012,Female,45-55,80,77.46489,74.743187
IRL,2012,Female,45-55,82.5,80.496307,77.048882
IRL,2012,Female,45-55,85,83.288551,79.763702
IRL,2012,Female,45-55,87.5,86.05336,82.370468
IRL,2012,Female,45-55,90,88.129128,82.210632
IRL,2012,Female,45-55,92.5,90.548683,85.436317
IRL,2012,Female,45-55,95,93.305069,89.520729
IRL,2012,Female,45-55,97.5,95.548927,92.414146
IRL,2012,Female,45-55,99,97.624397,94.121788
IRL,2012,Female,45-55,99.90000000000001,99.395866,96.028923
IRL,2012,Female,45-55,100,99.959633,95.826637
IRL,2012,Male,25-34,2.5,7.2162809,25.999809
IRL,2012,Male,25-34,5,10.0844,28.222401
IRL,2012,Male,25-34,7.5,12.42915,28.16395
IRL,2012,Male,25-34,10,14.89991,27.77463
IRL,2012,Male,25-34,12.5,16.814739,31.21492
IRL,2012,Male,25-34,15,17.710911,30.325439
IRL,2012,Male,25-34,17.5,20.025209,32.126141
IRL,2012,Male,25-34,20,20.99951,34.003971
IRL,2012,Male,25-34,22.5,23.122629,34.251671
IRL,2012,Male,25-34,25,25.98311,35.916809
IRL,2012,Male,25-34,27.5,27.679831,34.526531
IRL,2012,Male,25-34,30,29.17935,35.21101
IRL,2012,Male,25-34,32.5,31.4842,34.89325
IRL,2012,Male,25-34,35,34.228859,36.160671
IRL,2012,Male,25-34,37.5,35.953468,37.308102
IRL,2012,Male,25-34,40,38.021759,40.730831
IRL,2012,Male,25-34,42.5,40.94899,40.431782
IRL,2012,Male,25-34,45,43.300579,39.926029
IRL,2012,Male,25-34,47.5,45.00074,42.676991
IRL,2012,Male,25-34,50,47.217812,42.62141
IRL,2012,Male,25-34,52.5,49.488659,45.528412
IRL,2012,Male,25-34,55,53.016682,46.48053
IRL,2012,Male,25-34,57.5,54.46566,48.290932
IRL,2012,Male,25-34,60,56.702099,49.899052
IRL,2012,Male,25-34,62.5,58.841091,52.318489
IRL,2012,Male,25-34,65,61.74305,53.759941
IRL,2012,Male,25-34,67.5,63.808319,54.764549
IRL,2012,Male,25-34,70,65.630676,58.434528
IRL,2012,Male,25-34,72.5,68.067017,60.624859
IRL,2012,Male,25-34,75,71.004066,62.38311
IRL,2012,Male,25-34,77.5,73.409363,65.574333
IRL,2012,Male,25-34,80,75.574928,65.955383
IRL,2012,Male,25-34,82.5,78.686157,71.041771
IRL,2012,Male,25-34,85,81.324387,72.762253
IRL,2012,Male,25-34,87.5,84.482597,75.643646
IRL,2012,Male,25-34,90,86.984047,78.655952
IRL,2012,Male,25-34,92.5,89.495468,82.503906
IRL,2012,Male,25-34,95,92.798759,86.018013
IRL,2012,Male,25-34,97.5,95.03241,87.893761
IRL,2012,Male,25-34,99,97.125137,89.838417
IRL,2012,Male,25-34,99.90000000000001,98.726646,90.487984
IRL,2012,Male,25-34,100,99.792038,85.496262
IRL,2012,Male,25-55,2.5,5.772202,20.585751
IRL,2012,Male,25-55,5,8.3345623,21.70941
IRL,2012,Male,25-55,7.5,11.01572,23.1507
IRL,2012,Male,25-55,10,12.91183,23.77976
IRL,2012,Male,25-55,12.5,14.5727,25.399799
IRL,2012,Male,25-55,15,16.05541,25.426901
IRL,2012,Male,25-55,17.5,17.92815,27.6703
IRL,2012,Male,25-55,20,20.316469,28.8906
IRL,2012,Male,25-55,22.5,22.46011,29.196609
IRL,2012,Male,25-55,25,24.88553,31.11825
IRL,2012,Male,25-55,27.5,27.15683,29.80229
IRL,2012,Male,25-55,30,29.223339,31.60697
IRL,2012,Male,25-55,32.5,31.19001,32.531681
IRL,2012,Male,25-55,35,33.807579,33.62957
IRL,2012,Male,25-55,37.5,35.94754,35.59726
IRL,2012,Male,25-55,40,38.295879,38.22821
IRL,2012,Male,25-55,42.5,40.939159,39.38541
IRL,2012,Male,25-55,45,43.304779,40.315029
IRL,2012,Male,25-55,47.5,45.38113,43.182819
IRL,2012,Male,25-55,50,47.484951,43.764931
IRL,2012,Male,25-55,52.5,50.00452,46.789169
IRL,2012,Male,25-55,55,53.136681,49.009659
IRL,2012,Male,25-55,57.5,55.130199,50.659691
IRL,2012,Male,25-55,60,57.491852,52.674179
IRL,2012,Male,25-55,62.5,59.514938,55.574421
IRL,2012,Male,25-55,65,62.735458,57.710239
IRL,2012,Male,25-55,67.5,64.761917,59.543041
IRL,2012,Male,25-55,70,66.826248,62.133579
IRL,2012,Male,25-55,72.5,69.361053,64.930794
IRL,2012,Male,25-55,75,72.086433,66.944519
IRL,2012,Male,25-55,77.5,74.608459,70.136253
IRL,2012,Male,25-55,80,77.132523,71.63324
IRL,2012,Male,25-55,82.5,79.627411,75.146004
IRL,2012,Male,25-55,85,82.517647,77.260529
IRL,2012,Male,25-55,87.5,85.167664,79.44532
IRL,2012,Male,25-55,90,87.432213,81.970123
IRL,2012,Male,25-55,92.5,90.075943,84.367897
IRL,2012,Male,25-55,95,92.727539,87.471947
IRL,2012,Male,25-55,97.5,95.300331,90.229156
IRL,2012,Male,25-55,99,97.518387,91.7584
IRL,2012,Male,25-55,99.90000000000001,99.073624,93.2155
IRL,2012,Male,25-55,100,99.888969,93.471237
IRL,2012,Male,35-44,2.5,5.0015278,17.408739
IRL,2012,Male,35-44,5,7.7843342,18.71682
IRL,2012,Male,35-44,7.5,10.77984,21.121111
IRL,2012,Male,35-44,10,11.9768,22.271919
IRL,2012,Male,35-44,12.5,13.78526,22.781401
IRL,2012,Male,35-44,15,15.74646,23.816771
IRL,2012,Male,35-44,17.5,16.83609,26.089411
IRL,2012,Male,35-44,20,19.932261,26.05448
IRL,2012,Male,35-44,22.5,22.387091,26.592039
IRL,2012,Male,35-44,25,24.4193,29.341339
IRL,2012,Male,35-44,27.5,27.052231,27.08572
IRL,2012,Male,35-44,30,29.18198,29.136971
IRL,2012,Male,35-44,32.5,31.428499,31.037769
IRL,2012,Male,35-44,35,33.565479,31.578621
IRL,2012,Male,35-44,37.5,35.84116,34.143681
IRL,2012,Male,35-44,40,38.563709,36.369419
IRL,2012,Male,35-44,42.5,40.640919,38.55975
IRL,2012,Male,35-44,45,43.028999,40.44138
IRL,2012,Male,35-44,47.5,45.563622,43.52441
IRL,2012,Male,35-44,50,47.707588,44.848412
IRL,2012,Male,35-44,52.5,50.339371,46.63105
IRL,2012,Male,35-44,55,52.670811,49.991928
IRL,2012,Male,35-44,57.5,55.3335,51.776619
IRL,2012,Male,35-44,60,57.931381,53.324829
IRL,2012,Male,35-44,62.5,59.321651,56.626259
IRL,2012,Male,35-44,65,62.89521,59.739941
IRL,2012,Male,35-44,67.5,65.440804,61.65353
IRL,2012,Male,35-44,70,67.143463,63.986969
IRL,2012,Male,35-44,72.5,70.008163,67.501778
IRL,2012,Male,35-44,75,72.673683,69.295639
IRL,2012,Male,35-44,77.5,75.146477,72.809601
IRL,2012,Male,35-44,80,77.785828,74.76252
IRL,2012,Male,35-44,82.5,80.284317,77.208328
IRL,2012,Male,35-44,85,83.005524,79.61853
IRL,2012,Male,35-44,87.5,85.365509,81.955704
IRL,2012,Male,35-44,90,87.553879,83.796249
IRL,2012,Male,35-44,92.5,90.241837,85.520859
IRL,2012,Male,35-44,95,92.66626,88.098183
IRL,2012,Male,35-44,97.5,95.398216,91.394043
IRL,2012,Male,35-44,99,97.583122,93.650108
IRL,2012,Male,35-44,99.90000000000001,99.281197,94.933632
IRL,2012,Male,35-44,100,99.939072,97.403503
IRL,2012,Male,45-55,2.5,4.9582152,17.24205
IRL,2012,Male,45-55,5,6.7649989,15.75729
IRL,2012,Male,45-55,7.5,9.4378357,17.99297
IRL,2012,Male,45-55,10,11.60497,19.38475
IRL,2012,Male,45-55,12.5,12.68744,20.016661
IRL,2012,Male,45-55,15,14.26537,19.542
IRL,2012,Male,45-55,17.5,16.68819,22.542801
IRL,2012,Male,45-55,20,19.961929,25.30942
IRL,2012,Male,45-55,22.5,21.661289,25.32493
IRL,2012,Male,45-55,25,24.08737,25.76524
IRL,2012,Male,45-55,27.5,26.59935,26.75753
IRL,2012,Male,45-55,30,29.34514,30.194349
IRL,2012,Male,45-55,32.5,30.428869,31.3148
IRL,2012,Male,45-55,35,33.596439,33.345749
IRL,2012,Male,45-55,37.5,36.099831,35.574402
IRL,2012,Male,45-55,40,38.268429,37.558769
IRL,2012,Male,45-55,42.5,41.373749,39.222221
IRL,2012,Male,45-55,45,43.725441,40.784309
IRL,2012,Male,45-55,47.5,45.623981,43.393848
IRL,2012,Male,45-55,50,47.517899,43.519901
IRL,2012,Male,45-55,52.5,50.2066,49.617439
IRL,2012,Male,45-55,55,53.997452,51.726551
IRL,2012,Male,45-55,57.5,55.732841,52.72142
IRL,2012,Male,45-55,60,57.908958,56.658218
IRL,2012,Male,45-55,62.5,60.723839,59.530281
IRL,2012,Male,45-55,65,63.855831,60.775242
IRL,2012,Male,45-55,67.5,65.041771,64.067863
IRL,2012,Male,45-55,70,67.983231,65.143532
IRL,2012,Male,45-55,72.5,70.158577,67.496567
IRL,2012,Male,45-55,75,72.684837,70.4888
IRL,2012,Male,45-55,77.5,75.434937,72.993896
IRL,2012,Male,45-55,80,78.279839,75.590942
IRL,2012,Male,45-55,82.5,79.925636,78.456444
IRL,2012,Male,45-55,85,83.42395,80.687042
IRL,2012,Male,45-55,87.5,85.804749,81.160591
IRL,2012,Male,45-55,90,87.863388,84.281174
IRL,2012,Male,45-55,92.5,90.616074,85.384521
IRL,2012,Male,45-55,95,92.721962,88.88765
IRL,2012,Male,45-55,97.5,95.52198,92.163437
IRL,2012,Male,45-55,99,97.958252,91.235153
IRL,2012,Male,45-55,99.90000000000001,99.233322,94.584824
IRL,2012,Male,45-55,100,99.941856,99.590584
IRL,2013,All genders,25-34,2.5,7.303349,26.597719
IRL,2013,All genders,25-34,5,9.9254885,27.788179
IRL,2013,All genders,25-34,7.5,11.84521,27.43462
IRL,2013,All genders,25-34,10,13.63707,27.284031
IRL,2013,All genders,25-34,12.5,15.761,29.559151
IRL,2013,All genders,25-34,15,17.604349,30.793779
IRL,2013,All genders,25-34,17.5,19.30954,31.7031
IRL,2013,All genders,25-34,20,20.6113,31.17317
IRL,2013,All genders,25-34,22.5,22.371651,32.413349
IRL,2013,All genders,25-34,25,24.442249,33.686039
IRL,2013,All genders,25-34,27.5,28.24159,34.215832
IRL,2013,All genders,25-34,30,30.300541,35.166222
IRL,2013,All genders,25-34,32.5,31.89846,36.089531
IRL,2013,All genders,25-34,35,33.46841,37.19186
IRL,2013,All genders,25-34,37.5,36.149319,38.73241
IRL,2013,All genders,25-34,40,38.370152,38.779362
IRL,2013,All genders,25-34,42.5,40.760189,39.375038
IRL,2013,All genders,25-34,45,42.70491,40.144428
IRL,2013,All genders,25-34,47.5,44.596981,42.142799
IRL,2013,All genders,25-34,50,47.319,43.736179
IRL,2013,All genders,25-34,52.5,50.220058,44.481232
IRL,2013,All genders,25-34,55,51.928459,47.308102
IRL,2013,All genders,25-34,57.5,54.37207,50.20509
IRL,2013,All genders,25-34,60,56.324268,50.51228
IRL,2013,All genders,25-34,62.5,59.403221,53.083721
IRL,2013,All genders,25-34,65,61.26862,54.169731
IRL,2013,All genders,25-34,67.5,64.256767,56.77615
IRL,2013,All genders,25-34,70,66.680473,59.116871
IRL,2013,All genders,25-34,72.5,69.213814,62.64822
IRL,2013,All genders,25-34,75,71.36174,62.998032
IRL,2013,All genders,25-34,77.5,74.024017,65.997688
IRL,2013,All genders,25-34,80,76.979347,68.499062
IRL,2013,All genders,25-34,82.5,79.269829,70.831772
IRL,2013,All genders,25-34,85,82.094078,73.545547
IRL,2013,All genders,25-34,87.5,84.334259,75.556953
IRL,2013,All genders,25-34,90,86.966377,78.640343
IRL,2013,All genders,25-34,92.5,90.041634,81.96151
IRL,2013,All genders,25-34,95,92.463364,84.085342
IRL,2013,All genders,25-34,97.5,94.915733,87.306961
IRL,2013,All genders,25-34,99,97.335167,87.711487
IRL,2013,All genders,25-34,99.90000000000001,98.817833,91.497467
IRL,2013,All genders,25-34,100,99.013657,88.862846
IRL,2013,All genders,25-55,2.5,6.02561,21.52791
IRL,2013,All genders,25-55,5,8.318018,22.56629
IRL,2013,All genders,25-55,7.5,10.17149,22.806971
IRL,2013,All genders,25-55,10,11.98439,23.52149
IRL,2013,All genders,25-55,12.5,13.90043,24.478029
IRL,2013,All genders,25-55,15,15.76429,26.172239
IRL,2013,All genders,25-55,17.5,17.930031,27.101789
IRL,2013,All genders,25-55,20,19.886789,27.141251
IRL,2013,All genders,25-55,22.5,21.840651,28.367201
IRL,2013,All genders,25-55,25,24.372311,29.32863
IRL,2013,All genders,25-55,27.5,27.114771,30.82398
IRL,2013,All genders,25-55,30,29.578329,32.134571
IRL,2013,All genders,25-55,32.5,31.66124,33.245979
IRL,2013,All genders,25-55,35,33.488522,34.290298
IRL,2013,All genders,25-55,37.5,35.93129,36.68932
IRL,2013,All genders,25-55,40,38.352341,37.762871
IRL,2013,All genders,25-55,42.5,40.976051,39.327702
IRL,2013,All genders,25-55,45,43.064098,40.23365
IRL,2013,All genders,25-55,47.5,45.029598,43.252838
IRL,2013,All genders,25-55,50,47.944832,45.128021
IRL,2013,All genders,25-55,52.5,50.581921,46.8964
IRL,2013,All genders,25-55,55,52.663059,49.526989
IRL,2013,All genders,25-55,57.5,55.1413,51.537041
IRL,2013,All genders,25-55,60,57.567909,53.596249
IRL,2013,All genders,25-55,62.5,60.21833,55.78717
IRL,2013,All genders,25-55,65,62.374599,56.787659
IRL,2013,All genders,25-55,67.5,64.958504,59.80357
IRL,2013,All genders,25-55,70,67.51873,62.669079
IRL,2013,All genders,25-55,72.5,70.009033,65.445236
IRL,2013,All genders,25-55,75,72.552422,67.390533
IRL,2013,All genders,25-55,77.5,74.972954,69.720177
IRL,2013,All genders,25-55,80,77.616173,72.419601
IRL,2013,All genders,25-55,82.5,79.971863,74.175743
IRL,2013,All genders,25-55,85,82.652283,76.997543
IRL,2013,All genders,25-55,87.5,85.108398,79.281792
IRL,2013,All genders,25-55,90,87.421448,81.505539
IRL,2013,All genders,25-55,92.5,89.96022,84.116997
IRL,2013,All genders,25-55,95,92.749527,86.079529
IRL,2013,All genders,25-55,97.5,95.261543,89.465469
IRL,2013,All genders,25-55,99,97.56324,90.755333
IRL,2013,All genders,25-55,99.90000000000001,98.948692,93.482193
IRL,2013,All genders,25-55,100,99.602524,92.955917
IRL,2013,All genders,35-44,2.5,5.708149,18.784201
IRL,2013,All genders,35-44,5,7.5247269,19.891171
IRL,2013,All genders,35-44,7.5,9.6393595,21.146099
IRL,2013,All genders,35-44,10,11.50139,22.3993
IRL,2013,All genders,35-44,12.5,13.26511,22.022169
IRL,2013,All genders,35-44,15,14.9501,24.165409
IRL,2013,All genders,35-44,17.5,17.234209,24.853849
IRL,2013,All genders,35-44,20,19.71563,25.360451
IRL,2013,All genders,35-44,22.5,21.775299,26.8794
IRL,2013,All genders,35-44,25,24.40345,27.298161
IRL,2013,All genders,35-44,27.5,26.885599,29.06078
IRL,2013,All genders,35-44,30,29.149349,30.333759
IRL,2013,All genders,35-44,32.5,31.554859,31.80825
IRL,2013,All genders,35-44,35,33.36076,32.326099
IRL,2013,All genders,35-44,37.5,35.685089,35.984772
IRL,2013,All genders,35-44,40,38.58007,37.108028
IRL,2013,All genders,35-44,42.5,40.91473,39.433151
IRL,2013,All genders,35-44,45,43.065861,40.35574
IRL,2013,All genders,35-44,47.5,45.195301,43.89011
IRL,2013,All genders,35-44,50,48.020351,46.26133
IRL,2013,All genders,35-44,52.5,50.754509,47.936401
IRL,2013,All genders,35-44,55,53.009739,50.64106
IRL,2013,All genders,35-44,57.5,55.37323,52.01173
IRL,2013,All genders,35-44,60,58.11372,55.501968
IRL,2013,All genders,35-44,62.5,60.663639,57.27961
IRL,2013,All genders,35-44,65,62.886108,57.836288
IRL,2013,All genders,35-44,67.5,65.090912,61.28796
IRL,2013,All genders,35-44,70,67.956123,64.330872
IRL,2013,All genders,35-44,72.5,70.190193,66.809883
IRL,2013,All genders,35-44,75,73.146751,69.397774
IRL,2013,All genders,35-44,77.5,75.432404,71.188599
IRL,2013,All genders,35-44,80,78.117851,74.900871
IRL,2013,All genders,35-44,82.5,80.224213,75.454903
IRL,2013,All genders,35-44,85,82.665138,78.735039
IRL,2013,All genders,35-44,87.5,85.417107,81.378647
IRL,2013,All genders,35-44,90,87.505928,82.480568
IRL,2013,All genders,35-44,92.5,89.773582,84.487823
IRL,2013,All genders,35-44,95,92.692322,86.32029
IRL,2013,All genders,35-44,97.5,95.387444,90.206467
IRL,2013,All genders,35-44,99,97.564018,92.4263
IRL,2013,All genders,35-44,99.90000000000001,99.018867,94.248253
IRL,2013,All genders,35-44,100,99.890259,97.708572
IRL,2013,All genders,45-55,2.5,4.8387351,18.051741
IRL,2013,All genders,45-55,5,7.3943129,18.670481
IRL,2013,All genders,45-55,7.5,8.7952528,17.758631
IRL,2013,All genders,45-55,10,10.552,18.92252
IRL,2013,All genders,45-55,12.5,12.42859,20.360889
IRL,2013,All genders,45-55,15,14.57879,21.90456
IRL,2013,All genders,45-55,17.5,17.162371,23.425699
IRL,2013,All genders,45-55,20,19.20183,23.515129
IRL,2013,All genders,45-55,22.5,21.25316,24.02499
IRL,2013,All genders,45-55,25,24.238131,25.614161
IRL,2013,All genders,45-55,27.5,25.994631,28.342569
IRL,2013,All genders,45-55,30,29.271549,30.43049
IRL,2013,All genders,45-55,32.5,31.5093,31.07021
IRL,2013,All genders,45-55,35,33.698601,33.204498
IRL,2013,All genders,45-55,37.5,36.004951,34.39959
IRL,2013,All genders,45-55,40,38.000568,37.304531
IRL,2013,All genders,45-55,42.5,41.340851,39.002819
IRL,2013,All genders,45-55,45,43.523029,40.129871
IRL,2013,All genders,45-55,47.5,45.34547,43.936409
IRL,2013,All genders,45-55,50,48.640591,45.22945
IRL,2013,All genders,45-55,52.5,50.79731,49.12875
IRL,2013,All genders,45-55,55,53.10754,51.251801
IRL,2013,All genders,45-55,57.5,55.793621,52.991058
IRL,2013,All genders,45-55,60,58.379509,55.151199
IRL,2013,All genders,45-55,62.5,60.622082,57.57729
IRL,2013,All genders,45-55,65,63.05991,59.396549
IRL,2013,All genders,45-55,67.5,65.668373,62.19215
IRL,2013,All genders,45-55,70,67.967293,65.683441
IRL,2013,All genders,45-55,72.5,70.764374,67.683144
IRL,2013,All genders,45-55,75,73.228653,71.23008
IRL,2013,All genders,45-55,77.5,75.528503,73.477501
IRL,2013,All genders,45-55,80,77.712692,74.27285
IRL,2013,All genders,45-55,82.5,80.509033,77.651871
IRL,2013,All genders,45-55,85,83.351044,79.642082
IRL,2013,All genders,45-55,87.5,85.655609,81.649193
IRL,2013,All genders,45-55,90,87.885811,84.734283
IRL,2013,All genders,45-55,92.5,90.12468,87.363533
IRL,2013,All genders,45-55,95,93.198883,89.312401
IRL,2013,All genders,45-55,97.5,95.527458,91.912308
IRL,2013,All genders,45-55,99,97.85273,92.772057
IRL,2013,All genders,45-55,99.90000000000001,99.01458,95.519623
IRL,2013,All genders,45-55,100,99.941147,89.408279
IRL,2013,Female,25-34,2.5,6.9159851,25.13715
IRL,2013,Female,25-34,5,9.6783228,27.16353
IRL,2013,Female,25-34,7.5,11.81813,26.01082
IRL,2013,Female,25-34,10,14.13154,25.86252
IRL,2013,Female,25-34,12.5,14.9867,28.07457
IRL,2013,Female,25-34,15,17.00227,29.04928
IRL,2013,Female,25-34,17.5,18.39024,30.289749
IRL,2013,Female,25-34,20,20.995701,30.11058
IRL,2013,Female,25-34,22.5,21.80463,31.009331
IRL,2013,Female,25-34,25,24.306629,31.98271
IRL,2013,Female,25-34,27.5,27.134569,33.232941
IRL,2013,Female,25-34,30,29.85408,33.887329
IRL,2013,Female,25-34,32.5,31.282181,35.216831
IRL,2013,Female,25-34,35,33.163361,36.971241
IRL,2013,Female,25-34,37.5,35.394581,38.829559
IRL,2013,Female,25-34,40,38.574081,38.549389
IRL,2013,Female,25-34,42.5,40.943878,38.715092
IRL,2013,Female,25-34,45,42.763119,39.533649
IRL,2013,Female,25-34,47.5,44.668652,43.300999
IRL,2013,Female,25-34,50,47.720081,44.19458
IRL,2013,Female,25-34,52.5,50.096249,44.780701
IRL,2013,Female,25-34,55,52.219582,49.699409
IRL,2013,Female,25-34,57.5,54.40696,51.405781
IRL,2013,Female,25-34,60,56.67548,52.31673
IRL,2013,Female,25-34,62.5,60.182468,54.607609
IRL,2013,Female,25-34,65,61.823269,56.245281
IRL,2013,Female,25-34,67.5,64.918007,57.6399
IRL,2013,Female,25-34,70,66.678726,60.04356
IRL,2013,Female,25-34,72.5,69.555763,64.090378
IRL,2013,Female,25-34,75,71.569443,64.924591
IRL,2013,Female,25-34,77.5,74.463928,66.442688
IRL,2013,Female,25-34,80,77.240479,69.440308
IRL,2013,Female,25-34,82.5,79.364731,72.590271
IRL,2013,Female,25-34,85,82.521378,74.504913
IRL,2013,Female,25-34,87.5,84.662277,75.878052
IRL,2013,Female,25-34,90,87.165352,78.310112
IRL,2013,Female,25-34,92.5,90.205261,81.238617
IRL,2013,Female,25-34,95,92.415779,83.14756
IRL,2013,Female,25-34,97.5,94.907143,86.742844
IRL,2013,Female,25-34,99,97.526154,87.482857
IRL,2013,Female,25-34,99.90000000000001,98.981377,92.913483
IRL,2013,Female,25-34,100,98.204132,92.05024
IRL,2013,Female,25-55,2.5,5.9460411,21.71026
IRL,2013,Female,25-55,5,8.1086721,22.56649
IRL,2013,Female,25-55,7.5,10.07772,21.851431
IRL,2013,Female,25-55,10,12.13316,23.165581
IRL,2013,Female,25-55,12.5,13.74938,23.466089
IRL,2013,Female,25-55,15,15.34173,25.01734
IRL,2013,Female,25-55,17.5,17.549459,26.052031
IRL,2013,Female,25-55,20,20.01285,25.89175
IRL,2013,Female,25-55,22.5,21.78179,27.760691
IRL,2013,Female,25-55,25,24.24506,29.007021
IRL,2013,Female,25-55,27.5,26.78561,31.000629
IRL,2013,Female,25-55,30,29.406759,32.283329
IRL,2013,Female,25-55,32.5,31.49398,33.679008
IRL,2013,Female,25-55,35,33.250191,34.794159
IRL,2013,Female,25-55,37.5,35.700279,37.764042
IRL,2013,Female,25-55,40,38.462341,38.556622
IRL,2013,Female,25-55,42.5,41.035931,39.37841
IRL,2013,Female,25-55,45,42.7761,40.564129
IRL,2013,Female,25-55,47.5,45.275639,44.220169
IRL,2013,Female,25-55,50,48.093239,45.54895
IRL,2013,Female,25-55,52.5,50.386299,48.054909
IRL,2013,Female,25-55,55,52.823471,51.18845
IRL,2013,Female,25-55,57.5,55.331001,52.281841
IRL,2013,Female,25-55,60,57.624519,54.547291
IRL,2013,Female,25-55,62.5,60.64587,56.076721
IRL,2013,Female,25-55,65,62.566479,57.65406
IRL,2013,Female,25-55,67.5,65.154701,59.668991
IRL,2013,Female,25-55,70,67.539124,62.436279
IRL,2013,Female,25-55,72.5,70.108833,65.920967
IRL,2013,Female,25-55,75,72.498596,67.459381
IRL,2013,Female,25-55,77.5,75.166206,69.611221
IRL,2013,Female,25-55,80,77.651787,72.304413
IRL,2013,Female,25-55,82.5,79.933449,74.29213
IRL,2013,Female,25-55,85,82.86142,76.846992
IRL,2013,Female,25-55,87.5,85.387733,78.890106
IRL,2013,Female,25-55,90,87.675583,81.05117
IRL,2013,Female,25-55,92.5,90.051018,83.026154
IRL,2013,Female,25-55,95,92.674301,84.767616
IRL,2013,Female,25-55,97.5,95.209831,88.920731
IRL,2013,Female,25-55,99,97.658096,89.938278
IRL,2013,Female,25-55,99.90000000000001,99.155128,93.814621
IRL,2013,Female,25-55,100,99.311653,96.915993
IRL,2013,Female,35-44,2.5,5.7896581,19.66765
IRL,2013,Female,35-44,5,7.0824008,19.77265
IRL,2013,Female,35-44,7.5,9.3728542,20.137341
IRL,2013,Female,35-44,10,11.38396,22.588079
IRL,2013,Female,35-44,12.5,13.49056,21.032949
IRL,2013,Female,35-44,15,14.85576,23.041241
IRL,2013,Female,35-44,17.5,16.838369,23.646851
IRL,2013,Female,35-44,20,19.382469,23.489321
IRL,2013,Female,35-44,22.5,21.879959,26.208
IRL,2013,Female,35-44,25,24.29114,27.59996
IRL,2013,Female,35-44,27.5,27.09197,29.883129
IRL,2013,Female,35-44,30,29.062389,31.467609
IRL,2013,Female,35-44,32.5,31.71846,33.002411
IRL,2013,Female,35-44,35,33.3186,33.133759
IRL,2013,Female,35-44,37.5,35.738049,38.055241
IRL,2013,Female,35-44,40,38.676609,38.884159
IRL,2013,Female,35-44,42.5,40.77803,40.068298
IRL,2013,Female,35-44,45,42.788181,41.546539
IRL,2013,Female,35-44,47.5,45.666401,44.894581
IRL,2013,Female,35-44,50,48.35849,47.125099
IRL,2013,Female,35-44,52.5,50.669498,49.93285
IRL,2013,Female,35-44,55,53.224899,52.173409
IRL,2013,Female,35-44,57.5,55.704849,52.850121
IRL,2013,Female,35-44,60,58.12178,56.403179
IRL,2013,Female,35-44,62.5,60.991821,56.756008
IRL,2013,Female,35-44,65,62.742699,58.320999
IRL,2013,Female,35-44,67.5,65.254707,60.586552
IRL,2013,Female,35-44,70,68.196091,63.62278
IRL,2013,Female,35-44,72.5,70.257607,67.183502
IRL,2013,Female,35-44,75,72.751907,68.492577
IRL,2013,Female,35-44,77.5,75.535553,70.882278
IRL,2013,Female,35-44,80,78.152077,74.592484
IRL,2013,Female,35-44,82.5,80.031609,74.827957
IRL,2013,Female,35-44,85,82.63533,77.428101
IRL,2013,Female,35-44,87.5,85.631142,80.582443
IRL,2013,Female,35-44,90,87.700592,81.788673
IRL,2013,Female,35-44,92.5,89.647957,82.913803
IRL,2013,Female,35-44,95,92.435364,84.478867
IRL,2013,Female,35-44,97.5,95.197647,89.475121
IRL,2013,Female,35-44,99,97.60672,91.343147
IRL,2013,Female,35-44,99.90000000000001,99.191307,93.072601
IRL,2013,Female,35-44,100,99.897659,99.622879
IRL,2013,Female,45-55,2.5,4.906703,19.53229
IRL,2013,Female,45-55,5,7.502759,19.737181
IRL,2013,Female,45-55,7.5,8.8166265,17.507561
IRL,2013,Female,45-55,10,10.58227,19.15933
IRL,2013,Female,45-55,12.5,12.50919,19.84199
IRL,2013,Female,45-55,15,13.87747,21.487129
IRL,2013,Female,45-55,17.5,17.45026,23.08773
IRL,2013,Female,45-55,20,19.61375,22.98217
IRL,2013,Female,45-55,22.5,21.615891,24.818569
IRL,2013,Female,45-55,25,24.102489,26.294849
IRL,2013,Female,45-55,27.5,25.907681,29.09787
IRL,2013,Female,45-55,30,29.309389,30.95023
IRL,2013,Female,45-55,32.5,31.456551,32.15955
IRL,2013,Female,45-55,35,33.26746,34.230309
IRL,2013,Female,45-55,37.5,36.041901,35.034672
IRL,2013,Female,45-55,40,38.02137,37.845322
IRL,2013,Female,45-55,42.5,41.512642,39.147018
IRL,2013,Female,45-55,45,42.776039,40.411282
IRL,2013,Female,45-55,47.5,45.519039,44.529659
IRL,2013,Female,45-55,50,48.20644,44.724129
IRL,2013,Female,45-55,52.5,50.367199,50.297619
IRL,2013,Female,45-55,55,53.0499,51.929871
IRL,2013,Female,45-55,57.5,56.00032,52.738911
IRL,2013,Female,45-55,60,58.16293,54.787769
IRL,2013,Female,45-55,62.5,60.76395,57.452721
IRL,2013,Female,45-55,65,63.28331,58.944519
IRL,2013,Female,45-55,67.5,65.321297,61.574921
IRL,2013,Female,45-55,70,67.743462,64.50515
IRL,2013,Female,45-55,72.5,70.612381,66.709244
IRL,2013,Female,45-55,75,73.34745,70.147652
IRL,2013,Female,45-55,77.5,75.562683,72.992287
IRL,2013,Female,45-55,80,77.488457,72.844002
IRL,2013,Female,45-55,82.5,80.530151,76.439743
IRL,2013,Female,45-55,85,83.614632,80.131287
IRL,2013,Female,45-55,87.5,85.983978,81.049561
IRL,2013,Female,45-55,90,88.303978,84.773354
IRL,2013,Female,45-55,92.5,90.410233,86.776657
IRL,2013,Female,45-55,95,93.33802,88.574142
IRL,2013,Female,45-55,97.5,95.621384,91.986076
IRL,2013,Female,45-55,99,97.898262,91.597893
IRL,2013,Female,45-55,99.90000000000001,99.326317,97.142143
IRL,2013,Female,45-55,100,99.948128,99.880211
IRL,2013,Male,25-34,2.5,7.7078428,28.14109
IRL,2013,Male,25-34,5,10.18351,28.453051
IRL,2013,Male,25-34,7.5,11.87349,28.95335
IRL,2013,Male,25-34,10,13.12176,28.791349
IRL,2013,Male,25-34,12.5,16.57336,31.13335
IRL,2013,Male,25-34,15,18.23291,32.65435
IRL,2013,Male,25-34,17.5,20.269279,33.198921
IRL,2013,Male,25-34,20,20.21134,32.30204
IRL,2013,Male,25-34,22.5,22.96361,33.910969
IRL,2013,Male,25-34,25,24.584049,35.492199
IRL,2013,Male,25-34,27.5,29.397221,35.260029
IRL,2013,Male,25-34,30,30.7659,36.527611
IRL,2013,Male,25-34,32.5,32.54073,37.018429
IRL,2013,Male,25-34,35,33.787411,37.4249
IRL,2013,Male,25-34,37.5,36.934608,38.62859
IRL,2013,Male,25-34,40,38.156891,39.023682
IRL,2013,Male,25-34,42.5,40.5681,40.07217
IRL,2013,Male,25-34,45,42.64426,40.794621
IRL,2013,Male,25-34,47.5,44.52203,40.91003
IRL,2013,Male,25-34,50,46.90102,43.248199
IRL,2013,Male,25-34,52.5,50.34911,44.16304
IRL,2013,Male,25-34,55,51.624062,44.762821
IRL,2013,Male,25-34,57.5,54.33577,48.926949
IRL,2013,Male,25-34,60,55.95702,48.606171
IRL,2013,Male,25-34,62.5,58.588322,51.464771
IRL,2013,Male,25-34,65,60.690571,51.951611
IRL,2013,Male,25-34,67.5,63.567612,55.863739
IRL,2013,Male,25-34,70,66.682281,58.13052
IRL,2013,Male,25-34,72.5,68.858559,61.113022
IRL,2013,Male,25-34,75,71.144943,60.95517
IRL,2013,Male,25-34,77.5,73.564034,65.524933
IRL,2013,Male,25-34,80,76.707176,67.496971
IRL,2013,Male,25-34,82.5,79.170921,68.960037
IRL,2013,Male,25-34,85,81.646492,72.530212
IRL,2013,Male,25-34,87.5,83.992363,75.214493
IRL,2013,Male,25-34,90,86.758011,78.990509
IRL,2013,Male,25-34,92.5,89.870811,82.72805
IRL,2013,Male,25-34,95,92.513023,85.085632
IRL,2013,Male,25-34,97.5,94.924698,87.907997
IRL,2013,Male,25-34,99,97.135017,87.952362
IRL,2013,Male,25-34,99.90000000000001,98.648933,89.986526
IRL,2013,Male,25-34,100,99.883148,85.675453
IRL,2013,Male,25-55,2.5,6.105638,21.34424
IRL,2013,Male,25-55,5,8.5286818,22.56608
IRL,2013,Male,25-55,7.5,10.26596,23.775
IRL,2013,Male,25-55,10,11.8352,23.8792
IRL,2013,Male,25-55,12.5,14.05286,25.49728
IRL,2013,Male,25-55,15,16.190241,27.340521
IRL,2013,Male,25-55,17.5,18.31234,28.157631
IRL,2013,Male,25-55,20,19.76045,28.403391
IRL,2013,Male,25-55,22.5,21.90015,28.979429
IRL,2013,Male,25-55,25,24.500151,29.65304
IRL,2013,Male,25-55,27.5,27.445999,30.646061
IRL,2013,Male,25-55,30,29.750879,31.98443
IRL,2013,Male,25-55,32.5,31.82954,32.80888
IRL,2013,Male,25-55,35,33.728352,33.782421
IRL,2013,Male,25-55,37.5,36.163101,35.603691
IRL,2013,Male,25-55,40,38.24157,36.96167
IRL,2013,Male,25-55,42.5,40.91576,39.276741
IRL,2013,Male,25-55,45,43.354401,39.90007
IRL,2013,Male,25-55,47.5,44.782421,42.274281
IRL,2013,Male,25-55,50,47.795231,44.704048
IRL,2013,Male,25-55,52.5,50.77821,45.728668
IRL,2013,Male,25-55,55,52.501999,47.846241
IRL,2013,Male,25-55,57.5,54.95018,50.785229
IRL,2013,Male,25-55,60,57.510941,52.64109
IRL,2013,Male,25-55,62.5,59.78735,55.494678
IRL,2013,Male,25-55,65,62.18195,55.91246
IRL,2013,Male,25-55,67.5,64.761169,59.939209
IRL,2013,Male,25-55,70,67.498177,62.903889
IRL,2013,Male,25-55,72.5,69.90876,64.964684
IRL,2013,Male,25-55,75,72.606613,67.321342
IRL,2013,Male,25-55,77.5,74.778923,69.830307
IRL,2013,Male,25-55,80,77.580292,72.535797
IRL,2013,Male,25-55,82.5,80.010521,74.058098
IRL,2013,Male,25-55,85,82.441833,77.148972
IRL,2013,Male,25-55,87.5,84.827164,79.678017
IRL,2013,Male,25-55,90,87.165718,81.96254
IRL,2013,Male,25-55,92.5,89.868851,85.214943
IRL,2013,Male,25-55,95,92.825287,87.407639
IRL,2013,Male,25-55,97.5,95.313553,90.015007
IRL,2013,Male,25-55,99,97.467468,91.579269
IRL,2013,Male,25-55,99.90000000000001,98.742577,93.147087
IRL,2013,Male,25-55,100,99.89698,89.054977
IRL,2013,Male,35-44,2.5,5.6301951,17.925501
IRL,2013,Male,35-44,5,7.9485168,20.006229
IRL,2013,Male,35-44,7.5,9.8947105,22.13014
IRL,2013,Male,35-44,10,11.61308,22.21607
IRL,2013,Male,35-44,12.5,13.04879,22.982401
IRL,2013,Male,35-44,15,15.04076,25.260229
IRL,2013,Male,35-44,17.5,17.61128,26.02536
IRL,2013,Male,35-44,20,20.03339,27.18585
IRL,2013,Male,35-44,22.5,21.674271,27.53002
IRL,2013,Male,35-44,25,24.510111,27.00329
IRL,2013,Male,35-44,27.5,26.687889,28.26388
IRL,2013,Male,35-44,30,29.23292,29.23131
IRL,2013,Male,35-44,32.5,31.3988,30.647209
IRL,2013,Male,35-44,35,33.40115,31.540831
IRL,2013,Male,35-44,37.5,35.634571,33.97509
IRL,2013,Male,35-44,40,38.48798,35.375359
IRL,2013,Male,35-44,42.5,41.045891,38.81665
IRL,2013,Male,35-44,45,43.333111,39.199841
IRL,2013,Male,35-44,47.5,44.74789,42.907009
IRL,2013,Male,35-44,50,47.6954,45.42429
IRL,2013,Male,35-44,52.5,50.835949,46.00499
IRL,2013,Male,35-44,55,52.805401,49.1413
IRL,2013,Male,35-44,57.5,55.05455,51.19791
IRL,2013,Male,35-44,60,58.10598,54.627178
IRL,2013,Male,35-44,62.5,60.350128,57.790371
IRL,2013,Male,35-44,65,63.023102,57.36581
IRL,2013,Male,35-44,67.5,64.93396,61.969921
IRL,2013,Male,35-44,70,67.727219,65.018211
IRL,2013,Male,35-44,72.5,70.125504,66.446007
IRL,2013,Male,35-44,75,73.524483,70.273438
IRL,2013,Male,35-44,77.5,75.334267,71.488403
IRL,2013,Male,35-44,80,78.085007,75.200218
IRL,2013,Male,35-44,82.5,80.408997,76.065498
IRL,2013,Male,35-44,85,82.693527,80.003532
IRL,2013,Male,35-44,87.5,85.211433,82.154068
IRL,2013,Male,35-44,90,87.319687,83.151077
IRL,2013,Male,35-44,92.5,89.893593,86.018143
IRL,2013,Male,35-44,95,92.938164,88.116577
IRL,2013,Male,35-44,97.5,95.56916,90.916054
IRL,2013,Male,35-44,99,97.522957,93.482887
IRL,2013,Male,35-44,99.90000000000001,98.85601,95.381142
IRL,2013,Male,35-44,100,99.882874,95.794273
IRL,2013,Male,45-55,2.5,4.7686982,16.576691
IRL,2013,Male,45-55,5,7.2825952,17.61549
IRL,2013,Male,45-55,7.5,8.7731409,18.009701
IRL,2013,Male,45-55,10,10.52082,18.69002
IRL,2013,Male,45-55,12.5,12.34538,20.87598
IRL,2013,Male,45-55,15,15.30278,22.32045
IRL,2013,Male,45-55,17.5,16.865129,23.759951
IRL,2013,Male,45-55,20,18.77928,24.044189
IRL,2013,Male,45-55,22.5,20.87709,23.23435
IRL,2013,Male,45-55,25,24.378429,24.943451
IRL,2013,Male,45-55,27.5,26.084209,27.592819
IRL,2013,Male,45-55,30,29.23274,29.91456
IRL,2013,Male,45-55,32.5,31.5641,29.988871
IRL,2013,Male,45-55,35,34.141819,32.178699
IRL,2013,Male,45-55,37.5,35.966881,33.769169
IRL,2013,Male,45-55,40,37.979012,36.76968
IRL,2013,Male,45-55,42.5,41.164261,38.860199
IRL,2013,Male,45-55,45,44.29422,39.849491
IRL,2013,Male,45-55,47.5,45.165909,43.34972
IRL,2013,Male,45-55,50,49.089729,45.729221
IRL,2013,Male,45-55,52.5,51.236649,47.9599
IRL,2013,Male,45-55,55,53.16703,50.581242
IRL,2013,Male,45-55,57.5,55.579788,53.242279
IRL,2013,Male,45-55,60,58.601681,55.509319
IRL,2013,Male,45-55,62.5,60.47467,57.700939
IRL,2013,Male,45-55,65,62.830261,59.845249
IRL,2013,Male,45-55,67.5,66.025909,62.809368
IRL,2013,Male,45-55,70,68.199364,66.853073
IRL,2013,Male,45-55,72.5,70.920601,68.649887
IRL,2013,Male,45-55,75,73.105766,72.30056
IRL,2013,Male,45-55,77.5,75.493294,73.957367
IRL,2013,Male,45-55,80,77.944199,75.691193
IRL,2013,Male,45-55,82.5,80.487267,78.85952
IRL,2013,Male,45-55,85,83.078331,79.158249
IRL,2013,Male,45-55,87.5,85.317329,82.24662
IRL,2013,Male,45-55,90,87.455917,84.695663
IRL,2013,Male,45-55,92.5,89.829247,87.941811
IRL,2013,Male,45-55,95,93.054947,90.047928
IRL,2013,Male,45-55,97.5,95.430641,91.839088
IRL,2013,Male,45-55,99,97.805733,93.946243
IRL,2013,Male,45-55,99.90000000000001,98.691711,93.89711
IRL,2013,Male,45-55,100,99.934486,79.741882
IRL,2014,All genders,25-34,2.5,7.80305,26.21311
IRL,2014,All genders,25-34,5,9.6245327,28.57449
IRL,2014,All genders,25-34,7.5,12.28139,28.523849
IRL,2014,All genders,25-34,10,14.01364,28.69537
IRL,2014,All genders,25-34,12.5,15.9082,30.48115
IRL,2014,All genders,25-34,15,17.71397,30.812349
IRL,2014,All genders,25-34,17.5,19.77228,30.999849
IRL,2014,All genders,25-34,20,21.221479,32.178951
IRL,2014,All genders,25-34,22.5,22.54804,33.853329
IRL,2014,All genders,25-34,25,25.312019,34.6647
IRL,2014,All genders,25-34,27.5,28.30619,34.283279
IRL,2014,All genders,25-34,30,29.823759,36.24778
IRL,2014,All genders,25-34,32.5,31.219801,36.916859
IRL,2014,All genders,25-34,35,34.387131,38.933609
IRL,2014,All genders,25-34,37.5,36.96756,38.090019
IRL,2014,All genders,25-34,40,38.06398,40.07692
IRL,2014,All genders,25-34,42.5,40.42638,38.96476
IRL,2014,All genders,25-34,45,42.968472,42.306271
IRL,2014,All genders,25-34,47.5,44.526051,42.782291
IRL,2014,All genders,25-34,50,47.19862,43.083149
IRL,2014,All genders,25-34,52.5,49.86721,45.834961
IRL,2014,All genders,25-34,55,51.415871,46.035412
IRL,2014,All genders,25-34,57.5,54.540939,48.433029
IRL,2014,All genders,25-34,60,56.386921,49.490528
IRL,2014,All genders,25-34,62.5,58.78212,51.541531
IRL,2014,All genders,25-34,65,60.570919,54.694199
IRL,2014,All genders,25-34,67.5,63.646961,55.969349
IRL,2014,All genders,25-34,70,66.563477,58.471722
IRL,2014,All genders,25-34,72.5,68.971573,60.781521
IRL,2014,All genders,25-34,75,71.722473,63.405029
IRL,2014,All genders,25-34,77.5,74.230263,65.540077
IRL,2014,All genders,25-34,80,76.519379,67.356728
IRL,2014,All genders,25-34,82.5,79.211411,71.509697
IRL,2014,All genders,25-34,85,81.918427,72.535873
IRL,2014,All genders,25-34,87.5,84.3955,74.245071
IRL,2014,All genders,25-34,90,87.054237,78.513588
IRL,2014,All genders,25-34,92.5,89.790192,80.662827
IRL,2014,All genders,25-34,95,92.196136,83.13768
IRL,2014,All genders,25-34,97.5,94.818352,86.522591
IRL,2014,All genders,25-34,99,97.35125,88.467758
IRL,2014,All genders,25-34,99.90000000000001,98.788208,91.060722
IRL,2014,All genders,25-34,100,99.769318,90.73288
IRL,2014,All genders,25-55,2.5,6.3528571,21.42745
IRL,2014,All genders,25-55,5,7.9440489,22.64649
IRL,2014,All genders,25-55,7.5,10.28854,22.79866
IRL,2014,All genders,25-55,10,11.96805,23.981791
IRL,2014,All genders,25-55,12.5,13.94837,25.37932
IRL,2014,All genders,25-55,15,15.95208,26.329969
IRL,2014,All genders,25-55,17.5,18.268841,26.88957
IRL,2014,All genders,25-55,20,20.04504,27.572599
IRL,2014,All genders,25-55,22.5,22.18746,28.88954
IRL,2014,All genders,25-55,25,24.612169,30.10701
IRL,2014,All genders,25-55,27.5,27.29003,30.87569
IRL,2014,All genders,25-55,30,29.3706,32.5313
IRL,2014,All genders,25-55,32.5,31.42584,33.955791
IRL,2014,All genders,25-55,35,34.001751,35.10178
IRL,2014,All genders,25-55,37.5,36.06237,36.041801
IRL,2014,All genders,25-55,40,38.266731,37.65239
IRL,2014,All genders,25-55,42.5,40.497318,39.56105
IRL,2014,All genders,25-55,45,43.22131,41.15696
IRL,2014,All genders,25-55,47.5,45.429298,42.60664
IRL,2014,All genders,25-55,50,47.802299,44.758801
IRL,2014,All genders,25-55,52.5,50.346149,47.09684
IRL,2014,All genders,25-55,55,52.5863,48.853062
IRL,2014,All genders,25-55,57.5,55.181599,50.797871
IRL,2014,All genders,25-55,60,57.48135,52.576
IRL,2014,All genders,25-55,62.5,59.810188,55.30888
IRL,2014,All genders,25-55,65,62.172668,57.151619
IRL,2014,All genders,25-55,67.5,64.799294,59.910259
IRL,2014,All genders,25-55,70,67.315964,62.1106
IRL,2014,All genders,25-55,72.5,69.713547,64.62413
IRL,2014,All genders,25-55,75,72.435806,67.213013
IRL,2014,All genders,25-55,77.5,74.954437,69.752571
IRL,2014,All genders,25-55,80,77.575043,71.876427
IRL,2014,All genders,25-55,82.5,80.101997,74.986862
IRL,2014,All genders,25-55,85,82.805977,76.606796
IRL,2014,All genders,25-55,87.5,85.015137,78.599457
IRL,2014,All genders,25-55,90,87.60994,81.542419
IRL,2014,All genders,25-55,92.5,90.050621,83.987663
IRL,2014,All genders,25-55,95,92.528061,86.39679
IRL,2014,All genders,25-55,97.5,95.177254,88.894478
IRL,2014,All genders,25-55,99,97.55407,90.944908
IRL,2014,All genders,25-55,99.90000000000001,98.998383,94.661926
IRL,2014,All genders,25-55,100,99.830437,92.828796
IRL,2014,All genders,35-44,2.5,5.801651,18.816469
IRL,2014,All genders,35-44,5,7.3016462,20.17161
IRL,2014,All genders,35-44,7.5,9.5390091,20.039261
IRL,2014,All genders,35-44,10,11.40666,22.54085
IRL,2014,All genders,35-44,12.5,13.46923,23.124599
IRL,2014,All genders,35-44,15,15.45955,24.226709
IRL,2014,All genders,35-44,17.5,17.700171,25.39373
IRL,2014,All genders,35-44,20,19.480671,25.754259
IRL,2014,All genders,35-44,22.5,22.117941,26.608891
IRL,2014,All genders,35-44,25,24.323231,28.012659
IRL,2014,All genders,35-44,27.5,26.96941,29.55007
IRL,2014,All genders,35-44,30,29.505819,30.968321
IRL,2014,All genders,35-44,32.5,31.735331,32.739471
IRL,2014,All genders,35-44,35,33.819279,33.572269
IRL,2014,All genders,35-44,37.5,35.58181,35.24147
IRL,2014,All genders,35-44,40,38.174358,36.662201
IRL,2014,All genders,35-44,42.5,40.424332,39.96841
IRL,2014,All genders,35-44,45,43.082691,40.384151
IRL,2014,All genders,35-44,47.5,45.692959,42.380959
IRL,2014,All genders,35-44,50,48.03194,45.590069
IRL,2014,All genders,35-44,52.5,50.438499,47.82822
IRL,2014,All genders,35-44,55,53.106258,50.324421
IRL,2014,All genders,35-44,57.5,55.476082,51.483089
IRL,2014,All genders,35-44,60,57.752541,53.716579
IRL,2014,All genders,35-44,62.5,60.136501,56.947578
IRL,2014,All genders,35-44,65,62.782269,58.151211
IRL,2014,All genders,35-44,67.5,65.395241,61.960732
IRL,2014,All genders,35-44,70,67.822594,64.052528
IRL,2014,All genders,35-44,72.5,69.880867,66.367737
IRL,2014,All genders,35-44,75,72.577759,69.148827
IRL,2014,All genders,35-44,77.5,75.395767,71.750008
IRL,2014,All genders,35-44,80,77.98867,73.602448
IRL,2014,All genders,35-44,82.5,80.302231,76.576447
IRL,2014,All genders,35-44,85,83.130592,77.994919
IRL,2014,All genders,35-44,87.5,85.198578,80.59137
IRL,2014,All genders,35-44,90,87.7603,82.699432
IRL,2014,All genders,35-44,92.5,89.965752,84.857498
IRL,2014,All genders,35-44,95,92.492332,87.59581
IRL,2014,All genders,35-44,97.5,95.17366,89.732018
IRL,2014,All genders,35-44,99,97.704308,92.091309
IRL,2014,All genders,35-44,99.90000000000001,99.066856,96.345573
IRL,2014,All genders,35-44,100,99.818024,93.885971
IRL,2014,All genders,45-55,2.5,5.3910022,18.775909
IRL,2014,All genders,45-55,5,6.8367438,17.706949
IRL,2014,All genders,45-55,7.5,8.9619188,18.809891
IRL,2014,All genders,45-55,10,10.30055,18.91021
IRL,2014,All genders,45-55,12.5,12.27191,21.37475
IRL,2014,All genders,45-55,15,14.53502,23.125389
IRL,2014,All genders,45-55,17.5,17.27091,22.96286
IRL,2014,All genders,45-55,20,19.436239,23.49136
IRL,2014,All genders,45-55,22.5,21.851521,25.20825
IRL,2014,All genders,45-55,25,24.182989,26.73584
IRL,2014,All genders,45-55,27.5,26.52129,27.82337
IRL,2014,All genders,45-55,30,28.630569,29.444031
IRL,2014,All genders,45-55,32.5,31.228319,31.443069
IRL,2014,All genders,45-55,35,33.799049,31.708981
IRL,2014,All genders,45-55,37.5,35.662411,34.199162
IRL,2014,All genders,45-55,40,38.645641,35.590111
IRL,2014,All genders,45-55,42.5,40.688641,39.70475
IRL,2014,All genders,45-55,45,43.726311,40.8479
IRL,2014,All genders,45-55,47.5,46.14143,42.800152
IRL,2014,All genders,45-55,50,48.200459,45.855671
IRL,2014,All genders,45-55,52.5,50.79261,47.692879
IRL,2014,All genders,45-55,55,53.251621,50.55209
IRL,2014,All genders,45-55,57.5,55.531342,53.450649
IRL,2014,All genders,45-55,60,58.412361,55.461578
IRL,2014,All genders,45-55,62.5,60.585701,58.303349
IRL,2014,All genders,45-55,65,63.22678,59.26915
IRL,2014,All genders,45-55,67.5,65.332283,62.33749
IRL,2014,All genders,45-55,70,67.495903,64.197449
IRL,2014,All genders,45-55,72.5,70.365753,67.535957
IRL,2014,All genders,45-55,75,73.093697,69.60759
IRL,2014,All genders,45-55,77.5,75.193451,72.73912
IRL,2014,All genders,45-55,80,78.252663,75.994057
IRL,2014,All genders,45-55,82.5,80.893303,77.593224
IRL,2014,All genders,45-55,85,83.411423,80.694313
IRL,2014,All genders,45-55,87.5,85.498253,81.830513
IRL,2014,All genders,45-55,90,88.063927,84.323593
IRL,2014,All genders,45-55,92.5,90.48896,87.896629
IRL,2014,All genders,45-55,95,92.980881,89.496338
IRL,2014,All genders,45-55,97.5,95.619888,91.222237
IRL,2014,All genders,45-55,99,97.583557,92.78447
IRL,2014,All genders,45-55,99.90000000000001,99.152206,97.232262
IRL,2014,All genders,45-55,100,99.919113,94.20565
IRL,2014,Female,25-34,2.5,7.8113918,26.861959
IRL,2014,Female,25-34,5,9.9581337,28.02858
IRL,2014,Female,25-34,7.5,12.08213,27.57782
IRL,2014,Female,25-34,10,14.30651,26.739731
IRL,2014,Female,25-34,12.5,15.51182,28.53927
IRL,2014,Female,25-34,15,17.129999,30.908569
IRL,2014,Female,25-34,17.5,19.00778,28.98778
IRL,2014,Female,25-34,20,20.76804,32.52475
IRL,2014,Female,25-34,22.5,22.940651,32.04549
IRL,2014,Female,25-34,25,24.578819,33.583759
IRL,2014,Female,25-34,27.5,28.17597,32.43404
IRL,2014,Female,25-34,30,29.757641,33.41494
IRL,2014,Female,25-34,32.5,30.333719,36.724998
IRL,2014,Female,25-34,35,33.047878,38.54932
IRL,2014,Female,25-34,37.5,37.575569,38.41824
IRL,2014,Female,25-34,40,37.565338,39.344749
IRL,2014,Female,25-34,42.5,40.597801,38.428822
IRL,2014,Female,25-34,45,42.521271,42.060421
IRL,2014,Female,25-34,47.5,44.594261,42.37056
IRL,2014,Female,25-34,50,46.750469,43.71851
IRL,2014,Female,25-34,52.5,50.4678,46.881351
IRL,2014,Female,25-34,55,51.243519,47.515442
IRL,2014,Female,25-34,57.5,55.071461,49.717861
IRL,2014,Female,25-34,60,56.287441,51.30899
IRL,2014,Female,25-34,62.5,59.39901,53.911591
IRL,2014,Female,25-34,65,60.308559,55.70013
IRL,2014,Female,25-34,67.5,63.819561,57.478161
IRL,2014,Female,25-34,70,66.859482,59.664761
IRL,2014,Female,25-34,72.5,69.976898,61.70903
IRL,2014,Female,25-34,75,71.881844,64.950638
IRL,2014,Female,25-34,77.5,74.515053,65.90583
IRL,2014,Female,25-34,80,76.978394,69.163383
IRL,2014,Female,25-34,82.5,79.751541,72.025383
IRL,2014,Female,25-34,85,82.007767,73.696274
IRL,2014,Female,25-34,87.5,84.61763,74.615021
IRL,2014,Female,25-34,90,87.557259,78.849319
IRL,2014,Female,25-34,92.5,89.848297,80.295891
IRL,2014,Female,25-34,95,92.388039,82.626091
IRL,2014,Female,25-34,97.5,94.564117,84.379318
IRL,2014,Female,25-34,99,97.342033,87.722351
IRL,2014,Female,25-34,99.90000000000001,99.156067,91.168373
IRL,2014,Female,25-34,100,99.922119,92.445763
IRL,2014,Female,25-55,2.5,6.535779,22.629721
IRL,2014,Female,25-55,5,8.155406,22.578569
IRL,2014,Female,25-55,7.5,10.33772,22.106791
IRL,2014,Female,25-55,10,12.02513,22.763069
IRL,2014,Female,25-55,12.5,13.80592,24.292959
IRL,2014,Female,25-55,15,15.66131,25.450069
IRL,2014,Female,25-55,17.5,18.07415,25.464821
IRL,2014,Female,25-55,20,19.840429,27.34634
IRL,2014,Female,25-55,22.5,22.186701,28.22084
IRL,2014,Female,25-55,25,24.157511,30.00005
IRL,2014,Female,25-55,27.5,27.13319,30.81715
IRL,2014,Female,25-55,30,29.29438,31.68992
IRL,2014,Female,25-55,32.5,30.729429,34.199669
IRL,2014,Female,25-55,35,33.409618,35.68475
IRL,2014,Female,25-55,37.5,36.226768,37.233318
IRL,2014,Female,25-55,40,37.95293,37.779579
IRL,2014,Female,25-55,42.5,40.63723,39.82951
IRL,2014,Female,25-55,45,43.042679,41.396351
IRL,2014,Female,25-55,47.5,45.454361,43.096481
IRL,2014,Female,25-55,50,47.650131,45.984741
IRL,2014,Female,25-55,52.5,50.66116,48.31662
IRL,2014,Female,25-55,55,52.752831,50.165958
IRL,2014,Female,25-55,57.5,55.342548,51.40596
IRL,2014,Female,25-55,60,57.587158,53.7285
IRL,2014,Female,25-55,62.5,60.17152,56.767311
IRL,2014,Female,25-55,65,62.095211,57.627331
IRL,2014,Female,25-55,67.5,64.961273,60.429211
IRL,2014,Female,25-55,70,67.359489,61.986519
IRL,2014,Female,25-55,72.5,70.062767,64.386009
IRL,2014,Female,25-55,75,72.501427,67.564377
IRL,2014,Female,25-55,77.5,75.265213,69.695267
IRL,2014,Female,25-55,80,77.716438,71.866173
IRL,2014,Female,25-55,82.5,80.189987,74.475113
IRL,2014,Female,25-55,85,82.927803,76.480164
IRL,2014,Female,25-55,87.5,85.134712,77.885979
IRL,2014,Female,25-55,90,87.791054,81.017464
IRL,2014,Female,25-55,92.5,90.140877,83.106407
IRL,2014,Female,25-55,95,92.574303,85.443489
IRL,2014,Female,25-55,97.5,95.019524,88.093109
IRL,2014,Female,25-55,99,97.513847,90.27372
IRL,2014,Female,25-55,99.90000000000001,99.145683,94.274597
IRL,2014,Female,25-55,100,99.856369,94.95932
IRL,2014,Female,35-44,2.5,6.155303,19.548731
IRL,2014,Female,35-44,5,7.4966178,20.14621
IRL,2014,Female,35-44,7.5,9.6677513,19.193979
IRL,2014,Female,35-44,10,11.25895,21.836241
IRL,2014,Female,35-44,12.5,13.11668,22.135571
IRL,2014,Female,35-44,15,15.266,22.040991
IRL,2014,Female,35-44,17.5,17.62381,23.7498
IRL,2014,Female,35-44,20,19.198919,24.64481
IRL,2014,Female,35-44,22.5,22.052601,26.637461
IRL,2014,Female,35-44,25,23.938299,28.216709
IRL,2014,Female,35-44,27.5,26.5777,30.53438
IRL,2014,Female,35-44,30,29.398149,30.882311
IRL,2014,Female,35-44,32.5,31.086981,33.388309
IRL,2014,Female,35-44,35,33.66124,34.159679
IRL,2014,Female,35-44,37.5,35.523529,37.328178
IRL,2014,Female,35-44,40,38.103222,37.415501
IRL,2014,Female,35-44,42.5,40.758999,40.66692
IRL,2014,Female,35-44,45,43.262821,40.70153
IRL,2014,Female,35-44,47.5,45.770378,43.573009
IRL,2014,Female,35-44,50,48.114262,47.777649
IRL,2014,Female,35-44,52.5,50.505569,49.257702
IRL,2014,Female,35-44,55,53.6991,51.78548
IRL,2014,Female,35-44,57.5,55.533039,52.315891
IRL,2014,Female,35-44,60,58.041309,54.81271
IRL,2014,Female,35-44,62.5,60.48201,58.746841
IRL,2014,Female,35-44,65,63.054699,58.51704
IRL,2014,Female,35-44,67.5,65.506706,62.688011
IRL,2014,Female,35-44,70,67.753014,63.3927
IRL,2014,Female,35-44,72.5,70.044792,66.193138
IRL,2014,Female,35-44,75,72.689278,68.33046
IRL,2014,Female,35-44,77.5,75.623337,72.051682
IRL,2014,Female,35-44,80,78.001106,72.823212
IRL,2014,Female,35-44,82.5,80.144943,75.480949
IRL,2014,Female,35-44,85,83.284317,77.120216
IRL,2014,Female,35-44,87.5,85.229858,79.275528
IRL,2014,Female,35-44,90,87.601097,81.589256
IRL,2014,Female,35-44,92.5,89.899597,83.41188
IRL,2014,Female,35-44,95,92.367073,86.309464
IRL,2014,Female,35-44,97.5,95.012527,89.340607
IRL,2014,Female,35-44,99,97.465469,91.046013
IRL,2014,Female,35-44,99.90000000000001,99.170517,95.465286
IRL,2014,Female,35-44,100,99.758186,95.281822
IRL,2014,Female,45-55,2.5,5.5145402,21.754391
IRL,2014,Female,45-55,5,6.8942981,18.058399
IRL,2014,Female,45-55,7.5,9.1625376,18.58847
IRL,2014,Female,45-55,10,10.3302,17.607161
IRL,2014,Female,45-55,12.5,12.70314,21.340549
IRL,2014,Female,45-55,15,14.44096,23.099251
IRL,2014,Female,45-55,17.5,17.57476,22.861059
IRL,2014,Female,45-55,20,19.61265,23.91552
IRL,2014,Female,45-55,22.5,21.459471,24.77323
IRL,2014,Female,45-55,25,23.95241,27.41209
IRL,2014,Female,45-55,27.5,26.648199,28.50935
IRL,2014,Female,45-55,30,28.592239,30.335791
IRL,2014,Female,45-55,32.5,30.70735,31.404301
IRL,2014,Female,45-55,35,33.49522,33.85146
IRL,2014,Female,45-55,37.5,35.577808,34.851608
IRL,2014,Female,45-55,40,38.21299,35.749989
IRL,2014,Female,45-55,42.5,40.514111,40.51543
IRL,2014,Female,45-55,45,43.366138,41.72543
IRL,2014,Female,45-55,47.5,46.053539,43.357681
IRL,2014,Female,45-55,50,48.090881,46.136089
IRL,2014,Female,45-55,52.5,51.115841,48.831902
IRL,2014,Female,45-55,55,53.251389,51.385139
IRL,2014,Female,45-55,57.5,55.404388,52.472481
IRL,2014,Female,45-55,60,58.52433,55.709728
IRL,2014,Female,45-55,62.5,60.674229,57.549561
IRL,2014,Female,45-55,65,62.91951,59.168049
IRL,2014,Female,45-55,67.5,65.580528,60.785419
IRL,2014,Female,45-55,70,67.412941,63.082779
IRL,2014,Female,45-55,72.5,70.191147,65.253731
IRL,2014,Female,45-55,75,72.990334,70.607384
IRL,2014,Female,45-55,77.5,75.674049,71.37487
IRL,2014,Female,45-55,80,78.211166,74.633652
IRL,2014,Female,45-55,82.5,80.788277,76.72683
IRL,2014,Female,45-55,85,83.541489,80.116753
IRL,2014,Female,45-55,87.5,85.627991,80.762703
IRL,2014,Female,45-55,90,88.341072,83.692787
IRL,2014,Female,45-55,92.5,90.833946,87.547523
IRL,2014,Female,45-55,95,93.092163,88.669983
IRL,2014,Female,45-55,97.5,95.586166,92.107361
IRL,2014,Female,45-55,99,97.789963,93.223732
IRL,2014,Female,45-55,99.90000000000001,99.098419,97.256073
IRL,2014,Female,45-55,100,99.917183,98.855537
IRL,2014,Male,25-34,2.5,7.7945509,25.54439
IRL,2014,Male,25-34,5,9.2875385,29.139259
IRL,2014,Male,25-34,7.5,12.48404,29.50243
IRL,2014,Male,25-34,10,13.71681,30.714609
IRL,2014,Male,25-34,12.5,16.31134,32.481861
IRL,2014,Male,25-34,15,18.304859,30.712589
IRL,2014,Male,25-34,17.5,20.547159,33.073021
IRL,2014,Male,25-34,20,21.682631,31.82123
IRL,2014,Male,25-34,22.5,22.14876,35.719849
IRL,2014,Male,25-34,25,26.056431,35.785099
IRL,2014,Male,25-34,27.5,28.43819,36.18504
IRL,2014,Male,25-34,30,29.890779,39.19001
IRL,2014,Male,25-34,32.5,32.116402,37.114948
IRL,2014,Male,25-34,35,35.75148,39.327209
IRL,2014,Male,25-34,37.5,36.349201,37.749802
IRL,2014,Male,25-34,40,38.570251,40.83136
IRL,2014,Male,25-34,42.5,40.25235,39.515881
IRL,2014,Male,25-34,45,43.422501,42.56213
IRL,2014,Male,25-34,47.5,44.456921,43.206532
IRL,2014,Male,25-34,50,47.653629,42.423191
IRL,2014,Male,25-34,52.5,49.258469,44.756741
IRL,2014,Male,25-34,55,51.590561,44.510441
IRL,2014,Male,25-34,57.5,54.0023,47.095871
IRL,2014,Male,25-34,60,56.488091,47.620529
IRL,2014,Male,25-34,62.5,58.15686,49.099369
IRL,2014,Male,25-34,65,60.837742,53.651539
IRL,2014,Male,25-34,67.5,63.47113,54.42403
IRL,2014,Male,25-34,70,66.263947,57.237541
IRL,2014,Male,25-34,72.5,67.952591,59.820091
IRL,2014,Male,25-34,75,71.560654,61.812389
IRL,2014,Male,25-34,77.5,73.941589,65.161713
IRL,2014,Male,25-34,80,76.052544,65.491417
IRL,2014,Male,25-34,82.5,78.662117,70.976227
IRL,2014,Male,25-34,85,81.827873,71.340248
IRL,2014,Male,25-34,87.5,84.170357,73.862289
IRL,2014,Male,25-34,90,86.543533,78.166328
IRL,2014,Male,25-34,92.5,89.731308,81.040947
IRL,2014,Male,25-34,95,92.000977,83.66687
IRL,2014,Male,25-34,97.5,95.075203,88.74115
IRL,2014,Male,25-34,99,97.360687,89.235764
IRL,2014,Male,25-34,99.90000000000001,98.41687,90.94944
IRL,2014,Male,25-34,100,99.616508,89.020012
IRL,2014,Male,25-55,2.5,6.1719818,20.238791
IRL,2014,Male,25-55,5,7.735508,22.713751
IRL,2014,Male,25-55,7.5,10.2398,23.484699
IRL,2014,Male,25-55,10,11.91166,25.187679
IRL,2014,Male,25-55,12.5,14.08939,26.452749
IRL,2014,Male,25-55,15,16.23962,27.202431
IRL,2014,Male,25-55,17.5,18.461491,28.29834
IRL,2014,Male,25-55,20,20.247259,27.796789
IRL,2014,Male,25-55,22.5,22.18821,29.55167
IRL,2014,Male,25-55,25,25.06003,30.21262
IRL,2014,Male,25-55,27.5,27.44529,30.93358
IRL,2014,Male,25-55,30,29.445999,33.36795
IRL,2014,Male,25-55,32.5,32.112591,33.71447
IRL,2014,Male,25-55,35,34.5896,34.526569
IRL,2014,Male,25-55,37.5,35.8997,34.859501
IRL,2014,Male,25-55,40,38.576519,37.52655
IRL,2014,Male,25-55,42.5,40.358669,39.296532
IRL,2014,Male,25-55,45,43.397961,40.91909
IRL,2014,Male,25-55,47.5,45.40451,42.12196
IRL,2014,Male,25-55,50,47.95261,43.545761
IRL,2014,Male,25-55,52.5,50.035511,45.889919
IRL,2014,Male,25-55,55,52.42144,47.553051
IRL,2014,Male,25-55,57.5,55.02253,50.19405
IRL,2014,Male,25-55,60,57.376419,51.43882
IRL,2014,Male,25-55,62.5,59.453072,53.86681
IRL,2014,Male,25-55,65,62.24918,56.679569
IRL,2014,Male,25-55,67.5,64.638588,59.39859
IRL,2014,Male,25-55,70,67.272957,62.233631
IRL,2014,Male,25-55,72.5,69.368217,64.860397
IRL,2014,Male,25-55,75,72.370888,66.865829
IRL,2014,Male,25-55,77.5,74.647987,69.809151
IRL,2014,Male,25-55,80,77.434967,71.88662
IRL,2014,Male,25-55,82.5,80.014977,75.492523
IRL,2014,Male,25-55,85,82.685318,76.732208
IRL,2014,Male,25-55,87.5,84.897034,79.304413
IRL,2014,Male,25-55,90,87.430634,82.063332
IRL,2014,Male,25-55,92.5,89.961372,84.858398
IRL,2014,Male,25-55,95,92.482277,87.342056
IRL,2014,Male,25-55,97.5,95.332848,89.688408
IRL,2014,Male,25-55,99,97.594032,91.609039
IRL,2014,Male,25-55,99.90000000000001,98.853127,95.043983
IRL,2014,Male,25-55,100,99.80542,90.729622
IRL,2014,Male,35-44,2.5,5.4647231,18.110609
IRL,2014,Male,35-44,5,7.115561,20.196131
IRL,2014,Male,35-44,7.5,9.415431,20.85956
IRL,2014,Male,35-44,10,11.54725,23.22246
IRL,2014,Male,35-44,12.5,13.80713,24.07836
IRL,2014,Male,35-44,15,15.64456,26.340931
IRL,2014,Male,35-44,17.5,17.773149,26.983971
IRL,2014,Male,35-44,20,19.74918,26.8258
IRL,2014,Male,35-44,22.5,22.18075,26.5812
IRL,2014,Male,35-44,25,24.688551,27.8165
IRL,2014,Male,35-44,27.5,27.344851,28.5979
IRL,2014,Male,35-44,30,29.60844,31.051781
IRL,2014,Male,35-44,32.5,32.354141,32.11277
IRL,2014,Male,35-44,35,33.970749,33.00499
IRL,2014,Male,35-44,37.5,35.637581,33.219761
IRL,2014,Male,35-44,40,38.242069,35.934589
IRL,2014,Male,35-44,42.5,40.104012,39.293758
IRL,2014,Male,35-44,45,42.910511,40.077141
IRL,2014,Male,35-44,47.5,45.618969,41.22599
IRL,2014,Male,35-44,50,47.95348,43.48716
IRL,2014,Male,35-44,52.5,50.374489,46.445431
IRL,2014,Male,35-44,55,52.538799,48.90881
IRL,2014,Male,35-44,57.5,55.421711,50.677528
IRL,2014,Male,35-44,60,57.476139,52.657902
IRL,2014,Male,35-44,62.5,59.806709,55.207001
IRL,2014,Male,35-44,65,62.522289,57.797321
IRL,2014,Male,35-44,67.5,65.288406,61.258369
IRL,2014,Male,35-44,70,67.889099,64.689857
IRL,2014,Male,35-44,72.5,69.72464,66.53717
IRL,2014,Male,35-44,75,72.470879,69.939201
IRL,2014,Male,35-44,77.5,75.179482,71.459999
IRL,2014,Male,35-44,80,77.976761,74.357407
IRL,2014,Male,35-44,82.5,80.452347,77.634506
IRL,2014,Male,35-44,85,82.983452,78.842407
IRL,2014,Male,35-44,87.5,85.168633,81.860138
IRL,2014,Male,35-44,90,87.912666,83.771683
IRL,2014,Male,35-44,92.5,90.028793,86.258163
IRL,2014,Male,35-44,95,92.612228,88.842148
IRL,2014,Male,35-44,97.5,95.327583,90.110451
IRL,2014,Male,35-44,99,97.931587,93.101402
IRL,2014,Male,35-44,99.90000000000001,98.967972,97.187912
IRL,2014,Male,35-44,100,99.876083,92.49012
IRL,2014,Male,45-55,2.5,5.2666998,15.88103
IRL,2014,Male,45-55,5,6.7788372,17.36648
IRL,2014,Male,45-55,7.5,8.7600698,19.023609
IRL,2014,Male,45-55,10,10.2706,20.168329
IRL,2014,Male,45-55,12.5,11.83891,21.407869
IRL,2014,Male,45-55,15,14.63004,23.150721
IRL,2014,Male,45-55,17.5,16.963949,23.06114
IRL,2014,Male,45-55,20,19.258739,23.078979
IRL,2014,Male,45-55,22.5,22.246771,25.628229
IRL,2014,Male,45-55,25,24.414049,26.08523
IRL,2014,Male,45-55,27.5,26.393339,27.158819
IRL,2014,Male,45-55,30,28.669451,28.57704
IRL,2014,Male,45-55,32.5,31.750351,31.480631
IRL,2014,Male,45-55,35,34.106628,29.63369
IRL,2014,Male,45-55,37.5,35.74736,33.567089
IRL,2014,Male,45-55,40,39.08094,35.434669
IRL,2014,Male,45-55,42.5,40.865318,38.93029
IRL,2014,Male,45-55,45,44.08868,39.99474
IRL,2014,Male,45-55,47.5,46.230049,42.26199
IRL,2014,Male,45-55,50,48.310719,45.583969
IRL,2014,Male,45-55,52.5,50.469372,46.589458
IRL,2014,Male,45-55,55,53.251862,49.745079
IRL,2014,Male,45-55,57.5,55.659061,54.398251
IRL,2014,Male,45-55,60,58.299019,55.222809
IRL,2014,Male,45-55,62.5,60.496441,59.030972
IRL,2014,Male,45-55,65,63.534691,59.367432
IRL,2014,Male,45-55,67.5,65.081482,63.835491
IRL,2014,Male,45-55,70,67.579361,65.285019
IRL,2014,Male,45-55,72.5,70.542488,69.73896
IRL,2014,Male,45-55,75,73.197502,68.642281
IRL,2014,Male,45-55,77.5,74.709892,74.055992
IRL,2014,Male,45-55,80,78.294502,77.326134
IRL,2014,Male,45-55,82.5,80.998947,78.423622
IRL,2014,Male,45-55,85,83.279747,81.253891
IRL,2014,Male,45-55,87.5,85.36824,82.857529
IRL,2014,Male,45-55,90,87.784523,84.941254
IRL,2014,Male,45-55,92.5,90.139717,88.231293
IRL,2014,Male,45-55,95,92.868927,90.296867
IRL,2014,Male,45-55,97.5,95.653763,90.365356
IRL,2014,Male,45-55,99,97.373611,92.357971
IRL,2014,Male,45-55,99.90000000000001,99.206306,97.209137
IRL,2014,Male,45-55,100,99.920898,89.887894
IRL,2015,All genders,25-34,2.5,8.2128325,26.752439
IRL,2015,All genders,25-34,5,9.905056,28.25083
IRL,2015,All genders,25-34,7.5,11.72694,28.14253
IRL,2015,All genders,25-34,10,13.52588,29.27006
IRL,2015,All genders,25-34,12.5,15.8316,30.189091
IRL,2015,All genders,25-34,15,17.493839,31.40999
IRL,2015,All genders,25-34,17.5,19.23876,32.401871
IRL,2015,All genders,25-34,20,21.39403,32.14534
IRL,2015,All genders,25-34,22.5,22.82687,33.68507
IRL,2015,All genders,25-34,25,25.343321,34.273972
IRL,2015,All genders,25-34,27.5,27.553579,35.16362
IRL,2015,All genders,25-34,30,29.37594,35.87994
IRL,2015,All genders,25-34,32.5,32.707489,37.006611
IRL,2015,All genders,25-34,35,34.329109,37.027069
IRL,2015,All genders,25-34,37.5,35.561562,38.53249
IRL,2015,All genders,25-34,40,38.985821,38.945148
IRL,2015,All genders,25-34,42.5,40.698059,40.04631
IRL,2015,All genders,25-34,45,42.393169,43.32151
IRL,2015,All genders,25-34,47.5,46.218208,43.615471
IRL,2015,All genders,25-34,50,48.55772,43.164322
IRL,2015,All genders,25-34,52.5,49.57214,44.06139
IRL,2015,All genders,25-34,55,52.03389,47.74654
IRL,2015,All genders,25-34,57.5,54.35664,49.117481
IRL,2015,All genders,25-34,60,56.529041,50.257259
IRL,2015,All genders,25-34,62.5,58.467232,52.509949
IRL,2015,All genders,25-34,65,61.24654,53.252781
IRL,2015,All genders,25-34,67.5,63.553391,55.458591
IRL,2015,All genders,25-34,70,66.363503,57.723862
IRL,2015,All genders,25-34,72.5,68.618797,60.604149
IRL,2015,All genders,25-34,75,71.558197,63.252892
IRL,2015,All genders,25-34,77.5,73.901207,65.292709
IRL,2015,All genders,25-34,80,76.684303,67.307663
IRL,2015,All genders,25-34,82.5,78.977127,71.054939
IRL,2015,All genders,25-34,85,82.176941,73.177696
IRL,2015,All genders,25-34,87.5,83.930443,75.684486
IRL,2015,All genders,25-34,90,87.197067,78.314827
IRL,2015,All genders,25-34,92.5,89.679657,79.998543
IRL,2015,All genders,25-34,95,91.702583,83.277237
IRL,2015,All genders,25-34,97.5,94.563461,85.773682
IRL,2015,All genders,25-34,99,96.879242,86.947357
IRL,2015,All genders,25-34,99.90000000000001,98.923439,88.942703
IRL,2015,All genders,25-34,100,98.402893,89.741951
IRL,2015,All genders,25-55,2.5,6.2445998,21.818159
IRL,2015,All genders,25-55,5,8.2855949,22.70927
IRL,2015,All genders,25-55,7.5,9.8409414,22.96068
IRL,2015,All genders,25-55,10,11.93671,24.410089
IRL,2015,All genders,25-55,12.5,14.07019,24.58922
IRL,2015,All genders,25-55,15,15.96964,26.2034
IRL,2015,All genders,25-55,17.5,17.977091,27.936741
IRL,2015,All genders,25-55,20,20.43049,27.918171
IRL,2015,All genders,25-55,22.5,22.31493,28.54108
IRL,2015,All genders,25-55,25,24.58415,30.14917
IRL,2015,All genders,25-55,27.5,27.236759,31.18881
IRL,2015,All genders,25-55,30,29.18055,31.46888
IRL,2015,All genders,25-55,32.5,31.98871,33.581532
IRL,2015,All genders,25-55,35,33.797161,34.651951
IRL,2015,All genders,25-55,37.5,35.852131,36.4846
IRL,2015,All genders,25-55,40,38.515629,37.524151
IRL,2015,All genders,25-55,42.5,40.80563,39.280788
IRL,2015,All genders,25-55,45,42.912579,41.829369
IRL,2015,All genders,25-55,47.5,45.713921,43.12936
IRL,2015,All genders,25-55,50,47.999531,44.18161
IRL,2015,All genders,25-55,52.5,50.011959,45.99567
IRL,2015,All genders,25-55,55,52.570648,49.218491
IRL,2015,All genders,25-55,57.5,55.055538,51.25782
IRL,2015,All genders,25-55,60,57.505459,52.859421
IRL,2015,All genders,25-55,62.5,59.746441,55.468189
IRL,2015,All genders,25-55,65,62.40974,57.444241
IRL,2015,All genders,25-55,67.5,64.761749,59.497002
IRL,2015,All genders,25-55,70,67.293762,62.1082
IRL,2015,All genders,25-55,72.5,69.840736,64.381821
IRL,2015,All genders,25-55,75,72.49279,67.26339
IRL,2015,All genders,25-55,77.5,74.907448,69.450752
IRL,2015,All genders,25-55,80,77.47274,72.044121
IRL,2015,All genders,25-55,82.5,79.963997,74.684593
IRL,2015,All genders,25-55,85,82.685638,77.128883
IRL,2015,All genders,25-55,87.5,84.951561,79.287941
IRL,2015,All genders,25-55,90,87.701782,81.524467
IRL,2015,All genders,25-55,92.5,89.999184,84.076538
IRL,2015,All genders,25-55,95,92.47377,86.298813
IRL,2015,All genders,25-55,97.5,95.127998,88.729584
IRL,2015,All genders,25-55,99,97.429893,90.584969
IRL,2015,All genders,25-55,99.90000000000001,99.070717,93.412857
IRL,2015,All genders,25-55,100,99.446083,90.895264
IRL,2015,All genders,35-44,2.5,5.568912,19.581539
IRL,2015,All genders,35-44,5,7.805316,20.808319
IRL,2015,All genders,35-44,7.5,9.3634977,21.333139
IRL,2015,All genders,35-44,10,11.62542,22.990339
IRL,2015,All genders,35-44,12.5,13.64313,22.73283
IRL,2015,All genders,35-44,15,15.55131,24.07016
IRL,2015,All genders,35-44,17.5,17.62413,26.381599
IRL,2015,All genders,35-44,20,19.96487,26.141109
IRL,2015,All genders,35-44,22.5,22.18759,26.36034
IRL,2015,All genders,35-44,25,24.43593,28.16568
IRL,2015,All genders,35-44,27.5,27.23414,29.83807
IRL,2015,All genders,35-44,30,29.29397,29.63044
IRL,2015,All genders,35-44,32.5,31.527559,31.895439
IRL,2015,All genders,35-44,35,33.61953,33.47681
IRL,2015,All genders,35-44,37.5,35.841671,35.461029
IRL,2015,All genders,35-44,40,38.266781,36.87772
IRL,2015,All genders,35-44,42.5,41.095821,39.00214
IRL,2015,All genders,35-44,45,43.294418,41.133549
IRL,2015,All genders,35-44,47.5,45.447781,42.773449
IRL,2015,All genders,35-44,50,47.80006,45.067902
IRL,2015,All genders,35-44,52.5,50.06411,46.759548
IRL,2015,All genders,35-44,55,52.798969,49.685581
IRL,2015,All genders,35-44,57.5,55.073269,52.2831
IRL,2015,All genders,35-44,60,57.69231,53.604519
IRL,2015,All genders,35-44,62.5,60.080471,57.071362
IRL,2015,All genders,35-44,65,62.93708,59.56464
IRL,2015,All genders,35-44,67.5,65.383614,61.181252
IRL,2015,All genders,35-44,70,67.426537,64.04023
IRL,2015,All genders,35-44,72.5,70.278122,65.907692
IRL,2015,All genders,35-44,75,72.73204,68.913773
IRL,2015,All genders,35-44,77.5,75.40937,71.147758
IRL,2015,All genders,35-44,80,77.657867,73.798813
IRL,2015,All genders,35-44,82.5,80.203033,75.774811
IRL,2015,All genders,35-44,85,82.628616,78.538307
IRL,2015,All genders,35-44,87.5,85.219917,80.608566
IRL,2015,All genders,35-44,90,87.869621,82.627403
IRL,2015,All genders,35-44,92.5,89.940643,85.397011
IRL,2015,All genders,35-44,95,92.649307,87.431953
IRL,2015,All genders,35-44,97.5,95.174767,89.655113
IRL,2015,All genders,35-44,99,97.577332,91.705452
IRL,2015,All genders,35-44,99.90000000000001,99.11689,95.563477
IRL,2015,All genders,35-44,100,99.937172,91.814377
IRL,2015,All genders,45-55,2.5,4.9502878,18.587429
IRL,2015,All genders,45-55,5,7.1203799,17.7173
IRL,2015,All genders,45-55,7.5,8.3730402,17.98102
IRL,2015,All genders,45-55,10,10.5627,19.492001
IRL,2015,All genders,45-55,12.5,12.6646,19.444559
IRL,2015,All genders,45-55,15,14.82816,22.302271
IRL,2015,All genders,45-55,17.5,17.03718,23.974939
IRL,2015,All genders,45-55,20,19.992371,24.84997
IRL,2015,All genders,45-55,22.5,21.912491,24.84277
IRL,2015,All genders,45-55,25,23.926781,27.69573
IRL,2015,All genders,45-55,27.5,26.878599,27.564819
IRL,2015,All genders,45-55,30,28.795811,28.241171
IRL,2015,All genders,45-55,32.5,31.82321,31.61894
IRL,2015,All genders,45-55,35,33.44368,33.322369
IRL,2015,All genders,45-55,37.5,36.1992,35.34338
IRL,2015,All genders,45-55,40,38.33326,36.607201
IRL,2015,All genders,45-55,42.5,40.514381,38.625729
IRL,2015,All genders,45-55,45,42.961861,40.900959
IRL,2015,All genders,45-55,47.5,45.51749,43.110882
IRL,2015,All genders,45-55,50,47.646141,43.922729
IRL,2015,All genders,45-55,52.5,50.440022,47.521381
IRL,2015,All genders,45-55,55,52.857929,50.61924
IRL,2015,All genders,45-55,57.5,55.829689,52.528191
IRL,2015,All genders,45-55,60,58.35466,55.524948
IRL,2015,All genders,45-55,62.5,60.732861,56.82003
IRL,2015,All genders,45-55,65,62.987389,59.717049
IRL,2015,All genders,45-55,67.5,65.25309,62.442139
IRL,2015,All genders,45-55,70,68.171783,65.110321
IRL,2015,All genders,45-55,72.5,70.614449,67.265556
IRL,2015,All genders,45-55,75,73.216202,70.292572
IRL,2015,All genders,45-55,77.5,75.34317,72.581886
IRL,2015,All genders,45-55,80,78.110428,75.995621
IRL,2015,All genders,45-55,82.5,80.750458,78.281738
IRL,2015,All genders,45-55,85,83.347649,80.55674
IRL,2015,All genders,45-55,87.5,85.734261,82.322487
IRL,2015,All genders,45-55,90,88.040131,84.391907
IRL,2015,All genders,45-55,92.5,90.447746,87.923637
IRL,2015,All genders,45-55,95,93.10228,88.79924
IRL,2015,All genders,45-55,97.5,95.709923,91.595573
IRL,2015,All genders,45-55,99,97.852013,94.114487
IRL,2015,All genders,45-55,99.90000000000001,99.172447,96.030327
IRL,2015,All genders,45-55,100,99.928467,90.870857
IRL,2015,Female,25-34,2.5,8.2895651,26.91725
IRL,2015,Female,25-34,5,10.23978,27.87018
IRL,2015,Female,25-34,7.5,11.75849,28.632111
IRL,2015,Female,25-34,10,13.68363,27.806379
IRL,2015,Female,25-34,12.5,15.51718,29.65834
IRL,2015,Female,25-34,15,17.781231,30.42861
IRL,2015,Female,25-34,17.5,19.19879,31.80681
IRL,2015,Female,25-34,20,21.70949,30.356251
IRL,2015,Female,25-34,22.5,22.43589,31.66992
IRL,2015,Female,25-34,25,24.269661,33.44471
IRL,2015,Female,25-34,27.5,26.67041,33.666641
IRL,2015,Female,25-34,30,28.333321,35.509449
IRL,2015,Female,25-34,32.5,31.29911,34.56567
IRL,2015,Female,25-34,35,34.23473,37.147888
IRL,2015,Female,25-34,37.5,35.582439,37.984482
IRL,2015,Female,25-34,40,38.781342,38.387051
IRL,2015,Female,25-34,42.5,40.294701,40.033119
IRL,2015,Female,25-34,45,42.456902,43.0802
IRL,2015,Female,25-34,47.5,46.22633,43.962639
IRL,2015,Female,25-34,50,48.529049,43.084068
IRL,2015,Female,25-34,52.5,50.357281,43.33049
IRL,2015,Female,25-34,55,51.530399,48.18951
IRL,2015,Female,25-34,57.5,54.480179,49.750561
IRL,2015,Female,25-34,60,56.141319,52.260189
IRL,2015,Female,25-34,62.5,58.562271,53.70179
IRL,2015,Female,25-34,65,61.493488,55.4967
IRL,2015,Female,25-34,67.5,63.86779,57.206039
IRL,2015,Female,25-34,70,67.251221,59.325241
IRL,2015,Female,25-34,72.5,68.974983,61.319721
IRL,2015,Female,25-34,75,71.210602,64.084267
IRL,2015,Female,25-34,77.5,74.185043,67.030357
IRL,2015,Female,25-34,80,77.362892,67.005386
IRL,2015,Female,25-34,82.5,79.472908,71.564842
IRL,2015,Female,25-34,85,82.430702,75.458366
IRL,2015,Female,25-34,87.5,84.281822,75.32901
IRL,2015,Female,25-34,90,87.863953,78.86747
IRL,2015,Female,25-34,92.5,89.710426,79.737839
IRL,2015,Female,25-34,95,91.897186,82.076622
IRL,2015,Female,25-34,97.5,94.569504,85.160797
IRL,2015,Female,25-34,99,96.852043,87.102913
IRL,2015,Female,25-34,99.90000000000001,98.940681,90.149483
IRL,2015,Female,25-34,100,99.846497,83.031593
IRL,2015,Female,25-55,2.5,6.4743609,22.233721
IRL,2015,Female,25-55,5,8.4422083,22.31135
IRL,2015,Female,25-55,7.5,10.02255,23.10261
IRL,2015,Female,25-55,10,11.96157,23.820749
IRL,2015,Female,25-55,12.5,13.92992,24.06266
IRL,2015,Female,25-55,15,16.00131,24.78137
IRL,2015,Female,25-55,17.5,17.80686,26.720079
IRL,2015,Female,25-55,20,20.21109,26.662041
IRL,2015,Female,25-55,22.5,21.909019,27.84078
IRL,2015,Female,25-55,25,24.148411,29.766529
IRL,2015,Female,25-55,27.5,26.66601,30.82696
IRL,2015,Female,25-55,30,28.595209,31.41482
IRL,2015,Female,25-55,32.5,31.56716,33.119289
IRL,2015,Female,25-55,35,33.750702,34.95694
IRL,2015,Female,25-55,37.5,35.856468,37.097771
IRL,2015,Female,25-55,40,38.39909,37.830311
IRL,2015,Female,25-55,42.5,40.56274,39.678478
IRL,2015,Female,25-55,45,42.82555,42.56525
IRL,2015,Female,25-55,47.5,45.852901,44.09552
IRL,2015,Female,25-55,50,48.238739,45.438049
IRL,2015,Female,25-55,52.5,50.373711,46.56522
IRL,2015,Female,25-55,55,52.60952,50.026299
IRL,2015,Female,25-55,57.5,55.251381,51.952782
IRL,2015,Female,25-55,60,57.442711,53.974388
IRL,2015,Female,25-55,62.5,60.108849,56.27634
IRL,2015,Female,25-55,65,62.601189,58.734619
IRL,2015,Female,25-55,67.5,65.155197,60.23241
IRL,2015,Female,25-55,70,67.54071,62.53722
IRL,2015,Female,25-55,72.5,70.033737,64.230858
IRL,2015,Female,25-55,75,72.429237,67.367401
IRL,2015,Female,25-55,77.5,75.020042,69.616119
IRL,2015,Female,25-55,80,77.627312,71.348549
IRL,2015,Female,25-55,82.5,80.131477,74.232971
IRL,2015,Female,25-55,85,82.704277,77.399651
IRL,2015,Female,25-55,87.5,85.165169,78.532822
IRL,2015,Female,25-55,90,87.819412,81.071968
IRL,2015,Female,25-55,92.5,89.919952,83.66375
IRL,2015,Female,25-55,95,92.478951,85.76059
IRL,2015,Female,25-55,97.5,94.998749,87.753922
IRL,2015,Female,25-55,99,97.406273,90.100723
IRL,2015,Female,25-55,99.90000000000001,99.077583,93.526283
IRL,2015,Female,25-55,100,99.900047,89.204773
IRL,2015,Female,35-44,2.5,5.7568541,19.457581
IRL,2015,Female,35-44,5,7.7213368,20.203341
IRL,2015,Female,35-44,7.5,9.429512,20.643511
IRL,2015,Female,35-44,10,11.52665,22.381701
IRL,2015,Female,35-44,12.5,13.60614,22.06391
IRL,2015,Female,35-44,15,15.51868,21.6973
IRL,2015,Female,35-44,17.5,17.32196,24.34985
IRL,2015,Female,35-44,20,19.088131,24.976049
IRL,2015,Female,35-44,22.5,21.83399,26.255039
IRL,2015,Female,35-44,25,24.19385,28.297609
IRL,2015,Female,35-44,27.5,26.69977,29.87048
IRL,2015,Female,35-44,30,28.922991,29.70293
IRL,2015,Female,35-44,32.5,31.54973,32.68708
IRL,2015,Female,35-44,35,33.697571,33.93996
IRL,2015,Female,35-44,37.5,36.07198,36.607361
IRL,2015,Female,35-44,40,38.326908,37.685329
IRL,2015,Female,35-44,42.5,40.920361,39.90773
IRL,2015,Female,35-44,45,43.165501,42.403259
IRL,2015,Female,35-44,47.5,45.681641,44.426472
IRL,2015,Female,35-44,50,48.345612,47.646
IRL,2015,Female,35-44,52.5,50.252331,48.080231
IRL,2015,Female,35-44,55,52.98312,50.583778
IRL,2015,Female,35-44,57.5,55.3969,53.707699
IRL,2015,Female,35-44,60,57.764702,54.834671
IRL,2015,Female,35-44,62.5,60.787449,57.970749
IRL,2015,Female,35-44,65,63.203571,60.831631
IRL,2015,Female,35-44,67.5,65.73616,61.712559
IRL,2015,Female,35-44,70,67.49073,64.409248
IRL,2015,Female,35-44,72.5,70.536797,65.557564
IRL,2015,Female,35-44,75,72.941597,68.795197
IRL,2015,Female,35-44,77.5,75.509827,70.787552
IRL,2015,Female,35-44,80,77.719353,72.880814
IRL,2015,Female,35-44,82.5,80.06076,74.852211
IRL,2015,Female,35-44,85,82.473251,77.527359
IRL,2015,Female,35-44,87.5,85.269386,79.248039
IRL,2015,Female,35-44,90,87.76796,82.026894
IRL,2015,Female,35-44,92.5,89.764297,84.322578
IRL,2015,Female,35-44,95,92.426567,86.858749
IRL,2015,Female,35-44,97.5,94.952332,88.128304
IRL,2015,Female,35-44,99,97.557213,90.584557
IRL,2015,Female,35-44,99.90000000000001,99.185944,95.527634
IRL,2015,Female,35-44,100,99.932327,93.249924
IRL,2015,Female,45-55,2.5,5.3924832,20.44022
IRL,2015,Female,45-55,5,7.3930502,17.5417
IRL,2015,Female,45-55,7.5,8.8764486,19.174801
IRL,2015,Female,45-55,10,10.60068,20.241631
IRL,2015,Female,45-55,12.5,12.56548,19.04739
IRL,2015,Female,45-55,15,14.64379,22.03112
IRL,2015,Female,45-55,17.5,16.892839,23.34417
IRL,2015,Female,45-55,20,20.072821,24.14222
IRL,2015,Female,45-55,22.5,21.412769,24.87878
IRL,2015,Female,45-55,25,23.945459,26.78356
IRL,2015,Female,45-55,27.5,26.61338,28.096359
IRL,2015,Female,45-55,30,28.435169,28.274851
IRL,2015,Female,45-55,32.5,31.90029,31.628679
IRL,2015,Female,45-55,35,33.27037,33.50666
IRL,2015,Female,45-55,37.5,35.867458,36.67646
IRL,2015,Female,45-55,40,38.06234,37.209881
IRL,2015,Female,45-55,42.5,40.366482,38.57468
IRL,2015,Female,45-55,45,42.771622,42.05476
IRL,2015,Female,45-55,47.5,45.665939,43.5886
IRL,2015,Female,45-55,50,47.756828,44.561939
IRL,2015,Female,45-55,52.5,50.56274,48.728069
IRL,2015,Female,45-55,55,53.31987,51.906719
IRL,2015,Female,45-55,57.5,55.932678,51.782429
IRL,2015,Female,45-55,60,58.475361,54.976582
IRL,2015,Female,45-55,62.5,60.926289,56.884239
IRL,2015,Female,45-55,65,63.022732,59.594429
IRL,2015,Female,45-55,67.5,65.817642,62.070259
IRL,2015,Female,45-55,70,67.94458,63.83176
IRL,2015,Female,45-55,72.5,70.539169,66.2276
IRL,2015,Female,45-55,75,73.101143,69.814247
IRL,2015,Female,45-55,77.5,75.291031,71.407944
IRL,2015,Female,45-55,80,77.800529,75.310738
IRL,2015,Female,45-55,82.5,80.985092,77.366173
IRL,2015,Female,45-55,85,83.340446,80.398163
IRL,2015,Female,45-55,87.5,86.029404,82.373123
IRL,2015,Female,45-55,90,87.840714,82.683403
IRL,2015,Female,45-55,92.5,90.377869,88.859337
IRL,2015,Female,45-55,95,93.215874,89.576607
IRL,2015,Female,45-55,97.5,95.560867,91.334793
IRL,2015,Female,45-55,99,97.832474,94.095627
IRL,2015,Female,45-55,99.90000000000001,99.080566,94.778679
IRL,2015,Female,45-55,100,99.917603,91.119179
IRL,2015,Male,25-34,2.5,8.1370058,26.58695
IRL,2015,Male,25-34,5,9.5759459,28.633011
IRL,2015,Male,25-34,7.5,11.69597,27.652941
IRL,2015,Male,25-34,10,13.37076,30.74563
IRL,2015,Male,25-34,12.5,16.140249,30.71769
IRL,2015,Male,25-34,15,17.210329,32.39534
IRL,2015,Male,25-34,17.5,19.27813,33.000549
IRL,2015,Male,25-34,20,21.084379,33.934441
IRL,2015,Male,25-34,22.5,23.21129,35.70023
IRL,2015,Male,25-34,25,26.398991,35.106602
IRL,2015,Male,25-34,27.5,28.421921,36.675751
IRL,2015,Male,25-34,30,30.401091,36.251171
IRL,2015,Male,25-34,32.5,34.089958,39.447552
IRL,2015,Male,25-34,35,34.42255,36.905762
IRL,2015,Male,25-34,37.5,35.541061,39.080502
IRL,2015,Male,25-34,40,39.187222,39.508942
IRL,2015,Male,25-34,42.5,41.0933,40.059471
IRL,2015,Male,25-34,45,42.330292,43.562328
IRL,2015,Male,25-34,47.5,46.210232,43.26619
IRL,2015,Male,25-34,50,48.585918,43.24456
IRL,2015,Male,25-34,52.5,48.801449,44.799702
IRL,2015,Male,25-34,55,52.529758,47.300861
IRL,2015,Male,25-34,57.5,54.234951,48.485668
IRL,2015,Male,25-34,60,56.909618,48.254318
IRL,2015,Male,25-34,62.5,58.373779,51.310829
IRL,2015,Male,25-34,65,61.004551,51.00433
IRL,2015,Male,25-34,67.5,63.241631,53.704029
IRL,2015,Male,25-34,70,65.492111,56.119228
IRL,2015,Male,25-34,72.5,68.268593,59.88858
IRL,2015,Male,25-34,75,71.899963,62.41478
IRL,2015,Male,25-34,77.5,73.622147,63.544472
IRL,2015,Male,25-34,80,76.015953,67.61116
IRL,2015,Male,25-34,82.5,78.49131,70.547089
IRL,2015,Male,25-34,85,81.926582,70.883133
IRL,2015,Male,25-34,87.5,83.584373,76.041397
IRL,2015,Male,25-34,90,86.54245,77.763313
IRL,2015,Male,25-34,92.5,89.649391,80.260811
IRL,2015,Male,25-34,95,91.511574,84.477852
IRL,2015,Male,25-34,97.5,94.557533,86.389091
IRL,2015,Male,25-34,99,96.906303,86.791283
IRL,2015,Male,25-34,99.90000000000001,98.90667,87.729103
IRL,2015,Male,25-34,100,96.90773,96.452309
IRL,2015,Male,25-55,2.5,6.0215049,21.4123
IRL,2015,Male,25-55,5,8.1342344,23.097969
IRL,2015,Male,25-55,7.5,9.6650419,22.822599
IRL,2015,Male,25-55,10,11.91261,24.98695
IRL,2015,Male,25-55,12.5,14.20577,25.10146
IRL,2015,Male,25-55,15,15.93887,27.589621
IRL,2015,Male,25-55,17.5,18.142241,29.12763
IRL,2015,Male,25-55,20,20.64287,29.140989
IRL,2015,Male,25-55,22.5,22.708719,29.22473
IRL,2015,Male,25-55,25,25.00481,30.522671
IRL,2015,Male,25-55,27.5,27.790159,31.54253
IRL,2015,Male,25-55,30,29.748119,31.52157
IRL,2015,Male,25-55,32.5,32.396999,34.032749
IRL,2015,Male,25-55,35,33.84222,34.354031
IRL,2015,Male,25-55,37.5,35.847939,35.8881
IRL,2015,Male,25-55,40,38.628689,37.224251
IRL,2015,Male,25-55,42.5,41.04076,38.893101
IRL,2015,Male,25-55,45,42.997009,41.112999
IRL,2015,Male,25-55,47.5,45.579239,42.18689
IRL,2015,Male,25-55,50,47.768101,42.955139
IRL,2015,Male,25-55,52.5,49.661739,45.437771
IRL,2015,Male,25-55,55,52.532928,48.43047
IRL,2015,Male,25-55,57.5,54.865959,50.581749
IRL,2015,Male,25-55,60,57.56633,51.771042
IRL,2015,Male,25-55,62.5,59.39542,54.677662
IRL,2015,Male,25-55,65,62.224701,56.188091
IRL,2015,Male,25-55,67.5,64.38002,58.779121
IRL,2015,Male,25-55,70,67.054573,61.688251
IRL,2015,Male,25-55,72.5,69.653511,64.528793
IRL,2015,Male,25-55,75,72.554268,67.16185
IRL,2015,Male,25-55,77.5,74.798576,69.289223
IRL,2015,Male,25-55,80,77.322609,72.723129
IRL,2015,Male,25-55,82.5,79.802048,75.124527
IRL,2015,Male,25-55,85,82.667542,76.864212
IRL,2015,Male,25-55,87.5,84.744232,80.024017
IRL,2015,Male,25-55,90,87.587959,81.965279
IRL,2015,Male,25-55,92.5,90.075958,84.480026
IRL,2015,Male,25-55,95,92.468758,86.822762
IRL,2015,Male,25-55,97.5,95.252922,89.682266
IRL,2015,Male,25-55,99,97.452957,91.057137
IRL,2015,Male,25-55,99.90000000000001,99.06414,93.301613
IRL,2015,Male,25-55,100,98.997139,92.53746
IRL,2015,Male,35-44,2.5,5.3907032,19.701389
IRL,2015,Male,35-44,5,7.884974,21.392469
IRL,2015,Male,35-44,7.5,9.3007889,21.99807
IRL,2015,Male,35-44,10,11.71924,23.577141
IRL,2015,Male,35-44,12.5,13.67813,23.379681
IRL,2015,Male,35-44,15,15.58239,26.358021
IRL,2015,Male,35-44,17.5,17.910749,28.34339
IRL,2015,Male,35-44,20,20.796499,27.26445
IRL,2015,Male,35-44,22.5,22.523951,26.462481
IRL,2015,Male,35-44,25,24.664591,28.03849
IRL,2015,Male,35-44,27.5,27.741791,29.806881
IRL,2015,Male,35-44,30,29.64636,29.56023
IRL,2015,Male,35-44,32.5,31.506479,31.13101
IRL,2015,Male,35-44,35,33.545589,33.030289
IRL,2015,Male,35-44,37.5,35.623508,34.355831
IRL,2015,Male,35-44,40,38.20974,36.097832
IRL,2015,Male,35-44,42.5,41.262489,38.126411
IRL,2015,Male,35-44,45,43.41671,39.905602
IRL,2015,Male,35-44,47.5,45.225052,41.182018
IRL,2015,Male,35-44,50,47.28334,42.57869
IRL,2015,Male,35-44,52.5,49.88578,45.480499
IRL,2015,Male,35-44,55,52.623569,48.82085
IRL,2015,Male,35-44,57.5,54.76627,50.90741
IRL,2015,Male,35-44,60,57.623539,52.413158
IRL,2015,Male,35-44,62.5,59.409821,56.20285
IRL,2015,Male,35-44,65,62.684292,58.343109
IRL,2015,Male,35-44,67.5,65.050102,60.669762
IRL,2015,Male,35-44,70,67.36541,63.682301
IRL,2015,Male,35-44,72.5,70.032738,66.246277
IRL,2015,Male,35-44,75,72.533508,69.027573
IRL,2015,Male,35-44,77.5,75.314217,71.495583
IRL,2015,Male,35-44,80,77.599457,74.686653
IRL,2015,Male,35-44,82.5,80.338173,76.668373
IRL,2015,Male,35-44,85,82.775993,79.511543
IRL,2015,Male,35-44,87.5,85.172813,81.920288
IRL,2015,Male,35-44,90,87.965813,83.208977
IRL,2015,Male,35-44,92.5,90.108147,86.431343
IRL,2015,Male,35-44,95,92.860626,87.985443
IRL,2015,Male,35-44,97.5,95.385902,91.128548
IRL,2015,Male,35-44,99,97.596481,92.787216
IRL,2015,Male,35-44,99.90000000000001,99.05162,95.598282
IRL,2015,Male,35-44,100,99.941742,90.425163
IRL,2015,Male,45-55,2.5,4.5149479,16.81996
IRL,2015,Male,45-55,5,6.8549962,17.885441
IRL,2015,Male,45-55,7.5,7.8792572,16.849461
IRL,2015,Male,45-55,10,10.52537,18.769501
IRL,2015,Male,45-55,12.5,12.76163,19.821159
IRL,2015,Male,45-55,15,15.009,22.56016
IRL,2015,Male,45-55,17.5,17.1793,24.58288
IRL,2015,Male,45-55,20,19.91346,25.52314
IRL,2015,Male,45-55,22.5,22.403589,24.808519
IRL,2015,Male,45-55,25,23.908569,28.569031
IRL,2015,Male,45-55,27.5,27.139231,27.055849
IRL,2015,Male,45-55,30,29.150249,28.20936
IRL,2015,Male,45-55,32.5,31.747761,31.609579
IRL,2015,Male,45-55,35,33.613361,33.145309
IRL,2015,Male,45-55,37.5,36.523949,34.079781
IRL,2015,Male,45-55,40,38.600021,36.028221
IRL,2015,Male,45-55,42.5,40.659451,38.67445
IRL,2015,Male,45-55,45,43.148819,39.807091
IRL,2015,Male,45-55,47.5,45.37244,42.65501
IRL,2015,Male,45-55,50,47.537769,43.30867
IRL,2015,Male,45-55,52.5,50.319408,46.369709
IRL,2015,Male,45-55,55,52.404869,49.390659
IRL,2015,Male,45-55,57.5,55.729069,53.23521
IRL,2015,Male,45-55,60,58.23558,56.048321
IRL,2015,Male,45-55,62.5,60.543152,56.758339
IRL,2015,Male,45-55,65,62.952862,59.83329
IRL,2015,Male,45-55,67.5,64.699287,62.799438
IRL,2015,Male,45-55,70,68.393761,66.338753
IRL,2015,Male,45-55,72.5,70.688713,68.246231
IRL,2015,Male,45-55,75,73.328827,70.752083
IRL,2015,Male,45-55,77.5,75.394119,73.702133
IRL,2015,Male,45-55,80,78.416153,76.647041
IRL,2015,Male,45-55,82.5,80.521217,79.152718
IRL,2015,Male,45-55,85,83.354736,80.709579
IRL,2015,Male,45-55,87.5,85.444771,82.274323
IRL,2015,Male,45-55,90,88.236099,86.011963
IRL,2015,Male,45-55,92.5,90.516289,87.021797
IRL,2015,Male,45-55,95,92.990868,88.062393
IRL,2015,Male,45-55,97.5,95.854919,91.84507
IRL,2015,Male,45-55,99,97.871407,94.132431
IRL,2015,Male,45-55,99.90000000000001,99.261429,97.236473
IRL,2015,Male,45-55,100,99.939346,90.639099
IRL,2016,All genders,25-34,2.5,7.6761532,26.581739
IRL,2016,All genders,25-34,5,9.8711061,29.45166
IRL,2016,All genders,25-34,7.5,11.70369,26.675631
IRL,2016,All genders,25-34,10,14.0667,27.82201
IRL,2016,All genders,25-34,12.5,15.53511,29.44537
IRL,2016,All genders,25-34,15,17.632469,31.769699
IRL,2016,All genders,25-34,17.5,19.925711,32.506931
IRL,2016,All genders,25-34,20,21.55895,33.858089
IRL,2016,All genders,25-34,22.5,23.92548,34.07906
IRL,2016,All genders,25-34,25,25.69186,34.571072
IRL,2016,All genders,25-34,27.5,27.28904,35.757648
IRL,2016,All genders,25-34,30,30.217859,37.18224
IRL,2016,All genders,25-34,32.5,32.0084,36.543201
IRL,2016,All genders,25-34,35,34.583889,36.65361
IRL,2016,All genders,25-34,37.5,36.209702,37.55394
IRL,2016,All genders,25-34,40,38.466801,40.007809
IRL,2016,All genders,25-34,42.5,41.355869,40.322941
IRL,2016,All genders,25-34,45,42.953388,41.482571
IRL,2016,All genders,25-34,47.5,45.412048,43.109692
IRL,2016,All genders,25-34,50,47.536301,44.946308
IRL,2016,All genders,25-34,52.5,49.51223,45.36816
IRL,2016,All genders,25-34,55,52.664028,48.637199
IRL,2016,All genders,25-34,57.5,54.859039,48.745621
IRL,2016,All genders,25-34,60,56.376968,49.832691
IRL,2016,All genders,25-34,62.5,58.659809,52.331951
IRL,2016,All genders,25-34,65,61.153511,53.151642
IRL,2016,All genders,25-34,67.5,63.50182,55.32856
IRL,2016,All genders,25-34,70,66.254356,58.311852
IRL,2016,All genders,25-34,72.5,68.815666,60.250771
IRL,2016,All genders,25-34,75,71.110008,62.899189
IRL,2016,All genders,25-34,77.5,73.791687,64.731003
IRL,2016,All genders,25-34,80,76.186142,66.303123
IRL,2016,All genders,25-34,82.5,78.996246,71.06517
IRL,2016,All genders,25-34,85,81.730133,73.542107
IRL,2016,All genders,25-34,87.5,83.871727,76.175232
IRL,2016,All genders,25-34,90,86.417976,77.210327
IRL,2016,All genders,25-34,92.5,88.91346,79.050194
IRL,2016,All genders,25-34,95,91.792397,83.734779
IRL,2016,All genders,25-34,97.5,94.85363,86.230614
IRL,2016,All genders,25-34,99,97.034477,87.637001
IRL,2016,All genders,25-34,99.90000000000001,98.635048,87.620499
IRL,2016,All genders,25-34,100,96.654961,88.574043
IRL,2016,All genders,25-55,2.5,6.085094,21.666269
IRL,2016,All genders,25-55,5,8.3115559,22.481239
IRL,2016,All genders,25-55,7.5,9.7602873,22.325371
IRL,2016,All genders,25-55,10,12.1123,24.06822
IRL,2016,All genders,25-55,12.5,13.99398,24.376341
IRL,2016,All genders,25-55,15,16.043051,26.311371
IRL,2016,All genders,25-55,17.5,18.162609,27.557739
IRL,2016,All genders,25-55,20,20.569361,28.868349
IRL,2016,All genders,25-55,22.5,22.530991,29.315519
IRL,2016,All genders,25-55,25,24.81501,30.296459
IRL,2016,All genders,25-55,27.5,27.005079,30.872549
IRL,2016,All genders,25-55,30,29.39072,32.297321
IRL,2016,All genders,25-55,32.5,31.51265,33.54472
IRL,2016,All genders,25-55,35,33.94265,34.022541
IRL,2016,All genders,25-55,37.5,35.950161,35.75906
IRL,2016,All genders,25-55,40,38.340939,38.023998
IRL,2016,All genders,25-55,42.5,40.959518,39.187
IRL,2016,All genders,25-55,45,42.884251,40.68541
IRL,2016,All genders,25-55,47.5,45.72681,42.63847
IRL,2016,All genders,25-55,50,47.976662,44.819599
IRL,2016,All genders,25-55,52.5,50.089649,46.76334
IRL,2016,All genders,25-55,55,52.761478,49.053532
IRL,2016,All genders,25-55,57.5,55.19273,50.93293
IRL,2016,All genders,25-55,60,57.338379,53.06086
IRL,2016,All genders,25-55,62.5,59.98172,55.180191
IRL,2016,All genders,25-55,65,62.306671,57.037922
IRL,2016,All genders,25-55,67.5,64.668129,59.784721
IRL,2016,All genders,25-55,70,67.432487,62.448441
IRL,2016,All genders,25-55,72.5,69.792122,64.58152
IRL,2016,All genders,25-55,75,72.211548,67.352112
IRL,2016,All genders,25-55,77.5,74.913818,69.501343
IRL,2016,All genders,25-55,80,77.232559,71.511597
IRL,2016,All genders,25-55,82.5,80.065262,74.540077
IRL,2016,All genders,25-55,85,82.619034,77.711998
IRL,2016,All genders,25-55,87.5,84.913559,79.517036
IRL,2016,All genders,25-55,90,87.423813,81.421333
IRL,2016,All genders,25-55,92.5,89.833328,83.629677
IRL,2016,All genders,25-55,95,92.400612,86.589684
IRL,2016,All genders,25-55,97.5,95.364563,89.26487
IRL,2016,All genders,25-55,99,97.501678,91.322861
IRL,2016,All genders,25-55,99.90000000000001,99.047539,92.621964
IRL,2016,All genders,25-55,100,98.588921,93.055573
IRL,2016,All genders,35-44,2.5,5.4318419,19.257561
IRL,2016,All genders,35-44,5,7.9081321,19.34873
IRL,2016,All genders,35-44,7.5,9.172348,21.250469
IRL,2016,All genders,35-44,10,11.41454,22.870159
IRL,2016,All genders,35-44,12.5,13.91818,22.84235
IRL,2016,All genders,35-44,15,15.68312,24.653139
IRL,2016,All genders,35-44,17.5,17.71653,26.181829
IRL,2016,All genders,35-44,20,20.30809,27.3486
IRL,2016,All genders,35-44,22.5,22.27784,27.374029
IRL,2016,All genders,35-44,25,24.549129,28.4004
IRL,2016,All genders,35-44,27.5,26.841881,28.62331
IRL,2016,All genders,35-44,30,29.26878,30.26852
IRL,2016,All genders,35-44,32.5,31.208139,32.38699
IRL,2016,All genders,35-44,35,33.70467,33.066349
IRL,2016,All genders,35-44,37.5,35.888439,34.759621
IRL,2016,All genders,35-44,40,38.21764,37.492401
IRL,2016,All genders,35-44,42.5,40.559101,38.584648
IRL,2016,All genders,35-44,45,43.013069,40.060749
IRL,2016,All genders,35-44,47.5,45.897629,42.575779
IRL,2016,All genders,35-44,50,48.131931,44.690319
IRL,2016,All genders,35-44,52.5,50.253769,47.617691
IRL,2016,All genders,35-44,55,52.62991,48.93951
IRL,2016,All genders,35-44,57.5,55.202332,51.535591
IRL,2016,All genders,35-44,60,57.531239,54.377419
IRL,2016,All genders,35-44,62.5,60.499889,56.47023
IRL,2016,All genders,35-44,65,62.53336,58.42358
IRL,2016,All genders,35-44,67.5,65.176857,61.98103
IRL,2016,All genders,35-44,70,67.892593,64.225014
IRL,2016,All genders,35-44,72.5,70.062019,66.432289
IRL,2016,All genders,35-44,75,72.469429,68.972893
IRL,2016,All genders,35-44,77.5,75.23761,71.471832
IRL,2016,All genders,35-44,80,77.512802,73.476677
IRL,2016,All genders,35-44,82.5,80.435204,75.931686
IRL,2016,All genders,35-44,85,82.972794,79.312683
IRL,2016,All genders,35-44,87.5,85.245331,80.438759
IRL,2016,All genders,35-44,90,87.619942,82.849037
IRL,2016,All genders,35-44,92.5,90.037567,85.037697
IRL,2016,All genders,35-44,95,92.506683,87.338287
IRL,2016,All genders,35-44,97.5,95.384483,90.407784
IRL,2016,All genders,35-44,99,97.709877,92.780113
IRL,2016,All genders,35-44,99.90000000000001,99.201401,94.479408
IRL,2016,All genders,35-44,100,99.083763,95.607941
IRL,2016,All genders,45-55,2.5,5.267333,19.188999
IRL,2016,All genders,45-55,5,7.1737361,18.37904
IRL,2016,All genders,45-55,7.5,8.4568653,17.82428
IRL,2016,All genders,45-55,10,10.96097,20.807051
IRL,2016,All genders,45-55,12.5,12.40853,19.75396
IRL,2016,All genders,45-55,15,14.81792,21.356701
IRL,2016,All genders,45-55,17.5,16.85873,22.813101
IRL,2016,All genders,45-55,20,19.85342,24.354259
IRL,2016,All genders,45-55,22.5,21.362869,26.045919
IRL,2016,All genders,45-55,25,24.2302,27.71587
IRL,2016,All genders,45-55,27.5,26.924589,28.091419
IRL,2016,All genders,45-55,30,28.66011,29.04254
IRL,2016,All genders,45-55,32.5,31.39884,31.356211
IRL,2016,All genders,45-55,35,33.57494,31.979231
IRL,2016,All genders,45-55,37.5,35.753811,35.11515
IRL,2016,All genders,45-55,40,38.37693,36.075439
IRL,2016,All genders,45-55,42.5,41.088909,38.710251
IRL,2016,All genders,45-55,45,42.627762,40.783871
IRL,2016,All genders,45-55,47.5,45.830299,42.036671
IRL,2016,All genders,45-55,50,48.239929,44.900951
IRL,2016,All genders,45-55,52.5,50.48835,47.100441
IRL,2016,All genders,45-55,55,53.053871,49.950531
IRL,2016,All genders,45-55,57.5,55.543381,53.054459
IRL,2016,All genders,45-55,60,58.121651,55.266918
IRL,2016,All genders,45-55,62.5,60.695492,56.84581
IRL,2016,All genders,45-55,65,63.249039,60.113838
IRL,2016,All genders,45-55,67.5,65.229973,61.993401
IRL,2016,All genders,45-55,70,68.074448,65.092178
IRL,2016,All genders,45-55,72.5,70.478432,67.346687
IRL,2016,All genders,45-55,75,73.05455,70.820023
IRL,2016,All genders,45-55,77.5,75.684097,72.684677
IRL,2016,All genders,45-55,80,77.98085,75.407753
IRL,2016,All genders,45-55,82.5,80.714989,76.978859
IRL,2016,All genders,45-55,85,83.095711,80.759857
IRL,2016,All genders,45-55,87.5,85.581146,82.748123
IRL,2016,All genders,45-55,90,88.251953,84.921883
IRL,2016,All genders,45-55,92.5,90.550423,87.735443
IRL,2016,All genders,45-55,95,92.918442,89.442574
IRL,2016,All genders,45-55,97.5,95.896751,91.538116
IRL,2016,All genders,45-55,99,97.715767,93.929993
IRL,2016,All genders,45-55,99.90000000000001,99.285263,96.368446
IRL,2016,All genders,45-55,100,99.91024,94.972351
IRL,2016,Female,25-34,2.5,7.8715458,26.570141
IRL,2016,Female,25-34,5,9.9126606,29.26379
IRL,2016,Female,25-34,7.5,11.57271,25.668831
IRL,2016,Female,25-34,10,14.44075,28.48855
IRL,2016,Female,25-34,12.5,15.4991,29.83913
IRL,2016,Female,25-34,15,17.96649,30.75704
IRL,2016,Female,25-34,17.5,20.20706,30.897209
IRL,2016,Female,25-34,20,21.01195,32.750408
IRL,2016,Female,25-34,22.5,23.86784,32.626999
IRL,2016,Female,25-34,25,25.20108,33.46265
IRL,2016,Female,25-34,27.5,26.52957,35.333912
IRL,2016,Female,25-34,30,29.61767,37.074799
IRL,2016,Female,25-34,32.5,31.891199,35.372669
IRL,2016,Female,25-34,35,33.955521,36.392891
IRL,2016,Female,25-34,37.5,35.572842,37.098839
IRL,2016,Female,25-34,40,38.214561,39.140121
IRL,2016,Female,25-34,42.5,41.263149,39.265018
IRL,2016,Female,25-34,45,42.21524,41.703468
IRL,2016,Female,25-34,47.5,44.673809,42.629002
IRL,2016,Female,25-34,50,46.66156,46.548538
IRL,2016,Female,25-34,52.5,49.402901,45.176998
IRL,2016,Female,25-34,55,52.458542,51.106812
IRL,2016,Female,25-34,57.5,55.118229,49.624229
IRL,2016,Female,25-34,60,57.03867,49.75029
IRL,2016,Female,25-34,62.5,58.985039,53.94175
IRL,2016,Female,25-34,65,61.921902,53.946041
IRL,2016,Female,25-34,67.5,63.201649,57.70266
IRL,2016,Female,25-34,70,66.90728,59.32045
IRL,2016,Female,25-34,72.5,69.389618,60.71442
IRL,2016,Female,25-34,75,71.468399,63.25845
IRL,2016,Female,25-34,77.5,74.213409,64.267174
IRL,2016,Female,25-34,80,76.385529,67.295624
IRL,2016,Female,25-34,82.5,79.546547,72.035988
IRL,2016,Female,25-34,85,82.003151,74.226997
IRL,2016,Female,25-34,87.5,84.398888,77.424202
IRL,2016,Female,25-34,90,86.860573,76.860039
IRL,2016,Female,25-34,92.5,88.99437,77.918343
IRL,2016,Female,25-34,95,91.842934,82.699783
IRL,2016,Female,25-34,97.5,95.01136,85.402687
IRL,2016,Female,25-34,99,97.024399,88.144241
IRL,2016,Female,25-34,99.90000000000001,98.490913,86.861969
IRL,2016,Female,25-34,100,93.453377,81.004181
IRL,2016,Female,25-55,2.5,6.1939702,22.05044
IRL,2016,Female,25-55,5,8.3105164,22.577339
IRL,2016,Female,25-55,7.5,9.730237,21.597811
IRL,2016,Female,25-55,10,12.18891,24.431419
IRL,2016,Female,25-55,12.5,14.03514,23.60532
IRL,2016,Female,25-55,15,16.23308,25.58285
IRL,2016,Female,25-55,17.5,18.17948,26.673241
IRL,2016,Female,25-55,20,20.270069,27.521681
IRL,2016,Female,25-55,22.5,22.296949,28.495331
IRL,2016,Female,25-55,25,24.48045,29.93115
IRL,2016,Female,25-55,27.5,26.68993,31.401951
IRL,2016,Female,25-55,30,29.238791,32.616169
IRL,2016,Female,25-55,32.5,31.265539,33.080021
IRL,2016,Female,25-55,35,33.563332,34.239769
IRL,2016,Female,25-55,37.5,35.708012,35.642971
IRL,2016,Female,25-55,40,38.277569,37.990452
IRL,2016,Female,25-55,42.5,40.81871,39.340569
IRL,2016,Female,25-55,45,42.693169,41.28381
IRL,2016,Female,25-55,47.5,45.550251,43.62022
IRL,2016,Female,25-55,50,47.998619,46.589088
IRL,2016,Female,25-55,52.5,50.318329,47.810921
IRL,2016,Female,25-55,55,52.718349,50.02578
IRL,2016,Female,25-55,57.5,55.242771,51.742649
IRL,2016,Female,25-55,60,57.653339,53.65168
IRL,2016,Female,25-55,62.5,60.293091,55.72963
IRL,2016,Female,25-55,65,62.647499,57.705761
IRL,2016,Female,25-55,67.5,64.596657,61.230019
IRL,2016,Female,25-55,70,67.659973,62.6063
IRL,2016,Female,25-55,72.5,70.046356,64.47464
IRL,2016,Female,25-55,75,72.429466,66.766327
IRL,2016,Female,25-55,77.5,74.956573,68.677963
IRL,2016,Female,25-55,80,77.275284,71.362396
IRL,2016,Female,25-55,82.5,80.262253,74.477623
IRL,2016,Female,25-55,85,82.704071,77.483253
IRL,2016,Female,25-55,87.5,84.994568,79.26152
IRL,2016,Female,25-55,90,87.539413,80.499161
IRL,2016,Female,25-55,92.5,89.770416,82.654404
IRL,2016,Female,25-55,95,92.513817,86.021149
IRL,2016,Female,25-55,97.5,95.378777,88.778877
IRL,2016,Female,25-55,99,97.44735,91.365044
IRL,2016,Female,25-55,99.90000000000001,99.055634,92.138344
IRL,2016,Female,25-55,100,97.274544,91.508667
IRL,2016,Female,35-44,2.5,5.4831452,19.203341
IRL,2016,Female,35-44,5,7.8429461,19.315189
IRL,2016,Female,35-44,7.5,9.0723047,20.777451
IRL,2016,Female,35-44,10,11.37111,22.5926
IRL,2016,Female,35-44,12.5,13.67362,20.83592
IRL,2016,Female,35-44,15,15.67321,23.59333
IRL,2016,Female,35-44,17.5,17.55327,25.55558
IRL,2016,Female,35-44,20,20.01116,25.54965
IRL,2016,Female,35-44,22.5,22.169769,26.46373
IRL,2016,Female,35-44,25,24.14893,28.03027
IRL,2016,Female,35-44,27.5,26.575569,30.287439
IRL,2016,Female,35-44,30,29.48102,30.545071
IRL,2016,Female,35-44,32.5,30.94582,32.077869
IRL,2016,Female,35-44,35,33.779579,33.872002
IRL,2016,Female,35-44,37.5,35.798012,35.235641
IRL,2016,Female,35-44,40,38.26667,37.661751
IRL,2016,Female,35-44,42.5,40.445301,39.3302
IRL,2016,Female,35-44,45,42.88834,40.978889
IRL,2016,Female,35-44,47.5,45.743431,44.856899
IRL,2016,Female,35-44,50,48.658161,47.056961
IRL,2016,Female,35-44,52.5,50.855221,49.806431
IRL,2016,Female,35-44,55,52.70562,49.264629
IRL,2016,Female,35-44,57.5,55.300411,52.960709
IRL,2016,Female,35-44,60,58.007542,55.680191
IRL,2016,Female,35-44,62.5,60.78307,56.61364
IRL,2016,Female,35-44,65,62.73172,59.524269
IRL,2016,Female,35-44,67.5,65.189003,63.008659
IRL,2016,Female,35-44,70,67.932793,64.519051
IRL,2016,Female,35-44,72.5,70.547607,66.364212
IRL,2016,Female,35-44,75,72.759819,67.850883
IRL,2016,Female,35-44,77.5,75.10524,70.451134
IRL,2016,Female,35-44,80,77.466759,72.645241
IRL,2016,Female,35-44,82.5,80.38179,74.949852
IRL,2016,Female,35-44,85,83.001259,78.499001
IRL,2016,Female,35-44,87.5,85.11573,79.181236
IRL,2016,Female,35-44,90,87.474586,81.361351
IRL,2016,Female,35-44,92.5,89.752792,83.930023
IRL,2016,Female,35-44,95,92.441963,86.861008
IRL,2016,Female,35-44,97.5,95.312439,90.390503
IRL,2016,Female,35-44,99,97.516869,92.034897
IRL,2016,Female,35-44,99.90000000000001,99.315399,94.200012
IRL,2016,Female,35-44,100,98.209549,99.161133
IRL,2016,Female,45-55,2.5,5.3451691,21.02058
IRL,2016,Female,45-55,5,7.198638,18.992121
IRL,2016,Female,45-55,7.5,8.6101122,16.84276
IRL,2016,Female,45-55,10,10.86007,21.955709
IRL,2016,Female,45-55,12.5,12.92204,19.62961
IRL,2016,Female,45-55,15,15.10635,21.615761
IRL,2016,Female,45-55,17.5,16.813721,22.3848
IRL,2016,Female,45-55,20,19.816019,23.409019
IRL,2016,Female,45-55,22.5,20.739229,26.314791
IRL,2016,Female,45-55,25,24.1513,28.41511
IRL,2016,Female,45-55,27.5,27.02594,27.520069
IRL,2016,Female,45-55,30,28.483179,29.997431
IRL,2016,Female,45-55,32.5,31.022699,31.57893
IRL,2016,Female,45-55,35,32.824348,31.617439
IRL,2016,Female,45-55,37.5,35.730999,34.200119
IRL,2016,Female,45-55,40,38.362419,36.86314
IRL,2016,Female,45-55,42.5,40.849312,39.48476
IRL,2016,Female,45-55,45,42.947369,41.27541
IRL,2016,Female,45-55,47.5,46.243778,42.502159
IRL,2016,Female,45-55,50,48.549141,45.637489
IRL,2016,Female,45-55,52.5,50.5755,47.692879
IRL,2016,Female,45-55,55,53.02216,49.956718
IRL,2016,Female,45-55,57.5,55.29929,52.487789
IRL,2016,Female,45-55,60,57.837971,55.476379
IRL,2016,Female,45-55,62.5,61.048599,56.674141
IRL,2016,Female,45-55,65,63.32795,59.757191
IRL,2016,Female,45-55,67.5,65.311333,62.972759
IRL,2016,Female,45-55,70,68.108208,63.725441
IRL,2016,Female,45-55,72.5,70.071907,66.370857
IRL,2016,Female,45-55,75,73.021606,70.0326
IRL,2016,Female,45-55,77.5,75.567383,71.887352
IRL,2016,Female,45-55,80,77.984489,75.059013
IRL,2016,Female,45-55,82.5,80.883476,77.385406
IRL,2016,Female,45-55,85,83.065559,80.454964
IRL,2016,Female,45-55,87.5,85.478737,82.381248
IRL,2016,Female,45-55,90,88.381279,84.461449
IRL,2016,Female,45-55,92.5,90.6465,87.460518
IRL,2016,Female,45-55,95,93.356651,89.519157
IRL,2016,Female,45-55,97.5,95.877327,90.679291
IRL,2016,Female,45-55,99,97.813698,95.029091
IRL,2016,Female,45-55,99.90000000000001,99.316612,96.038612
IRL,2016,Female,45-55,100,99.926964,93.010933
IRL,2016,Male,25-34,2.5,7.4872308,26.593229
IRL,2016,Male,25-34,5,9.8308506,29.63764
IRL,2016,Male,25-34,7.5,11.83123,27.670349
IRL,2016,Male,25-34,10,13.70556,27.162201
IRL,2016,Male,25-34,12.5,15.56999,29.054779
IRL,2016,Male,25-34,15,17.307261,32.77018
IRL,2016,Male,25-34,17.5,19.65317,34.100422
IRL,2016,Male,25-34,20,22.08798,34.95908
IRL,2016,Male,25-34,22.5,23.981501,35.505039
IRL,2016,Male,25-34,25,26.16572,35.672771
IRL,2016,Male,25-34,27.5,28.023581,36.177979
IRL,2016,Male,25-34,30,30.80221,37.28817
IRL,2016,Male,25-34,32.5,32.121929,37.70665
IRL,2016,Male,25-34,35,35.192669,36.91119
IRL,2016,Male,25-34,37.5,36.825611,38.002659
IRL,2016,Male,25-34,40,38.712399,40.873741
IRL,2016,Male,25-34,42.5,41.445702,41.36813
IRL,2016,Male,25-34,45,43.670872,41.26432
IRL,2016,Male,25-34,47.5,46.127178,43.584591
IRL,2016,Male,25-34,50,48.380932,43.357029
IRL,2016,Male,25-34,52.5,49.618149,45.557388
IRL,2016,Male,25-34,55,52.86343,46.19735
IRL,2016,Male,25-34,57.5,54.607529,47.877571
IRL,2016,Male,25-34,60,55.736969,49.914261
IRL,2016,Male,25-34,62.5,58.343689,50.731899
IRL,2016,Male,25-34,65,60.409119,52.36681
IRL,2016,Male,25-34,67.5,63.793121,52.983131
IRL,2016,Male,25-34,70,65.621857,57.30933
IRL,2016,Male,25-34,72.5,68.255943,59.79364
IRL,2016,Male,25-34,75,70.765701,62.54353
IRL,2016,Male,25-34,77.5,73.381767,65.19294
IRL,2016,Male,25-34,80,75.992996,65.326523
IRL,2016,Male,25-34,82.5,78.46402,70.10215
IRL,2016,Male,25-34,85,81.464729,72.864143
IRL,2016,Male,25-34,87.5,83.360237,74.943787
IRL,2016,Male,25-34,90,85.988457,77.558517
IRL,2016,Male,25-34,92.5,88.83535,80.170647
IRL,2016,Male,25-34,95,91.74321,84.757332
IRL,2016,Male,25-34,97.5,94.700897,87.050056
IRL,2016,Male,25-34,99,97.044243,87.136543
IRL,2016,Male,25-34,99.90000000000001,98.773941,88.374771
IRL,2016,Male,25-34,100,99.856537,96.14389
IRL,2016,Male,25-55,2.5,5.981246,21.2946
IRL,2016,Male,25-55,5,8.3125467,22.388491
IRL,2016,Male,25-55,7.5,9.7890186,23.029051
IRL,2016,Male,25-55,10,12.03932,23.71698
IRL,2016,Male,25-55,12.5,13.9547,25.12248
IRL,2016,Male,25-55,15,15.86173,27.013611
IRL,2016,Male,25-55,17.5,18.146561,28.41597
IRL,2016,Male,25-55,20,20.855511,30.1698
IRL,2016,Male,25-55,22.5,22.75419,30.106119
IRL,2016,Male,25-55,25,25.134199,30.6502
IRL,2016,Male,25-55,27.5,27.305941,30.36058
IRL,2016,Male,25-55,30,29.53561,31.989771
IRL,2016,Male,25-55,32.5,31.748529,33.994099
IRL,2016,Male,25-55,35,34.303799,33.812038
IRL,2016,Male,25-55,37.5,36.18121,35.870972
IRL,2016,Male,25-55,40,38.401562,38.056549
IRL,2016,Male,25-55,42.5,41.093731,39.038769
IRL,2016,Male,25-55,45,43.066582,40.107071
IRL,2016,Male,25-55,47.5,45.895519,41.689018
IRL,2016,Male,25-55,50,47.955711,43.10952
IRL,2016,Male,25-55,52.5,49.872021,45.752201
IRL,2016,Male,25-55,55,52.802681,48.113281
IRL,2016,Male,25-55,57.5,55.145,50.15086
IRL,2016,Male,25-55,60,57.038349,52.489101
IRL,2016,Male,25-55,62.5,59.68417,54.648842
IRL,2016,Male,25-55,65,61.981659,56.392891
IRL,2016,Male,25-55,67.5,64.736282,58.384159
IRL,2016,Male,25-55,70,67.215462,62.295681
IRL,2016,Male,25-55,72.5,69.549156,64.684479
IRL,2016,Male,25-55,75,72.003937,67.918617
IRL,2016,Male,25-55,77.5,74.872993,70.29866
IRL,2016,Male,25-55,80,77.191757,71.65551
IRL,2016,Male,25-55,82.5,79.877434,74.600403
IRL,2016,Male,25-55,85,82.53801,77.933952
IRL,2016,Male,25-55,87.5,84.836189,79.763344
IRL,2016,Male,25-55,90,87.313507,82.314934
IRL,2016,Male,25-55,92.5,89.893211,84.572227
IRL,2016,Male,25-55,95,92.292259,87.139183
IRL,2016,Male,25-55,97.5,95.351013,89.733643
IRL,2016,Male,25-55,99,97.553329,91.282127
IRL,2016,Male,25-55,99.90000000000001,99.03981,93.091454
IRL,2016,Male,25-55,100,99.889008,94.558907
IRL,2016,Male,35-44,2.5,5.3836532,19.30974
IRL,2016,Male,35-44,5,7.9694548,19.380911
IRL,2016,Male,35-44,7.5,9.2667065,21.70719
IRL,2016,Male,35-44,10,11.45536,23.13813
IRL,2016,Male,35-44,12.5,14.14824,24.77371
IRL,2016,Male,35-44,15,15.69243,25.670429
IRL,2016,Male,35-44,17.5,17.87015,26.786421
IRL,2016,Male,35-44,20,20.588131,29.08025
IRL,2016,Male,35-44,22.5,22.37952,28.249069
IRL,2016,Male,35-44,25,24.925591,28.75721
IRL,2016,Male,35-44,27.5,27.092449,27.019039
IRL,2016,Male,35-44,30,29.06938,30.00267
IRL,2016,Male,35-44,32.5,31.454929,32.68409
IRL,2016,Male,35-44,35,33.634109,32.28968
IRL,2016,Male,35-44,37.5,35.973499,34.30069
IRL,2016,Male,35-44,40,38.171452,37.329632
IRL,2016,Male,35-44,42.5,40.666012,37.866951
IRL,2016,Male,35-44,45,43.130562,39.17691
IRL,2016,Male,35-44,47.5,46.042709,40.370239
IRL,2016,Male,35-44,50,47.636921,42.418751
IRL,2016,Male,35-44,52.5,49.68858,45.519901
IRL,2016,Male,35-44,55,52.558681,48.625179
IRL,2016,Male,35-44,57.5,55.10994,50.165749
IRL,2016,Male,35-44,60,57.084339,53.119629
IRL,2016,Male,35-44,62.5,60.23275,56.33279
IRL,2016,Male,35-44,65,62.347271,57.359322
IRL,2016,Male,35-44,67.5,65.165398,60.99036
IRL,2016,Male,35-44,70,67.854828,63.941971
IRL,2016,Male,35-44,72.5,69.605179,66.497543
IRL,2016,Male,35-44,75,72.196228,70.056091
IRL,2016,Male,35-44,77.5,75.362137,72.454407
IRL,2016,Male,35-44,80,77.556107,74.275879
IRL,2016,Male,35-44,82.5,80.485573,76.876839
IRL,2016,Male,35-44,85,82.946037,80.098213
IRL,2016,Male,35-44,87.5,85.367439,81.647583
IRL,2016,Male,35-44,90,87.756683,84.283218
IRL,2016,Male,35-44,92.5,90.304787,86.105537
IRL,2016,Male,35-44,95,92.567802,87.798439
IRL,2016,Male,35-44,97.5,95.452103,90.42437
IRL,2016,Male,35-44,99,97.890457,93.495003
IRL,2016,Male,35-44,99.90000000000001,99.093437,94.749908
IRL,2016,Male,35-44,100,99.910728,92.169357
IRL,2016,Male,45-55,2.5,5.1925869,17.459181
IRL,2016,Male,45-55,5,7.1499438,17.803471
IRL,2016,Male,45-55,7.5,8.3104591,18.74577
IRL,2016,Male,45-55,10,11.05754,19.73193
IRL,2016,Male,45-55,12.5,11.9171,19.871059
IRL,2016,Male,45-55,15,14.54283,21.114229
IRL,2016,Male,45-55,17.5,16.901489,23.22031
IRL,2016,Male,45-55,20,19.88941,25.236099
IRL,2016,Male,45-55,22.5,21.956499,25.792681
IRL,2016,Male,45-55,25,24.306,27.05954
IRL,2016,Male,45-55,27.5,26.82725,28.62619
IRL,2016,Male,45-55,30,28.828541,28.146061
IRL,2016,Male,45-55,32.5,31.759451,31.147129
IRL,2016,Male,45-55,35,34.286732,32.323261
IRL,2016,Male,45-55,37.5,35.7757,35.966202
IRL,2016,Male,45-55,40,38.39085,35.32893
IRL,2016,Male,45-55,42.5,41.317799,37.98547
IRL,2016,Male,45-55,45,42.323502,40.3209
IRL,2016,Male,45-55,47.5,45.43243,41.601059
IRL,2016,Male,45-55,50,47.943401,44.207211
IRL,2016,Male,45-55,52.5,50.40554,46.54232
IRL,2016,Male,45-55,55,53.08432,49.944729
IRL,2016,Male,45-55,57.5,55.77615,53.588211
IRL,2016,Male,45-55,60,58.39315,55.070301
IRL,2016,Male,45-55,62.5,60.35817,57.007999
IRL,2016,Male,45-55,65,63.173382,60.445549
IRL,2016,Male,45-55,67.5,65.152809,61.062099
IRL,2016,Male,45-55,70,68.042084,66.375328
IRL,2016,Male,45-55,72.5,70.866837,68.262848
IRL,2016,Male,45-55,75,73.086197,71.55703
IRL,2016,Male,45-55,77.5,75.79583,73.433113
IRL,2016,Male,45-55,80,77.977364,75.736214
IRL,2016,Male,45-55,82.5,80.554314,76.599586
IRL,2016,Male,45-55,85,83.124352,81.049751
IRL,2016,Male,45-55,87.5,85.679176,83.091507
IRL,2016,Male,45-55,90,88.12841,85.355461
IRL,2016,Male,45-55,92.5,90.45845,87.992752
IRL,2016,Male,45-55,95,92.499039,89.370659
IRL,2016,Male,45-55,97.5,95.915283,92.343437
IRL,2016,Male,45-55,99,97.622223,92.886971
IRL,2016,Male,45-55,99.90000000000001,99.255302,96.678703
IRL,2016,Male,45-55,100,99.892906,96.811172
IRL,2017,All genders,25-34,2.5,7.4758849,27.51005
IRL,2017,All genders,25-34,5,10.58336,28.255541
IRL,2017,All genders,25-34,7.5,11.96592,28.176661
IRL,2017,All genders,25-34,10,13.21765,30.027821
IRL,2017,All genders,25-34,12.5,15.43765,29.325239
IRL,2017,All genders,25-34,15,17.30759,31.705219
IRL,2017,All genders,25-34,17.5,19.870701,33.268559
IRL,2017,All genders,25-34,20,21.528311,31.73764
IRL,2017,All genders,25-34,22.5,23.413521,32.80439
IRL,2017,All genders,25-34,25,25.857861,34.516842
IRL,2017,All genders,25-34,27.5,27.70878,33.760601
IRL,2017,All genders,25-34,30,29.78344,36.089691
IRL,2017,All genders,25-34,32.5,32.19154,36.293411
IRL,2017,All genders,25-34,35,34.419109,36.917419
IRL,2017,All genders,25-34,37.5,37.066299,38.792019
IRL,2017,All genders,25-34,40,39.278191,39.51302
IRL,2017,All genders,25-34,42.5,40.695549,41.026489
IRL,2017,All genders,25-34,45,43.703281,41.628349
IRL,2017,All genders,25-34,47.5,45.840351,41.848511
IRL,2017,All genders,25-34,50,48.1814,44.17041
IRL,2017,All genders,25-34,52.5,49.911251,44.717831
IRL,2017,All genders,25-34,55,51.848789,45.635471
IRL,2017,All genders,25-34,57.5,53.968811,48.935841
IRL,2017,All genders,25-34,60,55.846359,51.561218
IRL,2017,All genders,25-34,62.5,59.345428,51.974979
IRL,2017,All genders,25-34,65,61.068001,53.384392
IRL,2017,All genders,25-34,67.5,63.652939,57.02113
IRL,2017,All genders,25-34,70,66.638458,59.295349
IRL,2017,All genders,25-34,72.5,68.912529,60.083199
IRL,2017,All genders,25-34,75,71.325333,62.495071
IRL,2017,All genders,25-34,77.5,74.017906,65.077881
IRL,2017,All genders,25-34,80,75.939682,67.715584
IRL,2017,All genders,25-34,82.5,78.551987,70.242989
IRL,2017,All genders,25-34,85,81.483063,72.745361
IRL,2017,All genders,25-34,87.5,83.580551,75.824677
IRL,2017,All genders,25-34,90,86.477562,77.558807
IRL,2017,All genders,25-34,92.5,88.587273,79.637947
IRL,2017,All genders,25-34,95,91.522972,83.526421
IRL,2017,All genders,25-34,97.5,94.67469,86.260712
IRL,2017,All genders,25-34,99,97.092323,89.627228
IRL,2017,All genders,25-34,99.90000000000001,98.612389,90.031883
IRL,2017,All genders,25-34,100,99.854446,90.985924
IRL,2017,All genders,25-55,2.5,6.0244431,21.953819
IRL,2017,All genders,25-55,5,8.3254366,22.79446
IRL,2017,All genders,25-55,7.5,10.08793,23.22822
IRL,2017,All genders,25-55,10,11.87814,24.23254
IRL,2017,All genders,25-55,12.5,13.77199,24.735161
IRL,2017,All genders,25-55,15,15.97632,26.07535
IRL,2017,All genders,25-55,17.5,18.05929,27.66333
IRL,2017,All genders,25-55,20,20.67038,27.580469
IRL,2017,All genders,25-55,22.5,22.586149,28.315041
IRL,2017,All genders,25-55,25,25.056549,29.95155
IRL,2017,All genders,25-55,27.5,27.074869,30.424271
IRL,2017,All genders,25-55,30,29.21216,31.840839
IRL,2017,All genders,25-55,32.5,31.59207,32.74802
IRL,2017,All genders,25-55,35,34.055161,33.996349
IRL,2017,All genders,25-55,37.5,36.284039,36.075089
IRL,2017,All genders,25-55,40,38.54784,37.974739
IRL,2017,All genders,25-55,42.5,40.805618,39.804939
IRL,2017,All genders,25-55,45,43.224949,41.158619
IRL,2017,All genders,25-55,47.5,45.671459,42.248119
IRL,2017,All genders,25-55,50,47.947861,44.215931
IRL,2017,All genders,25-55,52.5,50.321911,46.348541
IRL,2017,All genders,25-55,55,52.47155,48.647099
IRL,2017,All genders,25-55,57.5,54.861912,51.00222
IRL,2017,All genders,25-55,60,57.230721,53.928532
IRL,2017,All genders,25-55,62.5,60.14389,54.631378
IRL,2017,All genders,25-55,65,62.164509,57.659119
IRL,2017,All genders,25-55,67.5,64.702011,59.782871
IRL,2017,All genders,25-55,70,67.275093,62.60685
IRL,2017,All genders,25-55,72.5,69.943314,64.741783
IRL,2017,All genders,25-55,75,72.24601,66.989883
IRL,2017,All genders,25-55,77.5,74.747421,69.894653
IRL,2017,All genders,25-55,80,77.35807,72.135902
IRL,2017,All genders,25-55,82.5,79.880173,74.582718
IRL,2017,All genders,25-55,85,82.52446,77.118629
IRL,2017,All genders,25-55,87.5,84.872566,79.375687
IRL,2017,All genders,25-55,90,87.477318,81.602997
IRL,2017,All genders,25-55,92.5,89.92263,83.521317
IRL,2017,All genders,25-55,95,92.404037,86.679367
IRL,2017,All genders,25-55,97.5,95.203239,89.688698
IRL,2017,All genders,25-55,99,97.509918,92.144279
IRL,2017,All genders,25-55,99.90000000000001,98.939377,93.899078
IRL,2017,All genders,25-55,100,99.158913,94.830559
IRL,2017,All genders,35-44,2.5,5.5985198,19.875521
IRL,2017,All genders,35-44,5,7.716352,20.700109
IRL,2017,All genders,35-44,7.5,9.7097168,21.881689
IRL,2017,All genders,35-44,10,11.72519,22.45166
IRL,2017,All genders,35-44,12.5,13.2979,23.267241
IRL,2017,All genders,35-44,15,15.83076,24.18285
IRL,2017,All genders,35-44,17.5,17.387289,25.83522
IRL,2017,All genders,35-44,20,20.675159,26.77463
IRL,2017,All genders,35-44,22.5,22.560181,26.375271
IRL,2017,All genders,35-44,25,25.098551,28.187799
IRL,2017,All genders,35-44,27.5,26.688379,29.165739
IRL,2017,All genders,35-44,30,28.9851,30.23991
IRL,2017,All genders,35-44,32.5,31.1168,31.331539
IRL,2017,All genders,35-44,35,34.062851,32.801529
IRL,2017,All genders,35-44,37.5,35.88131,34.602921
IRL,2017,All genders,35-44,40,38.202438,37.122021
IRL,2017,All genders,35-44,42.5,40.731209,39.546928
IRL,2017,All genders,35-44,45,42.842659,40.96701
IRL,2017,All genders,35-44,47.5,45.568981,42.489658
IRL,2017,All genders,35-44,50,47.876129,44.15163
IRL,2017,All genders,35-44,52.5,50.62323,46.79834
IRL,2017,All genders,35-44,55,52.531101,49.88121
IRL,2017,All genders,35-44,57.5,54.983551,51.294731
IRL,2017,All genders,35-44,60,57.93325,54.73201
IRL,2017,All genders,35-44,62.5,60.470638,55.349899
IRL,2017,All genders,35-44,65,62.3969,59.421379
IRL,2017,All genders,35-44,67.5,64.944183,60.913921
IRL,2017,All genders,35-44,70,67.384727,63.991482
IRL,2017,All genders,35-44,72.5,70.01033,66.228043
IRL,2017,All genders,35-44,75,72.501129,68.542084
IRL,2017,All genders,35-44,77.5,74.733673,71.109207
IRL,2017,All genders,35-44,80,77.716316,73.891029
IRL,2017,All genders,35-44,82.5,80.147972,76.387939
IRL,2017,All genders,35-44,85,82.856117,78.416618
IRL,2017,All genders,35-44,87.5,85.400978,80.370323
IRL,2017,All genders,35-44,90,87.715553,83.142517
IRL,2017,All genders,35-44,92.5,90.380722,84.884033
IRL,2017,All genders,35-44,95,92.708656,87.780701
IRL,2017,All genders,35-44,97.5,95.374153,91.132782
IRL,2017,All genders,35-44,99,97.616463,93.749474
IRL,2017,All genders,35-44,99.90000000000001,99.083679,95.574463
IRL,2017,All genders,35-44,100,99.926682,96.878258
IRL,2017,All genders,45-55,2.5,5.0700622,18.02178
IRL,2017,All genders,45-55,5,6.772573,18.997311
IRL,2017,All genders,45-55,7.5,8.6149817,18.64031
IRL,2017,All genders,45-55,10,10.66945,19.32543
IRL,2017,All genders,45-55,12.5,12.65607,20.946461
IRL,2017,All genders,45-55,15,14.7637,21.622
IRL,2017,All genders,45-55,17.5,17.06628,23.13529
IRL,2017,All genders,45-55,20,19.753531,23.06806
IRL,2017,All genders,45-55,22.5,21.739981,25.660589
IRL,2017,All genders,45-55,25,24.151661,26.812099
IRL,2017,All genders,45-55,27.5,26.936449,28.086451
IRL,2017,All genders,45-55,30,28.91979,28.828051
IRL,2017,All genders,45-55,32.5,31.6115,30.417601
IRL,2017,All genders,45-55,35,33.659451,32.136139
IRL,2017,All genders,45-55,37.5,36.00956,35.089588
IRL,2017,All genders,45-55,40,38.250301,37.455769
IRL,2017,All genders,45-55,42.5,41.026138,38.522091
IRL,2017,All genders,45-55,45,43.24469,40.85812
IRL,2017,All genders,45-55,47.5,45.63398,42.342049
IRL,2017,All genders,45-55,50,47.799751,44.417801
IRL,2017,All genders,45-55,52.5,50.341721,47.83263
IRL,2017,All genders,45-55,55,53.04998,50.575642
IRL,2017,All genders,45-55,57.5,55.64238,53.472229
IRL,2017,All genders,45-55,60,57.73008,55.790192
IRL,2017,All genders,45-55,62.5,60.541019,57.091419
IRL,2017,All genders,45-55,65,63.008759,60.347229
IRL,2017,All genders,45-55,67.5,65.477867,61.538689
IRL,2017,All genders,45-55,70,67.799606,64.658661
IRL,2017,All genders,45-55,72.5,70.945953,68.600327
IRL,2017,All genders,45-55,75,72.870102,70.455162
IRL,2017,All genders,45-55,77.5,75.540268,74.531982
IRL,2017,All genders,45-55,80,78.365738,75.084717
IRL,2017,All genders,45-55,82.5,80.924149,77.275574
IRL,2017,All genders,45-55,85,83.170937,80.920776
IRL,2017,All genders,45-55,87.5,85.514359,82.609138
IRL,2017,All genders,45-55,90,88.211563,84.418373
IRL,2017,All genders,45-55,92.5,90.705963,86.455681
IRL,2017,All genders,45-55,95,92.918533,89.093567
IRL,2017,All genders,45-55,97.5,95.529404,91.801964
IRL,2017,All genders,45-55,99,97.806824,92.540359
IRL,2017,All genders,45-55,99.90000000000001,99.086578,96.133057
IRL,2017,All genders,45-55,100,97.483803,96.46402
IRL,2017,Female,25-34,2.5,7.3491602,26.277451
IRL,2017,Female,25-34,5,10.69266,28.3606
IRL,2017,Female,25-34,7.5,11.92708,28.91217
IRL,2017,Female,25-34,10,13.70864,30.42
IRL,2017,Female,25-34,12.5,16.298321,29.61179
IRL,2017,Female,25-34,15,16.597349,31.296961
IRL,2017,Female,25-34,17.5,19.910669,34.11047
IRL,2017,Female,25-34,20,21.95059,31.30509
IRL,2017,Female,25-34,22.5,23.545641,32.358749
IRL,2017,Female,25-34,25,25.692671,34.201279
IRL,2017,Female,25-34,27.5,27.404791,32.59877
IRL,2017,Female,25-34,30,28.404711,35.587059
IRL,2017,Female,25-34,32.5,31.67625,35.604179
IRL,2017,Female,25-34,35,33.333641,36.01133
IRL,2017,Female,25-34,37.5,37.118889,38.18504
IRL,2017,Female,25-34,40,39.012508,40.797661
IRL,2017,Female,25-34,42.5,39.804501,40.269161
IRL,2017,Female,25-34,45,42.937031,42.238411
IRL,2017,Female,25-34,47.5,46.533249,40.821709
IRL,2017,Female,25-34,50,47.601978,44.99847
IRL,2017,Female,25-34,52.5,49.046139,45.21698
IRL,2017,Female,25-34,55,52.366329,45.655842
IRL,2017,Female,25-34,57.5,54.11515,48.480301
IRL,2017,Female,25-34,60,56.05751,52.915661
IRL,2017,Female,25-34,62.5,59.727291,52.844749
IRL,2017,Female,25-34,65,61.5061,53.077541
IRL,2017,Female,25-34,67.5,63.73103,57.272518
IRL,2017,Female,25-34,70,66.27636,60.302662
IRL,2017,Female,25-34,72.5,68.462982,61.29493
IRL,2017,Female,25-34,75,71.368042,63.95499
IRL,2017,Female,25-34,77.5,75.240128,65.070343
IRL,2017,Female,25-34,80,76.382622,68.149017
IRL,2017,Female,25-34,82.5,78.865532,71.629089
IRL,2017,Female,25-34,85,82.110474,73.823158
IRL,2017,Female,25-34,87.5,83.845802,75.920929
IRL,2017,Female,25-34,90,86.718483,76.29287
IRL,2017,Female,25-34,92.5,89.295753,77.960228
IRL,2017,Female,25-34,95,91.398041,82.146667
IRL,2017,Female,25-34,97.5,94.69017,84.484734
IRL,2017,Female,25-34,99,97.280151,89.220909
IRL,2017,Female,25-34,99.90000000000001,98.872597,92.999321
IRL,2017,Female,25-34,100,99.842667,86.626823
IRL,2017,Female,25-55,2.5,6.148344,21.88188
IRL,2017,Female,25-55,5,8.5515614,23.16087
IRL,2017,Female,25-55,7.5,10.24221,23.393999
IRL,2017,Female,25-55,10,11.96528,24.232719
IRL,2017,Female,25-55,12.5,14.06156,24.335501
IRL,2017,Female,25-55,15,15.72727,25.15889
IRL,2017,Female,25-55,17.5,17.71566,27.607321
IRL,2017,Female,25-55,20,20.520109,26.82341
IRL,2017,Female,25-55,22.5,22.251369,28.106001
IRL,2017,Female,25-55,25,24.82609,30.151911
IRL,2017,Female,25-55,27.5,26.745081,30.141359
IRL,2017,Female,25-55,30,28.675289,31.62368
IRL,2017,Female,25-55,32.5,31.377609,32.501099
IRL,2017,Female,25-55,35,33.206501,33.602821
IRL,2017,Female,25-55,37.5,36.49921,36.326519
IRL,2017,Female,25-55,40,38.3489,38.93708
IRL,2017,Female,25-55,42.5,40.46093,39.98893
IRL,2017,Female,25-55,45,43.02895,42.029369
IRL,2017,Female,25-55,47.5,46.066681,42.48156
IRL,2017,Female,25-55,50,47.873161,46.098141
IRL,2017,Female,25-55,52.5,50.291931,46.859779
IRL,2017,Female,25-55,55,53.034222,49.329979
IRL,2017,Female,25-55,57.5,55.09927,51.323872
IRL,2017,Female,25-55,60,57.522259,54.89777
IRL,2017,Female,25-55,62.5,60.25811,55.294022
IRL,2017,Female,25-55,65,62.49675,58.134521
IRL,2017,Female,25-55,67.5,64.770348,60.31488
IRL,2017,Female,25-55,70,67.222794,62.712212
IRL,2017,Female,25-55,72.5,69.756554,65.085327
IRL,2017,Female,25-55,75,72.279243,67.020851
IRL,2017,Female,25-55,77.5,75.148354,69.621246
IRL,2017,Female,25-55,80,77.567978,72.034607
IRL,2017,Female,25-55,82.5,80.009308,74.433563
IRL,2017,Female,25-55,85,82.797829,77.002571
IRL,2017,Female,25-55,87.5,84.948257,78.856789
IRL,2017,Female,25-55,90,87.512581,80.208069
IRL,2017,Female,25-55,92.5,90.064758,81.896217
IRL,2017,Female,25-55,95,92.294456,85.661324
IRL,2017,Female,25-55,97.5,95.190079,88.718872
IRL,2017,Female,25-55,99,97.591499,91.774673
IRL,2017,Female,25-55,99.90000000000001,98.985817,94.710167
IRL,2017,Female,25-55,100,99.216789,92.856438
IRL,2017,Female,35-44,2.5,5.8303881,20.52129
IRL,2017,Female,35-44,5,7.9547362,20.822889
IRL,2017,Female,35-44,7.5,9.7483721,21.064659
IRL,2017,Female,35-44,10,11.66137,22.26716
IRL,2017,Female,35-44,12.5,13.13674,22.03438
IRL,2017,Female,35-44,15,15.44798,22.564859
IRL,2017,Female,35-44,17.5,16.74324,25.34572
IRL,2017,Female,35-44,20,20.34362,25.12818
IRL,2017,Female,35-44,22.5,21.787849,26.452841
IRL,2017,Female,35-44,25,24.71987,28.36194
IRL,2017,Female,35-44,27.5,26.281401,29.667521
IRL,2017,Female,35-44,30,28.995729,29.717279
IRL,2017,Female,35-44,32.5,31.160351,31.28253
IRL,2017,Female,35-44,35,33.09935,32.333408
IRL,2017,Female,35-44,37.5,36.094639,35.38903
IRL,2017,Female,35-44,40,38.319691,38.628601
IRL,2017,Female,35-44,42.5,40.728611,40.299679
IRL,2017,Female,35-44,45,42.960281,41.813721
IRL,2017,Female,35-44,47.5,45.650799,43.690331
IRL,2017,Female,35-44,50,48.096882,46.73457
IRL,2017,Female,35-44,52.5,50.9799,47.59586
IRL,2017,Female,35-44,55,53.601471,51.50885
IRL,2017,Female,35-44,57.5,55.357819,52.1996
IRL,2017,Female,35-44,60,58.392731,55.807838
IRL,2017,Female,35-44,62.5,60.539021,56.345509
IRL,2017,Female,35-44,65,62.788071,60.730629
IRL,2017,Female,35-44,67.5,65.107979,62.186008
IRL,2017,Female,35-44,70,67.722488,63.806221
IRL,2017,Female,35-44,72.5,70.024582,66.237999
IRL,2017,Female,35-44,75,72.353279,68.184464
IRL,2017,Female,35-44,77.5,74.933884,70.886208
IRL,2017,Female,35-44,80,77.88018,73.24765
IRL,2017,Female,35-44,82.5,80.136047,75.487602
IRL,2017,Female,35-44,85,82.983261,77.715729
IRL,2017,Female,35-44,87.5,85.1987,79.10186
IRL,2017,Female,35-44,90,87.547333,81.315353
IRL,2017,Female,35-44,92.5,90.220589,82.882507
IRL,2017,Female,35-44,95,92.41317,86.742561
IRL,2017,Female,35-44,97.5,95.441422,90.678596
IRL,2017,Female,35-44,99,97.609558,93.064957
IRL,2017,Female,35-44,99.90000000000001,99.085632,95.496742
IRL,2017,Female,35-44,100,99.917137,94.102959
IRL,2017,Female,45-55,2.5,5.3134298,18.15456
IRL,2017,Female,45-55,5,7.1053791,20.25095
IRL,2017,Female,45-55,7.5,9.136241,19.98452
IRL,2017,Female,45-55,10,10.53543,19.09354
IRL,2017,Female,45-55,12.5,12.96056,21.233379
IRL,2017,Female,45-55,15,15.1894,21.40243
IRL,2017,Female,45-55,17.5,16.726669,22.620899
IRL,2017,Female,45-55,20,19.244511,23.668539
IRL,2017,Female,45-55,22.5,21.517,25.17053
IRL,2017,Female,45-55,25,24.059031,27.807199
IRL,2017,Female,45-55,27.5,26.682301,27.46279
IRL,2017,Female,45-55,30,28.5228,29.641821
IRL,2017,Female,45-55,32.5,31.35932,30.423479
IRL,2017,Female,45-55,35,33.218712,32.668011
IRL,2017,Female,45-55,37.5,36.396049,35.496941
IRL,2017,Female,45-55,40,37.68853,36.806541
IRL,2017,Female,45-55,42.5,40.789261,38.905899
IRL,2017,Female,45-55,45,43.220169,42.168541
IRL,2017,Female,45-55,47.5,46.141991,42.442989
IRL,2017,Female,45-55,50,47.853199,46.408871
IRL,2017,Female,45-55,52.5,50.666641,47.77
IRL,2017,Female,45-55,55,52.964722,50.28334
IRL,2017,Female,45-55,57.5,55.785351,53.74437
IRL,2017,Female,45-55,60,57.88364,55.97464
IRL,2017,Female,45-55,62.5,60.434528,56.761318
IRL,2017,Female,45-55,65,63.14687,60.265999
IRL,2017,Female,45-55,67.5,65.406853,60.93338
IRL,2017,Female,45-55,70,67.538582,64.020401
IRL,2017,Female,45-55,72.5,70.758789,68.375221
IRL,2017,Female,45-55,75,73.142723,69.169777
IRL,2017,Female,45-55,77.5,75.343803,73.803589
IRL,2017,Female,45-55,80,78.390694,75.325203
IRL,2017,Female,45-55,82.5,81.050507,76.430473
IRL,2017,Female,45-55,85,83.270554,80.268547
IRL,2017,Female,45-55,87.5,85.772659,82.762878
IRL,2017,Female,45-55,90,88.305748,83.743378
IRL,2017,Female,45-55,92.5,90.664307,85.719429
IRL,2017,Female,45-55,95,93.079674,88.679626
IRL,2017,Female,45-55,97.5,95.375069,90.968964
IRL,2017,Female,45-55,99,97.894829,92.898788
IRL,2017,Female,45-55,99.90000000000001,98.969116,95.587677
IRL,2017,Female,45-55,100,97.764671,99.785744
IRL,2017,Male,25-34,2.5,7.5960898,28.69854
IRL,2017,Male,25-34,5,10.47983,28.153999
IRL,2017,Male,25-34,7.5,12.00271,27.464359
IRL,2017,Male,25-34,10,12.7518,29.64801
IRL,2017,Male,25-34,12.5,14.62221,29.047741
IRL,2017,Male,25-34,15,17.980379,32.098221
IRL,2017,Male,25-34,17.5,19.83283,32.45649
IRL,2017,Male,25-34,20,21.126341,32.156509
IRL,2017,Male,25-34,22.5,23.28854,33.23597
IRL,2017,Male,25-34,25,26.014351,34.823071
IRL,2017,Male,25-34,27.5,27.99765,34.878891
IRL,2017,Male,25-34,30,31.089609,36.578449
IRL,2017,Male,25-34,32.5,32.678108,36.95557
IRL,2017,Male,25-34,35,35.449089,37.79134
IRL,2017,Male,25-34,37.5,37.016312,39.38221
IRL,2017,Male,25-34,40,39.529869,38.278851
IRL,2017,Male,25-34,42.5,41.539768,41.764332
IRL,2017,Male,25-34,45,44.429199,41.0411
IRL,2017,Male,25-34,47.5,45.180771,42.844921
IRL,2017,Male,25-34,50,48.72847,43.371689
IRL,2017,Male,25-34,52.5,50.728069,44.236401
IRL,2017,Male,25-34,55,51.356121,45.6157
IRL,2017,Male,25-34,57.5,53.830391,49.37434
IRL,2017,Male,25-34,60,55.645012,50.244251
IRL,2017,Male,25-34,62.5,58.984879,51.134312
IRL,2017,Male,25-34,65,60.652962,53.681541
IRL,2017,Male,25-34,67.5,63.578709,56.778671
IRL,2017,Male,25-34,70,66.980919,58.32761
IRL,2017,Male,25-34,72.5,69.33773,58.90493
IRL,2017,Male,25-34,75,71.284737,61.084099
IRL,2017,Male,25-34,77.5,72.861969,65.085167
IRL,2017,Male,25-34,80,75.519379,67.296631
IRL,2017,Male,25-34,82.5,78.25399,68.898064
IRL,2017,Male,25-34,85,80.888718,71.70575
IRL,2017,Male,25-34,87.5,83.329277,75.731644
IRL,2017,Male,25-34,90,86.248932,78.779808
IRL,2017,Male,25-34,92.5,87.916153,81.262733
IRL,2017,Male,25-34,95,91.641518,84.862633
IRL,2017,Male,25-34,97.5,94.660057,87.976318
IRL,2017,Male,25-34,99,96.913986,90.020187
IRL,2017,Male,25-34,99.90000000000001,98.362671,87.194183
IRL,2017,Male,25-34,100,99.864723,95.345009
IRL,2017,Male,25-55,2.5,5.9071121,22.023069
IRL,2017,Male,25-55,5,8.111764,22.44075
IRL,2017,Male,25-55,7.5,9.9419975,23.06819
IRL,2017,Male,25-55,10,11.79589,24.23237
IRL,2017,Male,25-55,12.5,13.49792,25.120701
IRL,2017,Male,25-55,15,16.211889,26.95714
IRL,2017,Male,25-55,17.5,18.383989,27.7173
IRL,2017,Male,25-55,20,20.812441,28.312691
IRL,2017,Male,25-55,22.5,22.90332,28.5163
IRL,2017,Male,25-55,25,25.274321,29.75827
IRL,2017,Male,25-55,27.5,27.387091,30.697189
IRL,2017,Male,25-55,30,29.719509,32.05048
IRL,2017,Male,25-55,32.5,31.794609,32.985931
IRL,2017,Male,25-55,35,34.857578,34.376469
IRL,2017,Male,25-55,37.5,36.080521,35.83189
IRL,2017,Male,25-55,40,38.735821,37.04879
IRL,2017,Male,25-55,42.5,41.132339,39.62709
IRL,2017,Male,25-55,45,43.410069,40.320789
IRL,2017,Male,25-55,47.5,45.297272,42.02248
IRL,2017,Male,25-55,50,48.01852,42.402451
IRL,2017,Male,25-55,52.5,50.35022,45.8563
IRL,2017,Male,25-55,55,51.939079,47.986599
IRL,2017,Male,25-55,57.5,54.637611,50.692951
IRL,2017,Male,25-55,60,56.954239,52.99168
IRL,2017,Male,25-55,62.5,60.03603,53.992512
IRL,2017,Male,25-55,65,61.850399,57.200199
IRL,2017,Male,25-55,67.5,64.637413,59.26899
IRL,2017,Male,25-55,70,67.324539,62.505409
IRL,2017,Male,25-55,72.5,70.119614,64.409897
IRL,2017,Male,25-55,75,72.214577,66.95993
IRL,2017,Male,25-55,77.5,74.368584,70.157883
IRL,2017,Male,25-55,80,77.159309,72.233551
IRL,2017,Male,25-55,82.5,79.75782,74.726799
IRL,2017,Male,25-55,85,82.266144,77.230377
IRL,2017,Male,25-55,87.5,84.801079,79.875954
IRL,2017,Male,25-55,90,87.443932,82.947769
IRL,2017,Male,25-55,92.5,89.788338,85.091187
IRL,2017,Male,25-55,95,92.507736,87.662102
IRL,2017,Male,25-55,97.5,95.21566,90.624359
IRL,2017,Male,25-55,99,97.432426,92.500069
IRL,2017,Male,25-55,99.90000000000001,98.895554,93.116837
IRL,2017,Male,25-55,100,99.104568,96.724648
IRL,2017,Male,35-44,2.5,5.3814449,19.250811
IRL,2017,Male,35-44,5,7.4928141,20.58115
IRL,2017,Male,35-44,7.5,9.6735125,22.67222
IRL,2017,Male,35-44,10,11.78488,22.630951
IRL,2017,Male,35-44,12.5,13.44922,24.45838
IRL,2017,Male,35-44,15,16.189671,25.74608
IRL,2017,Male,35-44,17.5,17.99048,26.309549
IRL,2017,Male,35-44,20,20.98526,28.369841
IRL,2017,Male,35-44,22.5,23.28636,26.300421
IRL,2017,Male,35-44,25,25.452271,28.01931
IRL,2017,Male,35-44,27.5,27.07049,28.67745
IRL,2017,Male,35-44,30,28.97514,30.744129
IRL,2017,Male,35-44,32.5,31.07596,31.37903
IRL,2017,Male,35-44,35,34.96534,33.25576
IRL,2017,Male,35-44,37.5,35.681519,33.84124
IRL,2017,Male,35-44,40,38.09277,35.666519
IRL,2017,Male,35-44,42.5,40.733662,38.816448
IRL,2017,Male,35-44,45,42.732632,40.15012
IRL,2017,Male,35-44,47.5,45.49226,41.324661
IRL,2017,Male,35-44,50,47.669369,41.652382
IRL,2017,Male,35-44,52.5,50.2892,46.026649
IRL,2017,Male,35-44,55,51.527382,48.299622
IRL,2017,Male,35-44,57.5,54.63348,50.423
IRL,2017,Male,35-44,60,57.501801,53.688099
IRL,2017,Male,35-44,62.5,60.406609,54.387951
IRL,2017,Male,35-44,65,62.030079,58.152809
IRL,2017,Male,35-44,67.5,64.790756,59.679562
IRL,2017,Male,35-44,70,67.068001,64.170967
IRL,2017,Male,35-44,72.5,69.996979,66.218437
IRL,2017,Male,35-44,75,72.639603,68.889618
IRL,2017,Male,35-44,77.5,74.546188,71.325256
IRL,2017,Male,35-44,80,77.562828,74.510818
IRL,2017,Male,35-44,82.5,80.159157,77.261597
IRL,2017,Male,35-44,85,82.73703,79.094803
IRL,2017,Male,35-44,87.5,85.590637,81.597633
IRL,2017,Male,35-44,90,87.873123,84.910332
IRL,2017,Male,35-44,92.5,90.530884,86.826248
IRL,2017,Male,35-44,95,92.985397,88.785156
IRL,2017,Male,35-44,97.5,95.311119,91.572632
IRL,2017,Male,35-44,99,97.622932,94.409943
IRL,2017,Male,35-44,99.90000000000001,99.081863,95.650047
IRL,2017,Male,35-44,100,99.935707,99.566833
IRL,2017,Male,45-55,2.5,4.836328,17.895651
IRL,2017,Male,45-55,5,6.4555879,17.798651
IRL,2017,Male,45-55,7.5,8.115922,17.35523
IRL,2017,Male,45-55,10,10.79688,19.54653
IRL,2017,Male,45-55,12.5,12.36505,20.672119
IRL,2017,Male,45-55,15,14.35686,21.83131
IRL,2017,Male,45-55,17.5,17.390289,23.62426
IRL,2017,Male,45-55,20,20.2383,22.490471
IRL,2017,Male,45-55,22.5,21.95384,26.126301
IRL,2017,Male,45-55,25,24.24036,25.866329
IRL,2017,Male,45-55,27.5,27.178881,28.679199
IRL,2017,Male,45-55,30,29.29859,28.049971
IRL,2017,Male,45-55,32.5,31.852079,30.41197
IRL,2017,Male,45-55,35,34.080021,31.626101
IRL,2017,Male,45-55,37.5,35.64085,34.7001
IRL,2017,Male,45-55,40,38.787239,38.076611
IRL,2017,Male,45-55,42.5,41.252911,38.158421
IRL,2017,Male,45-55,45,43.26807,39.605171
IRL,2017,Male,45-55,47.5,45.149288,42.245831
IRL,2017,Male,45-55,50,47.74839,42.5196
IRL,2017,Male,45-55,52.5,50.031738,47.892159
IRL,2017,Male,45-55,55,53.131168,50.854271
IRL,2017,Male,45-55,57.5,55.505489,53.212029
IRL,2017,Male,45-55,60,57.583321,55.614891
IRL,2017,Male,45-55,62.5,60.642792,57.407082
IRL,2017,Male,45-55,65,62.876999,60.424679
IRL,2017,Male,45-55,67.5,65.545509,62.119148
IRL,2017,Male,45-55,70,68.049507,65.267151
IRL,2017,Male,45-55,72.5,71.124222,68.816231
IRL,2017,Male,45-55,75,72.610023,71.683998
IRL,2017,Male,45-55,77.5,75.72805,75.220253
IRL,2017,Male,45-55,80,78.341812,74.853416
IRL,2017,Male,45-55,82.5,80.803383,78.078651
IRL,2017,Male,45-55,85,83.075912,81.540756
IRL,2017,Male,45-55,87.5,85.268784,82.462578
IRL,2017,Male,45-55,90,88.121223,85.063744
IRL,2017,Male,45-55,92.5,90.745621,87.157692
IRL,2017,Male,45-55,95,92.764252,89.489311
IRL,2017,Male,45-55,97.5,95.676247,92.597794
IRL,2017,Male,45-55,99,97.721573,92.199417
IRL,2017,Male,45-55,99.90000000000001,99.196823,96.656258
IRL,2017,Male,45-55,100,97.202919,93.511391
IRL,2018,All genders,25-34,2.5,7.1689901,
IRL,2018,All genders,25-34,5,9.6212816,
IRL,2018,All genders,25-34,7.5,11.41146,
IRL,2018,All genders,25-34,10,13.53108,
IRL,2018,All genders,25-34,12.5,15.94432,
IRL,2018,All genders,25-34,15,17.639589,
IRL,2018,All genders,25-34,17.5,19.444071,
IRL,2018,All genders,25-34,20,21.732929,
IRL,2018,All genders,25-34,22.5,24.43792,
IRL,2018,All genders,25-34,25,25.72521,
IRL,2018,All genders,25-34,27.5,27.98609,
IRL,2018,All genders,25-34,30,30.24202,
IRL,2018,All genders,25-34,32.5,32.699089,
IRL,2018,All genders,25-34,35,34.863392,
IRL,2018,All genders,25-34,37.5,36.327801,
IRL,2018,All genders,25-34,40,39.449902,
IRL,2018,All genders,25-34,42.5,41.83316,
IRL,2018,All genders,25-34,45,43.47559,
IRL,2018,All genders,25-34,47.5,45.318851,
IRL,2018,All genders,25-34,50,47.722481,
IRL,2018,All genders,25-34,52.5,49.77932,
IRL,2018,All genders,25-34,55,51.542332,
IRL,2018,All genders,25-34,57.5,53.956001,
IRL,2018,All genders,25-34,60,56.726761,
IRL,2018,All genders,25-34,62.5,58.23074,
IRL,2018,All genders,25-34,65,61.420368,
IRL,2018,All genders,25-34,67.5,63.300541,
IRL,2018,All genders,25-34,70,66.791641,
IRL,2018,All genders,25-34,72.5,68.123238,
IRL,2018,All genders,25-34,75,70.936287,
IRL,2018,All genders,25-34,77.5,73.916878,
IRL,2018,All genders,25-34,80,75.916237,
IRL,2018,All genders,25-34,82.5,78.574348,
IRL,2018,All genders,25-34,85,81.605026,
IRL,2018,All genders,25-34,87.5,84.001099,
IRL,2018,All genders,25-34,90,86.332352,
IRL,2018,All genders,25-34,92.5,88.762627,
IRL,2018,All genders,25-34,95,91.774269,
IRL,2018,All genders,25-34,97.5,94.758347,
IRL,2018,All genders,25-34,99,96.796089,
IRL,2018,All genders,25-34,99.90000000000001,98.813797,
IRL,2018,All genders,25-34,100,98.963127,
IRL,2018,All genders,25-55,2.5,5.7267261,
IRL,2018,All genders,25-55,5,7.758348,
IRL,2018,All genders,25-55,7.5,9.7658815,
IRL,2018,All genders,25-55,10,11.94344,
IRL,2018,All genders,25-55,12.5,14.1861,
IRL,2018,All genders,25-55,15,16.23966,
IRL,2018,All genders,25-55,17.5,18.36087,
IRL,2018,All genders,25-55,20,20.596729,
IRL,2018,All genders,25-55,22.5,22.94862,
IRL,2018,All genders,25-55,25,24.9433,
IRL,2018,All genders,25-55,27.5,27.237829,
IRL,2018,All genders,25-55,30,29.60508,
IRL,2018,All genders,25-55,32.5,31.81493,
IRL,2018,All genders,25-55,35,34.006062,
IRL,2018,All genders,25-55,37.5,36.100769,
IRL,2018,All genders,25-55,40,38.55867,
IRL,2018,All genders,25-55,42.5,41.12151,
IRL,2018,All genders,25-55,45,43.164429,
IRL,2018,All genders,25-55,47.5,45.485451,
IRL,2018,All genders,25-55,50,47.91906,
IRL,2018,All genders,25-55,52.5,50.156109,
IRL,2018,All genders,25-55,55,52.295731,
IRL,2018,All genders,25-55,57.5,54.775311,
IRL,2018,All genders,25-55,60,57.391979,
IRL,2018,All genders,25-55,62.5,59.610241,
IRL,2018,All genders,25-55,65,62.128189,
IRL,2018,All genders,25-55,67.5,64.646263,
IRL,2018,All genders,25-55,70,67.586868,
IRL,2018,All genders,25-55,72.5,69.620796,
IRL,2018,All genders,25-55,75,72.374367,
IRL,2018,All genders,25-55,77.5,74.81823,
IRL,2018,All genders,25-55,80,77.379639,
IRL,2018,All genders,25-55,82.5,80.001701,
IRL,2018,All genders,25-55,85,82.560638,
IRL,2018,All genders,25-55,87.5,85.042107,
IRL,2018,All genders,25-55,90,87.360092,
IRL,2018,All genders,25-55,92.5,89.709587,
IRL,2018,All genders,25-55,95,92.457916,
IRL,2018,All genders,25-55,97.5,95.169281,
IRL,2018,All genders,25-55,99,97.477173,
IRL,2018,All genders,25-55,99.90000000000001,99.023659,
IRL,2018,All genders,25-55,100,99.20636,
IRL,2018,All genders,35-44,2.5,5.3693581,
IRL,2018,All genders,35-44,5,7.3982649,
IRL,2018,All genders,35-44,7.5,9.3745766,
IRL,2018,All genders,35-44,10,11.57986,
IRL,2018,All genders,35-44,12.5,13.92897,
IRL,2018,All genders,35-44,15,16.172939,
IRL,2018,All genders,35-44,17.5,18.241301,
IRL,2018,All genders,35-44,20,20.321199,
IRL,2018,All genders,35-44,22.5,22.44808,
IRL,2018,All genders,35-44,25,24.604759,
IRL,2018,All genders,35-44,27.5,27.00543,
IRL,2018,All genders,35-44,30,29.71015,
IRL,2018,All genders,35-44,32.5,31.459579,
IRL,2018,All genders,35-44,35,33.812111,
IRL,2018,All genders,35-44,37.5,36.077709,
IRL,2018,All genders,35-44,40,38.33226,
IRL,2018,All genders,35-44,42.5,40.914139,
IRL,2018,All genders,35-44,45,43.049271,
IRL,2018,All genders,35-44,47.5,45.590469,
IRL,2018,All genders,35-44,50,47.722351,
IRL,2018,All genders,35-44,52.5,50.195511,
IRL,2018,All genders,35-44,55,52.27784,
IRL,2018,All genders,35-44,57.5,54.636021,
IRL,2018,All genders,35-44,60,57.333679,
IRL,2018,All genders,35-44,62.5,59.892941,
IRL,2018,All genders,35-44,65,62.38998,
IRL,2018,All genders,35-44,67.5,64.772202,
IRL,2018,All genders,35-44,70,67.850647,
IRL,2018,All genders,35-44,72.5,70.075737,
IRL,2018,All genders,35-44,75,72.867287,
IRL,2018,All genders,35-44,77.5,75.125252,
IRL,2018,All genders,35-44,80,77.990753,
IRL,2018,All genders,35-44,82.5,80.492043,
IRL,2018,All genders,35-44,85,82.838608,
IRL,2018,All genders,35-44,87.5,85.247841,
IRL,2018,All genders,35-44,90,87.772034,
IRL,2018,All genders,35-44,92.5,89.669647,
IRL,2018,All genders,35-44,95,92.575882,
IRL,2018,All genders,35-44,97.5,95.149673,
IRL,2018,All genders,35-44,99,97.737701,
IRL,2018,All genders,35-44,99.90000000000001,99.140511,
IRL,2018,All genders,35-44,100,99.902802,
IRL,2018,All genders,45-55,2.5,4.7174759,
IRL,2018,All genders,45-55,5,6.317966,
IRL,2018,All genders,45-55,7.5,8.5971451,
IRL,2018,All genders,45-55,10,10.79095,
IRL,2018,All genders,45-55,12.5,12.72142,
IRL,2018,All genders,45-55,15,14.88081,
IRL,2018,All genders,45-55,17.5,17.403049,
IRL,2018,All genders,45-55,20,19.79542,
IRL,2018,All genders,45-55,22.5,22.08643,
IRL,2018,All genders,45-55,25,24.591789,
IRL,2018,All genders,45-55,27.5,26.7764,
IRL,2018,All genders,45-55,30,28.80522,
IRL,2018,All genders,45-55,32.5,31.379829,
IRL,2018,All genders,45-55,35,33.384399,
IRL,2018,All genders,45-55,37.5,35.897388,
IRL,2018,All genders,45-55,40,37.944519,
IRL,2018,All genders,45-55,42.5,40.664001,
IRL,2018,All genders,45-55,45,42.999039,
IRL,2018,All genders,45-55,47.5,45.516129,
IRL,2018,All genders,45-55,50,48.386719,
IRL,2018,All genders,45-55,52.5,50.492699,
IRL,2018,All genders,45-55,55,53.098228,
IRL,2018,All genders,45-55,57.5,55.80711,
IRL,2018,All genders,45-55,60,58.158169,
IRL,2018,All genders,45-55,62.5,60.655182,
IRL,2018,All genders,45-55,65,62.50597,
IRL,2018,All genders,45-55,67.5,65.86245,
IRL,2018,All genders,45-55,70,68.053139,
IRL,2018,All genders,45-55,72.5,70.555153,
IRL,2018,All genders,45-55,75,73.197166,
IRL,2018,All genders,45-55,77.5,75.336197,
IRL,2018,All genders,45-55,80,78.065063,
IRL,2018,All genders,45-55,82.5,80.815659,
IRL,2018,All genders,45-55,85,83.173683,
IRL,2018,All genders,45-55,87.5,85.842072,
IRL,2018,All genders,45-55,90,87.862869,
IRL,2018,All genders,45-55,92.5,90.743393,
IRL,2018,All genders,45-55,95,93.003029,
IRL,2018,All genders,45-55,97.5,95.622307,
IRL,2018,All genders,45-55,99,97.829422,
IRL,2018,All genders,45-55,99.90000000000001,99.083313,
IRL,2018,All genders,45-55,100,98.559319,
IRL,2018,Female,25-34,2.5,7.205225,
IRL,2018,Female,25-34,5,10.20036,
IRL,2018,Female,25-34,7.5,11.72029,
IRL,2018,Female,25-34,10,13.75282,
IRL,2018,Female,25-34,12.5,15.75517,
IRL,2018,Female,25-34,15,17.250731,
IRL,2018,Female,25-34,17.5,18.69755,
IRL,2018,Female,25-34,20,21.37524,
IRL,2018,Female,25-34,22.5,24.170561,
IRL,2018,Female,25-34,25,25.100559,
IRL,2018,Female,25-34,27.5,27.317841,
IRL,2018,Female,25-34,30,29.80234,
IRL,2018,Female,25-34,32.5,32.252289,
IRL,2018,Female,25-34,35,34.003109,
IRL,2018,Female,25-34,37.5,35.812401,
IRL,2018,Female,25-34,40,39.150791,
IRL,2018,Female,25-34,42.5,41.20771,
IRL,2018,Female,25-34,45,43.378288,
IRL,2018,Female,25-34,47.5,46.228561,
IRL,2018,Female,25-34,50,47.570358,
IRL,2018,Female,25-34,52.5,49.17733,
IRL,2018,Female,25-34,55,51.74995,
IRL,2018,Female,25-34,57.5,54.07069,
IRL,2018,Female,25-34,60,57.065159,
IRL,2018,Female,25-34,62.5,58.368279,
IRL,2018,Female,25-34,65,61.90229,
IRL,2018,Female,25-34,67.5,63.245682,
IRL,2018,Female,25-34,70,67.350647,
IRL,2018,Female,25-34,72.5,68.096703,
IRL,2018,Female,25-34,75,71.540337,
IRL,2018,Female,25-34,77.5,74.797096,
IRL,2018,Female,25-34,80,76.105614,
IRL,2018,Female,25-34,82.5,79.249603,
IRL,2018,Female,25-34,85,81.78199,
IRL,2018,Female,25-34,87.5,84.232368,
IRL,2018,Female,25-34,90,86.478752,
IRL,2018,Female,25-34,92.5,88.820084,
IRL,2018,Female,25-34,95,91.993767,
IRL,2018,Female,25-34,97.5,94.861938,
IRL,2018,Female,25-34,99,97.067497,
IRL,2018,Female,25-34,99.90000000000001,98.8535,
IRL,2018,Female,25-34,100,99.854408,
IRL,2018,Female,25-55,2.5,5.7485561,
IRL,2018,Female,25-55,5,8.1387978,
IRL,2018,Female,25-55,7.5,9.9909678,
IRL,2018,Female,25-55,10,11.90401,
IRL,2018,Female,25-55,12.5,14.19601,
IRL,2018,Female,25-55,15,15.86704,
IRL,2018,Female,25-55,17.5,17.87862,
IRL,2018,Female,25-55,20,20.094469,
IRL,2018,Female,25-55,22.5,22.490841,
IRL,2018,Female,25-55,25,24.4807,
IRL,2018,Female,25-55,27.5,27.301611,
IRL,2018,Female,25-55,30,29.16456,
IRL,2018,Female,25-55,32.5,31.49609,
IRL,2018,Female,25-55,35,33.677841,
IRL,2018,Female,25-55,37.5,35.896358,
IRL,2018,Female,25-55,40,38.472691,
IRL,2018,Female,25-55,42.5,40.995659,
IRL,2018,Female,25-55,45,42.92202,
IRL,2018,Female,25-55,47.5,45.789558,
IRL,2018,Female,25-55,50,48.063122,
IRL,2018,Female,25-55,52.5,50.149609,
IRL,2018,Female,25-55,55,52.730511,
IRL,2018,Female,25-55,57.5,54.821301,
IRL,2018,Female,25-55,60,57.471329,
IRL,2018,Female,25-55,62.5,59.881481,
IRL,2018,Female,25-55,65,62.396149,
IRL,2018,Female,25-55,67.5,64.711853,
IRL,2018,Female,25-55,70,67.93132,
IRL,2018,Female,25-55,72.5,69.812263,
IRL,2018,Female,25-55,75,72.762123,
IRL,2018,Female,25-55,77.5,75.300858,
IRL,2018,Female,25-55,80,77.410522,
IRL,2018,Female,25-55,82.5,80.208237,
IRL,2018,Female,25-55,85,82.63369,
IRL,2018,Female,25-55,87.5,85.059258,
IRL,2018,Female,25-55,90,87.297897,
IRL,2018,Female,25-55,92.5,89.648033,
IRL,2018,Female,25-55,95,92.490753,
IRL,2018,Female,25-55,97.5,95.281853,
IRL,2018,Female,25-55,99,97.546921,
IRL,2018,Female,25-55,99.90000000000001,99.002739,
IRL,2018,Female,25-55,100,99.01545,
IRL,2018,Female,35-44,2.5,5.328135,
IRL,2018,Female,35-44,5,7.6479611,
IRL,2018,Female,35-44,7.5,9.5268211,
IRL,2018,Female,35-44,10,11.31584,
IRL,2018,Female,35-44,12.5,13.95186,
IRL,2018,Female,35-44,15,15.62233,
IRL,2018,Female,35-44,17.5,17.76045,
IRL,2018,Female,35-44,20,19.70644,
IRL,2018,Female,35-44,22.5,21.88015,
IRL,2018,Female,35-44,25,23.96102,
IRL,2018,Female,35-44,27.5,27.38225,
IRL,2018,Female,35-44,30,29.16526,
IRL,2018,Female,35-44,32.5,30.98101,
IRL,2018,Female,35-44,35,33.784641,
IRL,2018,Female,35-44,37.5,36.085991,
IRL,2018,Female,35-44,40,38.306141,
IRL,2018,Female,35-44,42.5,40.992611,
IRL,2018,Female,35-44,45,42.7719,
IRL,2018,Female,35-44,47.5,45.945,
IRL,2018,Female,35-44,50,48.274731,
IRL,2018,Female,35-44,52.5,50.487099,
IRL,2018,Female,35-44,55,53.034561,
IRL,2018,Female,35-44,57.5,54.538071,
IRL,2018,Female,35-44,60,57.20829,
IRL,2018,Female,35-44,62.5,60.285511,
IRL,2018,Female,35-44,65,62.530659,
IRL,2018,Female,35-44,67.5,65.203773,
IRL,2018,Female,35-44,70,68.09642,
IRL,2018,Female,35-44,72.5,70.356697,
IRL,2018,Female,35-44,75,73.418533,
IRL,2018,Female,35-44,77.5,75.537201,
IRL,2018,Female,35-44,80,78.061913,
IRL,2018,Female,35-44,82.5,80.518097,
IRL,2018,Female,35-44,85,82.721962,
IRL,2018,Female,35-44,87.5,85.134743,
IRL,2018,Female,35-44,90,87.606827,
IRL,2018,Female,35-44,92.5,89.362289,
IRL,2018,Female,35-44,95,92.510429,
IRL,2018,Female,35-44,97.5,95.291313,
IRL,2018,Female,35-44,99,97.655388,
IRL,2018,Female,35-44,99.90000000000001,99.2612,
IRL,2018,Female,35-44,100,99.884377,
IRL,2018,Female,45-55,2.5,4.818882,
IRL,2018,Female,45-55,5,6.6844721,
IRL,2018,Female,45-55,7.5,8.8448391,
IRL,2018,Female,45-55,10,10.78997,
IRL,2018,Female,45-55,12.5,12.93098,
IRL,2018,Female,45-55,15,14.77801,
IRL,2018,Female,45-55,17.5,17.19747,
IRL,2018,Female,45-55,20,19.29887,
IRL,2018,Female,45-55,22.5,21.59136,
IRL,2018,Female,45-55,25,24.5413,
IRL,2018,Female,45-55,27.5,27.176991,
IRL,2018,Female,45-55,30,28.511709,
IRL,2018,Female,45-55,32.5,31.410061,
IRL,2018,Female,45-55,35,33.202179,
IRL,2018,Female,45-55,37.5,35.728771,
IRL,2018,Female,45-55,40,38.001572,
IRL,2018,Female,45-55,42.5,40.781891,
IRL,2018,Female,45-55,45,42.657631,
IRL,2018,Female,45-55,47.5,45.130249,
IRL,2018,Female,45-55,50,48.284641,
IRL,2018,Female,45-55,52.5,50.693008,
IRL,2018,Female,45-55,55,53.332611,
IRL,2018,Female,45-55,57.5,55.963779,
IRL,2018,Female,45-55,60,58.24049,
IRL,2018,Female,45-55,62.5,60.891331,
IRL,2018,Female,45-55,65,62.722092,
IRL,2018,Female,45-55,67.5,65.550972,
IRL,2018,Female,45-55,70,68.305946,
IRL,2018,Female,45-55,72.5,70.834793,
IRL,2018,Female,45-55,75,73.138603,
IRL,2018,Female,45-55,77.5,75.500847,
IRL,2018,Female,45-55,80,77.872101,
IRL,2018,Female,45-55,82.5,80.777893,
IRL,2018,Female,45-55,85,83.389931,
IRL,2018,Female,45-55,87.5,85.803513,
IRL,2018,Female,45-55,90,87.721863,
IRL,2018,Female,45-55,92.5,90.883713,
IRL,2018,Female,45-55,95,92.97155,
IRL,2018,Female,45-55,97.5,95.701439,
IRL,2018,Female,45-55,99,97.893089,
IRL,2018,Female,45-55,99.90000000000001,98.810181,
IRL,2018,Female,45-55,100,97.216667,
IRL,2018,Male,25-34,2.5,7.1352501,
IRL,2018,Male,25-34,5,9.0808716,
IRL,2018,Male,25-34,7.5,11.12282,
IRL,2018,Male,25-34,10,13.32415,
IRL,2018,Male,25-34,12.5,16.120819,
IRL,2018,Male,25-34,15,18.00305,
IRL,2018,Male,25-34,17.5,20.13851,
IRL,2018,Male,25-34,20,22.067739,
IRL,2018,Male,25-34,22.5,24.687429,
IRL,2018,Male,25-34,25,26.307171,
IRL,2018,Male,25-34,27.5,28.61174,
IRL,2018,Male,25-34,30,30.65229,
IRL,2018,Male,25-34,32.5,33.11536,
IRL,2018,Male,25-34,35,35.66489,
IRL,2018,Male,25-34,37.5,36.810291,
IRL,2018,Male,25-34,40,39.728539,
IRL,2018,Male,25-34,42.5,42.416931,
IRL,2018,Male,25-34,45,43.566368,
IRL,2018,Male,25-34,47.5,44.467239,
IRL,2018,Male,25-34,50,47.864449,
IRL,2018,Male,25-34,52.5,50.33931,
IRL,2018,Male,25-34,55,51.347641,
IRL,2018,Male,25-34,57.5,53.849171,
IRL,2018,Male,25-34,60,56.410431,
IRL,2018,Male,25-34,62.5,58.102791,
IRL,2018,Male,25-34,65,60.969261,
IRL,2018,Male,25-34,67.5,63.351662,
IRL,2018,Male,25-34,70,66.26915,
IRL,2018,Male,25-34,72.5,68.147911,
IRL,2018,Male,25-34,75,70.371643,
IRL,2018,Male,25-34,77.5,73.09552,
IRL,2018,Male,25-34,80,75.739517,
IRL,2018,Male,25-34,82.5,77.942207,
IRL,2018,Male,25-34,85,81.440117,
IRL,2018,Male,25-34,87.5,83.785637,
IRL,2018,Male,25-34,90,86.19532,
IRL,2018,Male,25-34,92.5,88.709099,
IRL,2018,Male,25-34,95,91.569473,
IRL,2018,Male,25-34,97.5,94.661598,
IRL,2018,Male,25-34,99,96.542961,
IRL,2018,Male,25-34,99.90000000000001,98.776169,
IRL,2018,Male,25-34,100,98.238968,
IRL,2018,Male,25-55,2.5,5.7062569,
IRL,2018,Male,25-55,5,7.4005651,
IRL,2018,Male,25-55,7.5,9.5542059,
IRL,2018,Male,25-55,10,11.98038,
IRL,2018,Male,25-55,12.5,14.1768,
IRL,2018,Male,25-55,15,16.59111,
IRL,2018,Male,25-55,17.5,18.81241,
IRL,2018,Male,25-55,20,21.06806,
IRL,2018,Male,25-55,22.5,23.37896,
IRL,2018,Male,25-55,25,25.37706,
IRL,2018,Male,25-55,27.5,27.17791,
IRL,2018,Male,25-55,30,30.020161,
IRL,2018,Male,25-55,32.5,32.11388,
IRL,2018,Male,25-55,35,34.31385,
IRL,2018,Male,25-55,37.5,36.293079,
IRL,2018,Male,25-55,40,38.63921,
IRL,2018,Male,25-55,42.5,41.23975,
IRL,2018,Male,25-55,45,43.392399,
IRL,2018,Male,25-55,47.5,45.199749,
IRL,2018,Male,25-55,50,47.783779,
IRL,2018,Male,25-55,52.5,50.162209,
IRL,2018,Male,25-55,55,51.88747,
IRL,2018,Male,25-55,57.5,54.73201,
IRL,2018,Male,25-55,60,57.31741,
IRL,2018,Male,25-55,62.5,59.356281,
IRL,2018,Male,25-55,65,61.876221,
IRL,2018,Male,25-55,67.5,64.584747,
IRL,2018,Male,25-55,70,67.26342,
IRL,2018,Male,25-55,72.5,69.440758,
IRL,2018,Male,25-55,75,72.01059,
IRL,2018,Male,25-55,77.5,74.364853,
IRL,2018,Male,25-55,80,77.350616,
IRL,2018,Male,25-55,82.5,79.80777,
IRL,2018,Male,25-55,85,82.492126,
IRL,2018,Male,25-55,87.5,85.025978,
IRL,2018,Male,25-55,90,87.418533,
IRL,2018,Male,25-55,92.5,89.767273,
IRL,2018,Male,25-55,95,92.427071,
IRL,2018,Male,25-55,97.5,95.063454,
IRL,2018,Male,25-55,99,97.411728,
IRL,2018,Male,25-55,99.90000000000001,99.043358,
IRL,2018,Male,25-55,100,99.382149,
IRL,2018,Male,35-44,2.5,5.4079542,
IRL,2018,Male,35-44,5,7.1638021,
IRL,2018,Male,35-44,7.5,9.2317791,
IRL,2018,Male,35-44,10,11.82684,
IRL,2018,Male,35-44,12.5,13.90755,
IRL,2018,Male,35-44,15,16.69124,
IRL,2018,Male,35-44,17.5,18.69124,
IRL,2018,Male,35-44,20,20.896191,
IRL,2018,Male,35-44,22.5,22.980181,
IRL,2018,Male,35-44,25,25.20775,
IRL,2018,Male,35-44,27.5,26.652081,
IRL,2018,Male,35-44,30,30.223101,
IRL,2018,Male,35-44,32.5,31.90674,
IRL,2018,Male,35-44,35,33.837841,
IRL,2018,Male,35-44,37.5,36.069939,
IRL,2018,Male,35-44,40,38.35667,
IRL,2018,Male,35-44,42.5,40.840462,
IRL,2018,Male,35-44,45,43.3088,
IRL,2018,Male,35-44,47.5,45.257999,
IRL,2018,Male,35-44,50,47.20491,
IRL,2018,Male,35-44,52.5,49.921379,
IRL,2018,Male,35-44,55,51.56995,
IRL,2018,Male,35-44,57.5,54.728008,
IRL,2018,Male,35-44,60,57.45142,
IRL,2018,Male,35-44,62.5,59.52607,
IRL,2018,Male,35-44,65,62.25806,
IRL,2018,Male,35-44,67.5,64.367859,
IRL,2018,Male,35-44,70,67.620728,
IRL,2018,Male,35-44,72.5,69.811897,
IRL,2018,Male,35-44,75,72.350311,
IRL,2018,Male,35-44,77.5,74.738953,
IRL,2018,Male,35-44,80,77.924088,
IRL,2018,Male,35-44,82.5,80.467659,
IRL,2018,Male,35-44,85,82.948029,
IRL,2018,Male,35-44,87.5,85.354027,
IRL,2018,Male,35-44,90,87.926392,
IRL,2018,Male,35-44,92.5,89.957542,
IRL,2018,Male,35-44,95,92.637283,
IRL,2018,Male,35-44,97.5,95.016777,
IRL,2018,Male,35-44,99,97.814774,
IRL,2018,Male,35-44,99.90000000000001,99.027473,
IRL,2018,Male,35-44,100,99.92028,
IRL,2018,Male,45-55,2.5,4.6215291,
IRL,2018,Male,45-55,5,5.9698458,
IRL,2018,Male,45-55,7.5,8.3618755,
IRL,2018,Male,45-55,10,10.79187,
IRL,2018,Male,45-55,12.5,12.52236,
IRL,2018,Male,45-55,15,14.97893,
IRL,2018,Male,45-55,17.5,17.597019,
IRL,2018,Male,45-55,20,20.2647,
IRL,2018,Male,45-55,22.5,22.557461,
IRL,2018,Male,45-55,25,24.639521,
IRL,2018,Male,45-55,27.5,26.39781,
IRL,2018,Male,45-55,30,29.084921,
IRL,2018,Male,45-55,32.5,31.35116,
IRL,2018,Male,45-55,35,33.556641,
IRL,2018,Male,45-55,37.5,36.05727,
IRL,2018,Male,45-55,40,37.890591,
IRL,2018,Male,45-55,42.5,40.552391,
IRL,2018,Male,45-55,45,43.32494,
IRL,2018,Male,45-55,47.5,45.88081,
IRL,2018,Male,45-55,50,48.483521,
IRL,2018,Male,45-55,52.5,50.302761,
IRL,2018,Male,45-55,55,52.87672,
IRL,2018,Male,45-55,57.5,55.657558,
IRL,2018,Male,45-55,60,58.080231,
IRL,2018,Male,45-55,62.5,60.431999,
IRL,2018,Male,45-55,65,62.301029,
IRL,2018,Male,45-55,67.5,66.156868,
IRL,2018,Male,45-55,70,67.813408,
IRL,2018,Male,45-55,72.5,70.288658,
IRL,2018,Male,45-55,75,73.252357,
IRL,2018,Male,45-55,77.5,75.180069,
IRL,2018,Male,45-55,80,78.248337,
IRL,2018,Male,45-55,82.5,80.851418,
IRL,2018,Male,45-55,85,82.969643,
IRL,2018,Male,45-55,87.5,85.878883,
IRL,2018,Male,45-55,90,87.996834,
IRL,2018,Male,45-55,92.5,90.611214,
IRL,2018,Male,45-55,95,93.032928,
IRL,2018,Male,45-55,97.5,95.547218,
IRL,2018,Male,45-55,99,97.76918,
IRL,2018,Male,45-55,99.90000000000001,99.340446,
IRL,2018,Male,45-55,100,99.901962,
IRL,2019,All genders,25-34,2.5,7.0255899,
IRL,2019,All genders,25-34,5,8.8190184,
IRL,2019,All genders,25-34,7.5,11.60311,
IRL,2019,All genders,25-34,10,13.60359,
IRL,2019,All genders,25-34,12.5,15.91598,
IRL,2019,All genders,25-34,15,17.7288,
IRL,2019,All genders,25-34,17.5,19.44455,
IRL,2019,All genders,25-34,20,21.1812,
IRL,2019,All genders,25-34,22.5,24.08511,
IRL,2019,All genders,25-34,25,26.341049,
IRL,2019,All genders,25-34,27.5,28.947411,
IRL,2019,All genders,25-34,30,29.75317,
IRL,2019,All genders,25-34,32.5,32.808632,
IRL,2019,All genders,25-34,35,34.577122,
IRL,2019,All genders,25-34,37.5,37.303478,
IRL,2019,All genders,25-34,40,39.11013,
IRL,2019,All genders,25-34,42.5,41.672699,
IRL,2019,All genders,25-34,45,43.653702,
IRL,2019,All genders,25-34,47.5,44.835312,
IRL,2019,All genders,25-34,50,47.72884,
IRL,2019,All genders,25-34,52.5,48.676559,
IRL,2019,All genders,25-34,55,51.778118,
IRL,2019,All genders,25-34,57.5,54.632408,
IRL,2019,All genders,25-34,60,56.329411,
IRL,2019,All genders,25-34,62.5,59.245739,
IRL,2019,All genders,25-34,65,61.693699,
IRL,2019,All genders,25-34,67.5,63.874519,
IRL,2019,All genders,25-34,70,65.599937,
IRL,2019,All genders,25-34,72.5,68.991699,
IRL,2019,All genders,25-34,75,71.254242,
IRL,2019,All genders,25-34,77.5,73.830963,
IRL,2019,All genders,25-34,80,76.740639,
IRL,2019,All genders,25-34,82.5,78.538406,
IRL,2019,All genders,25-34,85,81.15052,
IRL,2019,All genders,25-34,87.5,83.534103,
IRL,2019,All genders,25-34,90,86.094131,
IRL,2019,All genders,25-34,92.5,88.660217,
IRL,2019,All genders,25-34,95,91.59906,
IRL,2019,All genders,25-34,97.5,94.552383,
IRL,2019,All genders,25-34,99,97.013458,
IRL,2019,All genders,25-34,99.90000000000001,98.604607,
IRL,2019,All genders,25-34,100,99.85775,
IRL,2019,All genders,25-55,2.5,5.4938579,
IRL,2019,All genders,25-55,5,7.5603499,
IRL,2019,All genders,25-55,7.5,9.9440689,
IRL,2019,All genders,25-55,10,12.12269,
IRL,2019,All genders,25-55,12.5,14.37875,
IRL,2019,All genders,25-55,15,16.28454,
IRL,2019,All genders,25-55,17.5,18.316601,
IRL,2019,All genders,25-55,20,20.492411,
IRL,2019,All genders,25-55,22.5,22.826349,
IRL,2019,All genders,25-55,25,25.2752,
IRL,2019,All genders,25-55,27.5,27.415739,
IRL,2019,All genders,25-55,30,29.301319,
IRL,2019,All genders,25-55,32.5,31.81278,
IRL,2019,All genders,25-55,35,33.816151,
IRL,2019,All genders,25-55,37.5,36.558262,
IRL,2019,All genders,25-55,40,38.50824,
IRL,2019,All genders,25-55,42.5,41.112869,
IRL,2019,All genders,25-55,45,43.319859,
IRL,2019,All genders,25-55,47.5,45.20821,
IRL,2019,All genders,25-55,50,47.77478,
IRL,2019,All genders,25-55,52.5,49.963131,
IRL,2019,All genders,25-55,55,52.429932,
IRL,2019,All genders,25-55,57.5,54.996639,
IRL,2019,All genders,25-55,60,57.472698,
IRL,2019,All genders,25-55,62.5,59.871792,
IRL,2019,All genders,25-55,65,62.484211,
IRL,2019,All genders,25-55,67.5,64.711571,
IRL,2019,All genders,25-55,70,67.07148,
IRL,2019,All genders,25-55,72.5,69.884506,
IRL,2019,All genders,25-55,75,72.266998,
IRL,2019,All genders,25-55,77.5,74.876701,
IRL,2019,All genders,25-55,80,77.497223,
IRL,2019,All genders,25-55,82.5,79.649582,
IRL,2019,All genders,25-55,85,82.325523,
IRL,2019,All genders,25-55,87.5,84.912949,
IRL,2019,All genders,25-55,90,87.15081,
IRL,2019,All genders,25-55,92.5,89.830299,
IRL,2019,All genders,25-55,95,92.509506,
IRL,2019,All genders,25-55,97.5,95.100883,
IRL,2019,All genders,25-55,99,97.534668,
IRL,2019,All genders,25-55,99.90000000000001,98.978203,
IRL,2019,All genders,25-55,100,99.128899,
IRL,2019,All genders,35-44,2.5,5.245975,
IRL,2019,All genders,35-44,5,7.612442,
IRL,2019,All genders,35-44,7.5,9.5600071,
IRL,2019,All genders,35-44,10,11.97878,
IRL,2019,All genders,35-44,12.5,14.25698,
IRL,2019,All genders,35-44,15,16.073179,
IRL,2019,All genders,35-44,17.5,18.26193,
IRL,2019,All genders,35-44,20,20.461901,
IRL,2019,All genders,35-44,22.5,22.342649,
IRL,2019,All genders,35-44,25,25.12895,
IRL,2019,All genders,35-44,27.5,26.751699,
IRL,2019,All genders,35-44,30,29.21192,
IRL,2019,All genders,35-44,32.5,31.543159,
IRL,2019,All genders,35-44,35,33.446812,
IRL,2019,All genders,35-44,37.5,36.358158,
IRL,2019,All genders,35-44,40,38.140469,
IRL,2019,All genders,35-44,42.5,40.905628,
IRL,2019,All genders,35-44,45,42.95842,
IRL,2019,All genders,35-44,47.5,45.294449,
IRL,2019,All genders,35-44,50,47.78788,
IRL,2019,All genders,35-44,52.5,50.436932,
IRL,2019,All genders,35-44,55,52.352039,
IRL,2019,All genders,35-44,57.5,54.965679,
IRL,2019,All genders,35-44,60,57.931561,
IRL,2019,All genders,35-44,62.5,59.817848,
IRL,2019,All genders,35-44,65,62.67202,
IRL,2019,All genders,35-44,67.5,65.131447,
IRL,2019,All genders,35-44,70,67.412033,
IRL,2019,All genders,35-44,72.5,70.148117,
IRL,2019,All genders,35-44,75,72.333809,
IRL,2019,All genders,35-44,77.5,75.263412,
IRL,2019,All genders,35-44,80,77.466377,
IRL,2019,All genders,35-44,82.5,79.807632,
IRL,2019,All genders,35-44,85,82.685623,
IRL,2019,All genders,35-44,87.5,85.309822,
IRL,2019,All genders,35-44,90,87.280762,
IRL,2019,All genders,35-44,92.5,90.125847,
IRL,2019,All genders,35-44,95,92.68309,
IRL,2019,All genders,35-44,97.5,95.156227,
IRL,2019,All genders,35-44,99,97.689346,
IRL,2019,All genders,35-44,99.90000000000001,99.156403,
IRL,2019,All genders,35-44,100,99.210793,
IRL,2019,All genders,45-55,2.5,4.281188,
IRL,2019,All genders,45-55,5,6.2259812,
IRL,2019,All genders,45-55,7.5,8.7848301,
IRL,2019,All genders,45-55,10,10.82189,
IRL,2019,All genders,45-55,12.5,12.99809,
IRL,2019,All genders,45-55,15,15.11196,
IRL,2019,All genders,45-55,17.5,17.254259,
IRL,2019,All genders,45-55,20,19.84057,
IRL,2019,All genders,45-55,22.5,22.199579,
IRL,2019,All genders,45-55,25,24.39679,
IRL,2019,All genders,45-55,27.5,26.74935,
IRL,2019,All genders,45-55,30,28.966049,
IRL,2019,All genders,45-55,32.5,31.165661,
IRL,2019,All genders,45-55,35,33.540421,
IRL,2019,All genders,45-55,37.5,36.07172,
IRL,2019,All genders,45-55,40,38.387112,
IRL,2019,All genders,45-55,42.5,40.823441,
IRL,2019,All genders,45-55,45,43.46085,
IRL,2019,All genders,45-55,47.5,45.470009,
IRL,2019,All genders,45-55,50,47.803638,
IRL,2019,All genders,45-55,52.5,50.632061,
IRL,2019,All genders,45-55,55,53.188629,
IRL,2019,All genders,45-55,57.5,55.402481,
IRL,2019,All genders,45-55,60,58.018951,
IRL,2019,All genders,45-55,62.5,60.571411,
IRL,2019,All genders,45-55,65,63.03159,
IRL,2019,All genders,45-55,67.5,64.996971,
IRL,2019,All genders,45-55,70,68.104248,
IRL,2019,All genders,45-55,72.5,70.433617,
IRL,2019,All genders,45-55,75,73.19809,
IRL,2019,All genders,45-55,77.5,75.417938,
IRL,2019,All genders,45-55,80,78.297951,
IRL,2019,All genders,45-55,82.5,80.555702,
IRL,2019,All genders,45-55,85,83.033943,
IRL,2019,All genders,45-55,87.5,85.775208,
IRL,2019,All genders,45-55,90,88.040443,
IRL,2019,All genders,45-55,92.5,90.618912,
IRL,2019,All genders,45-55,95,93.194572,
IRL,2019,All genders,45-55,97.5,95.580994,
IRL,2019,All genders,45-55,99,97.852493,
IRL,2019,All genders,45-55,99.90000000000001,99.116882,
IRL,2019,All genders,45-55,100,98.25576,
IRL,2019,Female,25-34,2.5,7.70156,
IRL,2019,Female,25-34,5,8.9566402,
IRL,2019,Female,25-34,7.5,11.77872,
IRL,2019,Female,25-34,10,13.90634,
IRL,2019,Female,25-34,12.5,16.03829,
IRL,2019,Female,25-34,15,17.442221,
IRL,2019,Female,25-34,17.5,19.13376,
IRL,2019,Female,25-34,20,20.67754,
IRL,2019,Female,25-34,22.5,24.292669,
IRL,2019,Female,25-34,25,25.55896,
IRL,2019,Female,25-34,27.5,28.27824,
IRL,2019,Female,25-34,30,29.808649,
IRL,2019,Female,25-34,32.5,32.500969,
IRL,2019,Female,25-34,35,34.195492,
IRL,2019,Female,25-34,37.5,37.022411,
IRL,2019,Female,25-34,40,38.87661,
IRL,2019,Female,25-34,42.5,41.695961,
IRL,2019,Female,25-34,45,43.540771,
IRL,2019,Female,25-34,47.5,44.557072,
IRL,2019,Female,25-34,50,47.118401,
IRL,2019,Female,25-34,52.5,48.301609,
IRL,2019,Female,25-34,55,52.18367,
IRL,2019,Female,25-34,57.5,54.731628,
IRL,2019,Female,25-34,60,55.74873,
IRL,2019,Female,25-34,62.5,59.358669,
IRL,2019,Female,25-34,65,61.993919,
IRL,2019,Female,25-34,67.5,64.686752,
IRL,2019,Female,25-34,70,65.408478,
IRL,2019,Female,25-34,72.5,69.249832,
IRL,2019,Female,25-34,75,71.779671,
IRL,2019,Female,25-34,77.5,74.376282,
IRL,2019,Female,25-34,80,77.020218,
IRL,2019,Female,25-34,82.5,78.66507,
IRL,2019,Female,25-34,85,81.707443,
IRL,2019,Female,25-34,87.5,83.889374,
IRL,2019,Female,25-34,90,86.380173,
IRL,2019,Female,25-34,92.5,88.459976,
IRL,2019,Female,25-34,95,91.325592,
IRL,2019,Female,25-34,97.5,94.644028,
IRL,2019,Female,25-34,99,96.966232,
IRL,2019,Female,25-34,99.90000000000001,98.559242,
IRL,2019,Female,25-34,100,99.805077,
IRL,2019,Female,25-55,2.5,5.9876471,
IRL,2019,Female,25-55,5,7.8195839,
IRL,2019,Female,25-55,7.5,9.8920727,
IRL,2019,Female,25-55,10,12.14559,
IRL,2019,Female,25-55,12.5,14.29015,
IRL,2019,Female,25-55,15,15.85895,
IRL,2019,Female,25-55,17.5,17.933531,
IRL,2019,Female,25-55,20,19.995199,
IRL,2019,Female,25-55,22.5,22.76309,
IRL,2019,Female,25-55,25,24.359461,
IRL,2019,Female,25-55,27.5,27.120331,
IRL,2019,Female,25-55,30,29.244249,
IRL,2019,Female,25-55,32.5,31.75082,
IRL,2019,Female,25-55,35,33.47665,
IRL,2019,Female,25-55,37.5,36.326012,
IRL,2019,Female,25-55,40,38.537399,
IRL,2019,Female,25-55,42.5,41.32164,
IRL,2019,Female,25-55,45,43.40625,
IRL,2019,Female,25-55,47.5,45.183289,
IRL,2019,Female,25-55,50,47.786221,
IRL,2019,Female,25-55,52.5,50.173271,
IRL,2019,Female,25-55,55,52.77422,
IRL,2019,Female,25-55,57.5,55.317692,
IRL,2019,Female,25-55,60,57.427979,
IRL,2019,Female,25-55,62.5,60.060249,
IRL,2019,Female,25-55,65,62.478142,
IRL,2019,Female,25-55,67.5,65.152039,
IRL,2019,Female,25-55,70,66.882271,
IRL,2019,Female,25-55,72.5,69.975616,
IRL,2019,Female,25-55,75,72.563293,
IRL,2019,Female,25-55,77.5,75.101837,
IRL,2019,Female,25-55,80,77.61956,
IRL,2019,Female,25-55,82.5,79.811241,
IRL,2019,Female,25-55,85,82.736504,
IRL,2019,Female,25-55,87.5,85.120277,
IRL,2019,Female,25-55,90,87.15892,
IRL,2019,Female,25-55,92.5,89.792801,
IRL,2019,Female,25-55,95,92.290909,
IRL,2019,Female,25-55,97.5,94.978844,
IRL,2019,Female,25-55,99,97.412239,
IRL,2019,Female,25-55,99.90000000000001,98.969688,
IRL,2019,Female,25-55,100,99.335457,
IRL,2019,Female,35-44,2.5,5.8027411,
IRL,2019,Female,35-44,5,7.8715172,
IRL,2019,Female,35-44,7.5,9.3439035,
IRL,2019,Female,35-44,10,11.61752,
IRL,2019,Female,35-44,12.5,13.95743,
IRL,2019,Female,35-44,15,15.54277,
IRL,2019,Female,35-44,17.5,17.814251,
IRL,2019,Female,35-44,20,19.73082,
IRL,2019,Female,35-44,22.5,22.15871,
IRL,2019,Female,35-44,25,24.031111,
IRL,2019,Female,35-44,27.5,26.734619,
IRL,2019,Female,35-44,30,29.336399,
IRL,2019,Female,35-44,32.5,31.600479,
IRL,2019,Female,35-44,35,32.809231,
IRL,2019,Female,35-44,37.5,35.848431,
IRL,2019,Female,35-44,40,38.212719,
IRL,2019,Female,35-44,42.5,41.201511,
IRL,2019,Female,35-44,45,43.08659,
IRL,2019,Female,35-44,47.5,45.40324,
IRL,2019,Female,35-44,50,48.076149,
IRL,2019,Female,35-44,52.5,51.00679,
IRL,2019,Female,35-44,55,52.713329,
IRL,2019,Female,35-44,57.5,55.536831,
IRL,2019,Female,35-44,60,58.22723,
IRL,2019,Female,35-44,62.5,60.11171,
IRL,2019,Female,35-44,65,62.614189,
IRL,2019,Female,35-44,67.5,65.539803,
IRL,2019,Female,35-44,70,67.102203,
IRL,2019,Female,35-44,72.5,70.425163,
IRL,2019,Female,35-44,75,72.780907,
IRL,2019,Female,35-44,77.5,75.633583,
IRL,2019,Female,35-44,80,77.461617,
IRL,2019,Female,35-44,82.5,80.125702,
IRL,2019,Female,35-44,85,82.977547,
IRL,2019,Female,35-44,87.5,85.418137,
IRL,2019,Female,35-44,90,87.066879,
IRL,2019,Female,35-44,92.5,90.177696,
IRL,2019,Female,35-44,95,92.435989,
IRL,2019,Female,35-44,97.5,94.941849,
IRL,2019,Female,35-44,99,97.553909,
IRL,2019,Female,35-44,99.90000000000001,99.032494,
IRL,2019,Female,35-44,100,98.511322,
IRL,2019,Female,45-55,2.5,4.5266738,
IRL,2019,Female,45-55,5,6.614387,
IRL,2019,Female,45-55,7.5,8.7331247,
IRL,2019,Female,45-55,10,11.0786,
IRL,2019,Female,45-55,12.5,12.9939,
IRL,2019,Female,45-55,15,14.69054,
IRL,2019,Female,45-55,17.5,16.89307,
IRL,2019,Female,45-55,20,19.6621,
IRL,2019,Female,45-55,22.5,22.029751,
IRL,2019,Female,45-55,25,23.598089,
IRL,2019,Female,45-55,27.5,26.46644,
IRL,2019,Female,45-55,30,28.561649,
IRL,2019,Female,45-55,32.5,31.19981,
IRL,2019,Female,45-55,35,33.633999,
IRL,2019,Female,45-55,37.5,36.25684,
IRL,2019,Female,45-55,40,38.622879,
IRL,2019,Female,45-55,42.5,41.107559,
IRL,2019,Female,45-55,45,43.691071,
IRL,2019,Female,45-55,47.5,45.5196,
IRL,2019,Female,45-55,50,48.071911,
IRL,2019,Female,45-55,52.5,50.954441,
IRL,2019,Female,45-55,55,53.441559,
IRL,2019,Female,45-55,57.5,55.61467,
IRL,2019,Female,45-55,60,58.050598,
IRL,2019,Female,45-55,62.5,60.6922,
IRL,2019,Female,45-55,65,62.782162,
IRL,2019,Female,45-55,67.5,65.107857,
IRL,2019,Female,45-55,70,68.064011,
IRL,2019,Female,45-55,72.5,70.109161,
IRL,2019,Female,45-55,75,73.060806,
IRL,2019,Female,45-55,77.5,75.126984,
IRL,2019,Female,45-55,80,78.423073,
IRL,2019,Female,45-55,82.5,80.536636,
IRL,2019,Female,45-55,85,83.447739,
IRL,2019,Female,45-55,87.5,85.960197,
IRL,2019,Female,45-55,90,88.053177,
IRL,2019,Female,45-55,92.5,90.620697,
IRL,2019,Female,45-55,95,93.0606,
IRL,2019,Female,45-55,97.5,95.36351,
IRL,2019,Female,45-55,99,97.667793,
IRL,2019,Female,45-55,99.90000000000001,99.29274,
IRL,2019,Female,45-55,100,99.921547,
IRL,2019,Male,25-34,2.5,6.3973851,
IRL,2019,Male,25-34,5,8.6900377,
IRL,2019,Male,25-34,7.5,11.43983,
IRL,2019,Male,25-34,10,13.32072,
IRL,2019,Male,25-34,12.5,15.8028,
IRL,2019,Male,25-34,15,17.997789,
IRL,2019,Male,25-34,17.5,19.73358,
IRL,2019,Male,25-34,20,21.65097,
IRL,2019,Male,25-34,22.5,23.89152,
IRL,2019,Male,25-34,25,27.06592,
IRL,2019,Male,25-34,27.5,29.574619,
IRL,2019,Male,25-34,30,29.70159,
IRL,2019,Male,25-34,32.5,33.095188,
IRL,2019,Male,25-34,35,34.93362,
IRL,2019,Male,25-34,37.5,37.564838,
IRL,2019,Male,25-34,40,39.32864,
IRL,2019,Male,25-34,42.5,41.651131,
IRL,2019,Male,25-34,45,43.75919,
IRL,2019,Male,25-34,47.5,45.09404,
IRL,2019,Male,25-34,50,48.298222,
IRL,2019,Male,25-34,52.5,49.028542,
IRL,2019,Male,25-34,55,51.40163,
IRL,2019,Male,25-34,57.5,54.539719,
IRL,2019,Male,25-34,60,56.867668,
IRL,2019,Male,25-34,62.5,59.140091,
IRL,2019,Male,25-34,65,61.414989,
IRL,2019,Male,25-34,67.5,63.115761,
IRL,2019,Male,25-34,70,65.778549,
IRL,2019,Male,25-34,72.5,68.75132,
IRL,2019,Male,25-34,75,70.764107,
IRL,2019,Male,25-34,77.5,73.323936,
IRL,2019,Male,25-34,80,76.479843,
IRL,2019,Male,25-34,82.5,78.420486,
IRL,2019,Male,25-34,85,80.631737,
IRL,2019,Male,25-34,87.5,83.201172,
IRL,2019,Male,25-34,90,85.829033,
IRL,2019,Male,25-34,92.5,88.847633,
IRL,2019,Male,25-34,95,91.853317,
IRL,2019,Male,25-34,97.5,94.46656,
IRL,2019,Male,25-34,99,97.057083,
IRL,2019,Male,25-34,99.90000000000001,98.646873,
IRL,2019,Male,25-34,100,99.908783,
IRL,2019,Male,25-55,2.5,5.0304999,
IRL,2019,Male,25-55,5,7.316514,
IRL,2019,Male,25-55,7.5,9.9927654,
IRL,2019,Male,25-55,10,12.10116,
IRL,2019,Male,25-55,12.5,14.46164,
IRL,2019,Male,25-55,15,16.68523,
IRL,2019,Male,25-55,17.5,18.67539,
IRL,2019,Male,25-55,20,20.959629,
IRL,2019,Male,25-55,22.5,22.885651,
IRL,2019,Male,25-55,25,26.134029,
IRL,2019,Male,25-55,27.5,27.693211,
IRL,2019,Male,25-55,30,29.35479,
IRL,2019,Male,25-55,32.5,31.870939,
IRL,2019,Male,25-55,35,34.135059,
IRL,2019,Male,25-55,37.5,36.775879,
IRL,2019,Male,25-55,40,38.480808,
IRL,2019,Male,25-55,42.5,40.917068,
IRL,2019,Male,25-55,45,43.2388,
IRL,2019,Male,25-55,47.5,45.23156,
IRL,2019,Male,25-55,50,47.764042,
IRL,2019,Male,25-55,52.5,49.765461,
IRL,2019,Male,25-55,55,52.107342,
IRL,2019,Male,25-55,57.5,54.695381,
IRL,2019,Male,25-55,60,57.514671,
IRL,2019,Male,25-55,62.5,59.694698,
IRL,2019,Male,25-55,65,62.489891,
IRL,2019,Male,25-55,67.5,64.297836,
IRL,2019,Male,25-55,70,67.24929,
IRL,2019,Male,25-55,72.5,69.799133,
IRL,2019,Male,25-55,75,71.989227,
IRL,2019,Male,25-55,77.5,74.665253,
IRL,2019,Male,25-55,80,77.382523,
IRL,2019,Male,25-55,82.5,79.497757,
IRL,2019,Male,25-55,85,81.940201,
IRL,2019,Male,25-55,87.5,84.71804,
IRL,2019,Male,25-55,90,87.143211,
IRL,2019,Male,25-55,92.5,89.865578,
IRL,2019,Male,25-55,95,92.714233,
IRL,2019,Male,25-55,97.5,95.215584,
IRL,2019,Male,25-55,99,97.649063,
IRL,2019,Male,25-55,99.90000000000001,98.986183,
IRL,2019,Male,25-55,100,98.926376,
IRL,2019,Male,35-44,2.5,4.7245789,
IRL,2019,Male,35-44,5,7.3694081,
IRL,2019,Male,35-44,7.5,9.7617378,
IRL,2019,Male,35-44,10,12.31724,
IRL,2019,Male,35-44,12.5,14.53695,
IRL,2019,Male,35-44,15,16.571329,
IRL,2019,Male,35-44,17.5,18.680361,
IRL,2019,Male,35-44,20,21.14686,
IRL,2019,Male,35-44,22.5,22.514151,
IRL,2019,Male,35-44,25,26.159929,
IRL,2019,Male,35-44,27.5,26.767639,
IRL,2019,Male,35-44,30,29.09515,
IRL,2019,Male,35-44,32.5,31.489441,
IRL,2019,Male,35-44,35,34.04277,
IRL,2019,Male,35-44,37.5,36.83569,
IRL,2019,Male,35-44,40,38.072868,
IRL,2019,Male,35-44,42.5,40.62875,
IRL,2019,Male,35-44,45,42.838329,
IRL,2019,Male,35-44,47.5,45.192768,
IRL,2019,Male,35-44,50,47.517811,
IRL,2019,Male,35-44,52.5,49.901779,
IRL,2019,Male,35-44,55,52.014351,
IRL,2019,Male,35-44,57.5,54.430569,
IRL,2019,Male,35-44,60,57.65453,
IRL,2019,Male,35-44,62.5,59.54285,
IRL,2019,Male,35-44,65,62.726139,
IRL,2019,Male,35-44,67.5,64.749763,
IRL,2019,Male,35-44,70,67.702332,
IRL,2019,Male,35-44,72.5,69.88826,
IRL,2019,Male,35-44,75,71.916397,
IRL,2019,Male,35-44,77.5,74.915787,
IRL,2019,Male,35-44,80,77.470833,
IRL,2019,Male,35-44,82.5,79.509956,
IRL,2019,Male,35-44,85,82.412758,
IRL,2019,Male,35-44,87.5,85.208214,
IRL,2019,Male,35-44,90,87.480911,
IRL,2019,Male,35-44,92.5,90.077278,
IRL,2019,Male,35-44,95,92.913757,
IRL,2019,Male,35-44,97.5,95.357201,
IRL,2019,Male,35-44,99,97.815826,
IRL,2019,Male,35-44,99.90000000000001,99.272636,
IRL,2019,Male,35-44,100,99.892776,
IRL,2019,Male,45-55,2.5,4.0479579,
IRL,2019,Male,45-55,5,5.858017,
IRL,2019,Male,45-55,7.5,8.8338184,
IRL,2019,Male,45-55,10,10.5783,
IRL,2019,Male,45-55,12.5,13.00205,
IRL,2019,Male,45-55,15,15.51121,
IRL,2019,Male,45-55,17.5,17.59593,
IRL,2019,Male,45-55,20,20.010189,
IRL,2019,Male,45-55,22.5,22.360741,
IRL,2019,Male,45-55,25,25.15346,
IRL,2019,Male,45-55,27.5,27.017799,
IRL,2019,Male,45-55,30,29.347361,
IRL,2019,Male,45-55,32.5,31.133261,
IRL,2019,Male,45-55,35,33.451469,
IRL,2019,Male,45-55,37.5,35.8969,
IRL,2019,Male,45-55,40,38.163029,
IRL,2019,Male,45-55,42.5,40.553009,
IRL,2019,Male,45-55,45,43.24342,
IRL,2019,Male,45-55,47.5,45.42297,
IRL,2019,Male,45-55,50,47.549469,
IRL,2019,Male,45-55,52.5,50.32756,
IRL,2019,Male,45-55,55,52.948639,
IRL,2019,Male,45-55,57.5,55.202061,
IRL,2019,Male,45-55,60,57.988819,
IRL,2019,Male,45-55,62.5,60.456779,
IRL,2019,Male,45-55,65,63.267521,
IRL,2019,Male,45-55,67.5,64.891579,
IRL,2019,Male,45-55,70,68.142487,
IRL,2019,Male,45-55,72.5,70.739059,
IRL,2019,Male,45-55,75,73.328148,
IRL,2019,Male,45-55,77.5,75.694031,
IRL,2019,Male,45-55,80,78.179413,
IRL,2019,Male,45-55,82.5,80.573837,
IRL,2019,Male,45-55,85,82.641861,
IRL,2019,Male,45-55,87.5,85.600243,
IRL,2019,Male,45-55,90,88.028381,
IRL,2019,Male,45-55,92.5,90.617203,
IRL,2019,Male,45-55,95,93.321503,
IRL,2019,Male,45-55,97.5,95.786842,
IRL,2019,Male,45-55,99,98.027206,
IRL,2019,Male,45-55,99.90000000000001,98.949364,
IRL,2019,Male,45-55,100,96.589958,
IRL,2020,All genders,25-34,2.5,8.1921196,
IRL,2020,All genders,25-34,5,10.24972,
IRL,2020,All genders,25-34,7.5,12.12572,
IRL,2020,All genders,25-34,10,13.80808,
IRL,2020,All genders,25-34,12.5,16.017771,
IRL,2020,All genders,25-34,15,16.67024,
IRL,2020,All genders,25-34,17.5,19.069571,
IRL,2020,All genders,25-34,20,21.097191,
IRL,2020,All genders,25-34,22.5,22.91692,
IRL,2020,All genders,25-34,25,25.22142,
IRL,2020,All genders,25-34,27.5,27.56666,
IRL,2020,All genders,25-34,30,30.116949,
IRL,2020,All genders,25-34,32.5,31.50408,
IRL,2020,All genders,25-34,35,34.28072,
IRL,2020,All genders,25-34,37.5,35.91732,
IRL,2020,All genders,25-34,40,39.432079,
IRL,2020,All genders,25-34,42.5,40.138969,
IRL,2020,All genders,25-34,45,42.630371,
IRL,2020,All genders,25-34,47.5,45.95425,
IRL,2020,All genders,25-34,50,47.643951,
IRL,2020,All genders,25-34,52.5,49.490211,
IRL,2020,All genders,25-34,55,52.738232,
IRL,2020,All genders,25-34,57.5,54.567402,
IRL,2020,All genders,25-34,60,57.081692,
IRL,2020,All genders,25-34,62.5,58.844959,
IRL,2020,All genders,25-34,65,61.263409,
IRL,2020,All genders,25-34,67.5,63.685261,
IRL,2020,All genders,25-34,70,66.673973,
IRL,2020,All genders,25-34,72.5,69.152077,
IRL,2020,All genders,25-34,75,71.934311,
IRL,2020,All genders,25-34,77.5,73.934608,
IRL,2020,All genders,25-34,80,76.061867,
IRL,2020,All genders,25-34,82.5,79.332062,
IRL,2020,All genders,25-34,85,81.734337,
IRL,2020,All genders,25-34,87.5,84.170868,
IRL,2020,All genders,25-34,90,86.081306,
IRL,2020,All genders,25-34,92.5,88.931686,
IRL,2020,All genders,25-34,95,91.817047,
IRL,2020,All genders,25-34,97.5,94.676559,
IRL,2020,All genders,25-34,99,97.184227,
IRL,2020,All genders,25-34,99.90000000000001,98.90551,
IRL,2020,All genders,25-34,100,99.769691,
IRL,2020,All genders,25-55,2.5,6.2539001,
IRL,2020,All genders,25-55,5,8.1586409,
IRL,2020,All genders,25-55,7.5,10.20509,
IRL,2020,All genders,25-55,10,12.04245,
IRL,2020,All genders,25-55,12.5,13.86528,
IRL,2020,All genders,25-55,15,15.69638,
IRL,2020,All genders,25-55,17.5,18.05994,
IRL,2020,All genders,25-55,20,20.415039,
IRL,2020,All genders,25-55,22.5,22.339621,
IRL,2020,All genders,25-55,25,24.506041,
IRL,2020,All genders,25-55,27.5,26.9646,
IRL,2020,All genders,25-55,30,29.405371,
IRL,2020,All genders,25-55,32.5,31.324261,
IRL,2020,All genders,25-55,35,33.546219,
IRL,2020,All genders,25-55,37.5,35.84446,
IRL,2020,All genders,25-55,40,38.53896,
IRL,2020,All genders,25-55,42.5,40.438019,
IRL,2020,All genders,25-55,45,43.07938,
IRL,2020,All genders,25-55,47.5,45.70689,
IRL,2020,All genders,25-55,50,48.071178,
IRL,2020,All genders,25-55,52.5,50.106602,
IRL,2020,All genders,25-55,55,52.91547,
IRL,2020,All genders,25-55,57.5,55.113659,
IRL,2020,All genders,25-55,60,57.625439,
IRL,2020,All genders,25-55,62.5,60.06839,
IRL,2020,All genders,25-55,65,62.265499,
IRL,2020,All genders,25-55,67.5,64.805511,
IRL,2020,All genders,25-55,70,67.574867,
IRL,2020,All genders,25-55,72.5,69.887833,
IRL,2020,All genders,25-55,75,72.698517,
IRL,2020,All genders,25-55,77.5,75.015984,
IRL,2020,All genders,25-55,80,77.227409,
IRL,2020,All genders,25-55,82.5,80.271103,
IRL,2020,All genders,25-55,85,82.62159,
IRL,2020,All genders,25-55,87.5,84.944077,
IRL,2020,All genders,25-55,90,87.294281,
IRL,2020,All genders,25-55,92.5,89.893547,
IRL,2020,All genders,25-55,95,92.515877,
IRL,2020,All genders,25-55,97.5,95.209007,
IRL,2020,All genders,25-55,99,97.439484,
IRL,2020,All genders,25-55,99.90000000000001,99.120789,
IRL,2020,All genders,25-55,100,99.690422,
IRL,2020,All genders,35-44,2.5,5.840404,
IRL,2020,All genders,35-44,5,7.7420511,
IRL,2020,All genders,35-44,7.5,9.8803968,
IRL,2020,All genders,35-44,10,11.8014,
IRL,2020,All genders,35-44,12.5,13.27263,
IRL,2020,All genders,35-44,15,15.62467,
IRL,2020,All genders,35-44,17.5,17.770399,
IRL,2020,All genders,35-44,20,20.419849,
IRL,2020,All genders,35-44,22.5,22.436621,
IRL,2020,All genders,35-44,25,24.193291,
IRL,2020,All genders,35-44,27.5,26.644011,
IRL,2020,All genders,35-44,30,29.279169,
IRL,2020,All genders,35-44,32.5,31.35519,
IRL,2020,All genders,35-44,35,33.341469,
IRL,2020,All genders,35-44,37.5,35.7714,
IRL,2020,All genders,35-44,40,38.113869,
IRL,2020,All genders,35-44,42.5,40.571522,
IRL,2020,All genders,35-44,45,43.450089,
IRL,2020,All genders,35-44,47.5,45.639889,
IRL,2020,All genders,35-44,50,48.230541,
IRL,2020,All genders,35-44,52.5,50.179001,
IRL,2020,All genders,35-44,55,52.792992,
IRL,2020,All genders,35-44,57.5,55.29105,
IRL,2020,All genders,35-44,60,57.773701,
IRL,2020,All genders,35-44,62.5,60.345322,
IRL,2020,All genders,35-44,65,62.39003,
IRL,2020,All genders,35-44,67.5,65.294373,
IRL,2020,All genders,35-44,70,67.72998,
IRL,2020,All genders,35-44,72.5,69.806908,
IRL,2020,All genders,35-44,75,72.784821,
IRL,2020,All genders,35-44,77.5,75.283257,
IRL,2020,All genders,35-44,80,77.311089,
IRL,2020,All genders,35-44,82.5,80.60611,
IRL,2020,All genders,35-44,85,82.84391,
IRL,2020,All genders,35-44,87.5,85.089142,
IRL,2020,All genders,35-44,90,87.548279,
IRL,2020,All genders,35-44,92.5,89.996559,
IRL,2020,All genders,35-44,95,92.640404,
IRL,2020,All genders,35-44,97.5,95.379662,
IRL,2020,All genders,35-44,99,97.476051,
IRL,2020,All genders,35-44,99.90000000000001,99.106483,
IRL,2020,All genders,35-44,100,99.4459,
IRL,2020,All genders,45-55,2.5,4.920855,
IRL,2020,All genders,45-55,5,6.6852489,
IRL,2020,All genders,45-55,7.5,8.7844744,
IRL,2020,All genders,45-55,10,10.65864,
IRL,2020,All genders,45-55,12.5,12.55929,
IRL,2020,All genders,45-55,15,14.85526,
IRL,2020,All genders,45-55,17.5,17.460159,
IRL,2020,All genders,45-55,20,19.756161,
IRL,2020,All genders,45-55,22.5,21.662519,
IRL,2020,All genders,45-55,25,24.22076,
IRL,2020,All genders,45-55,27.5,26.79574,
IRL,2020,All genders,45-55,30,28.885201,
IRL,2020,All genders,45-55,32.5,31.113251,
IRL,2020,All genders,45-55,35,33.10107,
IRL,2020,All genders,45-55,37.5,35.867908,
IRL,2020,All genders,45-55,40,38.22443,
IRL,2020,All genders,45-55,42.5,40.554569,
IRL,2020,All genders,45-55,45,43.037361,
IRL,2020,All genders,45-55,47.5,45.55566,
IRL,2020,All genders,45-55,50,48.27652,
IRL,2020,All genders,45-55,52.5,50.605171,
IRL,2020,All genders,45-55,55,53.241138,
IRL,2020,All genders,45-55,57.5,55.410519,
IRL,2020,All genders,45-55,60,57.95784,
IRL,2020,All genders,45-55,62.5,60.88929,
IRL,2020,All genders,45-55,65,63.06358,
IRL,2020,All genders,45-55,67.5,65.259666,
IRL,2020,All genders,45-55,70,68.237846,
IRL,2020,All genders,45-55,72.5,70.694801,
IRL,2020,All genders,45-55,75,73.320313,
IRL,2020,All genders,45-55,77.5,75.708748,
IRL,2020,All genders,45-55,80,78.241379,
IRL,2020,All genders,45-55,82.5,80.741867,
IRL,2020,All genders,45-55,85,83.191017,
IRL,2020,All genders,45-55,87.5,85.498161,
IRL,2020,All genders,45-55,90,88.133797,
IRL,2020,All genders,45-55,92.5,90.682838,
IRL,2020,All genders,45-55,95,93.025223,
IRL,2020,All genders,45-55,97.5,95.50293,
IRL,2020,All genders,45-55,99,97.637169,
IRL,2020,All genders,45-55,99.90000000000001,99.343567,
IRL,2020,All genders,45-55,100,99.933144,
IRL,2020,Female,25-34,2.5,8.6510115,
IRL,2020,Female,25-34,5,10.6926,
IRL,2020,Female,25-34,7.5,12.2701,
IRL,2020,Female,25-34,10,14.18051,
IRL,2020,Female,25-34,12.5,16.05357,
IRL,2020,Female,25-34,15,17.01486,
IRL,2020,Female,25-34,17.5,18.875139,
IRL,2020,Female,25-34,20,20.76053,
IRL,2020,Female,25-34,22.5,22.676849,
IRL,2020,Female,25-34,25,24.88966,
IRL,2020,Female,25-34,27.5,26.38678,
IRL,2020,Female,25-34,30,30.106421,
IRL,2020,Female,25-34,32.5,31.220381,
IRL,2020,Female,25-34,35,33.938599,
IRL,2020,Female,25-34,37.5,34.87545,
IRL,2020,Female,25-34,40,39.23119,
IRL,2020,Female,25-34,42.5,39.89043,
IRL,2020,Female,25-34,45,42.938969,
IRL,2020,Female,25-34,47.5,46.224609,
IRL,2020,Female,25-34,50,48.331039,
IRL,2020,Female,25-34,52.5,49.302181,
IRL,2020,Female,25-34,55,52.408779,
IRL,2020,Female,25-34,57.5,54.612301,
IRL,2020,Female,25-34,60,57.365879,
IRL,2020,Female,25-34,62.5,58.750938,
IRL,2020,Female,25-34,65,61.811329,
IRL,2020,Female,25-34,67.5,63.036709,
IRL,2020,Female,25-34,70,66.646973,
IRL,2020,Female,25-34,72.5,69.271912,
IRL,2020,Female,25-34,75,72.172508,
IRL,2020,Female,25-34,77.5,74.074966,
IRL,2020,Female,25-34,80,75.883904,
IRL,2020,Female,25-34,82.5,79.761543,
IRL,2020,Female,25-34,85,82.379501,
IRL,2020,Female,25-34,87.5,84.464706,
IRL,2020,Female,25-34,90,86.524818,
IRL,2020,Female,25-34,92.5,88.752403,
IRL,2020,Female,25-34,95,91.571358,
IRL,2020,Female,25-34,97.5,94.67173,
IRL,2020,Female,25-34,99,97.249153,
IRL,2020,Female,25-34,99.90000000000001,98.937332,
IRL,2020,Female,25-34,100,99.86129,
IRL,2020,Female,25-55,2.5,6.7753119,
IRL,2020,Female,25-55,5,8.4403877,
IRL,2020,Female,25-55,7.5,10.19817,
IRL,2020,Female,25-55,10,12.15355,
IRL,2020,Female,25-55,12.5,13.88857,
IRL,2020,Female,25-55,15,15.97799,
IRL,2020,Female,25-55,17.5,17.897619,
IRL,2020,Female,25-55,20,19.989201,
IRL,2020,Female,25-55,22.5,21.93022,
IRL,2020,Female,25-55,25,23.91538,
IRL,2020,Female,25-55,27.5,26.490629,
IRL,2020,Female,25-55,30,29.152149,
IRL,2020,Female,25-55,32.5,30.880569,
IRL,2020,Female,25-55,35,33.309582,
IRL,2020,Female,25-55,37.5,35.397949,
IRL,2020,Female,25-55,40,38.436611,
IRL,2020,Female,25-55,42.5,40.498772,
IRL,2020,Female,25-55,45,43.020519,
IRL,2020,Female,25-55,47.5,45.881989,
IRL,2020,Female,25-55,50,48.388519,
IRL,2020,Female,25-55,52.5,50.364498,
IRL,2020,Female,25-55,55,53.021919,
IRL,2020,Female,25-55,57.5,55.302979,
IRL,2020,Female,25-55,60,57.79921,
IRL,2020,Female,25-55,62.5,60.14185,
IRL,2020,Female,25-55,65,62.676941,
IRL,2020,Female,25-55,67.5,64.661484,
IRL,2020,Female,25-55,70,67.641533,
IRL,2020,Female,25-55,72.5,70.05809,
IRL,2020,Female,25-55,75,72.785278,
IRL,2020,Female,25-55,77.5,75.12027,
IRL,2020,Female,25-55,80,77.413467,
IRL,2020,Female,25-55,82.5,80.418289,
IRL,2020,Female,25-55,85,82.863777,
IRL,2020,Female,25-55,87.5,84.926193,
IRL,2020,Female,25-55,90,87.324989,
IRL,2020,Female,25-55,92.5,89.728737,
IRL,2020,Female,25-55,95,92.406967,
IRL,2020,Female,25-55,97.5,95.206444,
IRL,2020,Female,25-55,99,97.477257,
IRL,2020,Female,25-55,99.90000000000001,99.149673,
IRL,2020,Female,25-55,100,99.883972,
IRL,2020,Female,35-44,2.5,6.5685291,
IRL,2020,Female,35-44,5,7.7249632,
IRL,2020,Female,35-44,7.5,9.6077166,
IRL,2020,Female,35-44,10,11.82551,
IRL,2020,Female,35-44,12.5,13.51874,
IRL,2020,Female,35-44,15,15.99967,
IRL,2020,Female,35-44,17.5,17.663071,
IRL,2020,Female,35-44,20,19.833851,
IRL,2020,Female,35-44,22.5,21.84741,
IRL,2020,Female,35-44,25,23.52652,
IRL,2020,Female,35-44,27.5,26.343399,
IRL,2020,Female,35-44,30,28.731819,
IRL,2020,Female,35-44,32.5,30.57251,
IRL,2020,Female,35-44,35,33.151058,
IRL,2020,Female,35-44,37.5,35.69944,
IRL,2020,Female,35-44,40,38.116112,
IRL,2020,Female,35-44,42.5,40.822948,
IRL,2020,Female,35-44,45,43.1138,
IRL,2020,Female,35-44,47.5,45.701199,
IRL,2020,Female,35-44,50,48.769001,
IRL,2020,Female,35-44,52.5,50.55854,
IRL,2020,Female,35-44,55,53.20639,
IRL,2020,Female,35-44,57.5,55.439308,
IRL,2020,Female,35-44,60,58.11478,
IRL,2020,Female,35-44,62.5,60.509251,
IRL,2020,Female,35-44,65,62.914631,
IRL,2020,Female,35-44,67.5,65.264717,
IRL,2020,Female,35-44,70,67.618858,
IRL,2020,Female,35-44,72.5,70.205429,
IRL,2020,Female,35-44,75,72.887917,
IRL,2020,Female,35-44,77.5,75.68721,
IRL,2020,Female,35-44,80,77.703812,
IRL,2020,Female,35-44,82.5,80.569237,
IRL,2020,Female,35-44,85,82.931633,
IRL,2020,Female,35-44,87.5,84.874657,
IRL,2020,Female,35-44,90,87.329903,
IRL,2020,Female,35-44,92.5,89.747719,
IRL,2020,Female,35-44,95,92.552002,
IRL,2020,Female,35-44,97.5,95.284958,
IRL,2020,Female,35-44,99,97.332489,
IRL,2020,Female,35-44,99.90000000000001,99.14473,
IRL,2020,Female,35-44,100,99.861053,
IRL,2020,Female,45-55,2.5,5.2546592,
IRL,2020,Female,45-55,5,7.2123389,
IRL,2020,Female,45-55,7.5,8.981719,
IRL,2020,Female,45-55,10,10.6489,
IRL,2020,Female,45-55,12.5,12.30551,
IRL,2020,Female,45-55,15,14.96284,
IRL,2020,Female,45-55,17.5,17.265699,
IRL,2020,Female,45-55,20,19.45664,
IRL,2020,Female,45-55,22.5,21.322321,
IRL,2020,Female,45-55,25,23.490191,
IRL,2020,Female,45-55,27.5,26.77742,
IRL,2020,Female,45-55,30,28.78133,
IRL,2020,Female,45-55,32.5,30.9519,
IRL,2020,Female,45-55,35,32.91143,
IRL,2020,Female,45-55,37.5,35.508018,
IRL,2020,Female,45-55,40,38.091179,
IRL,2020,Female,45-55,42.5,40.665852,
IRL,2020,Female,45-55,45,42.979031,
IRL,2020,Female,45-55,47.5,45.787251,
IRL,2020,Female,45-55,50,47.955078,
IRL,2020,Female,45-55,52.5,51.128738,
IRL,2020,Female,45-55,55,53.36956,
IRL,2020,Female,45-55,57.5,55.784809,
IRL,2020,Female,45-55,60,57.808201,
IRL,2020,Female,45-55,62.5,61.000629,
IRL,2020,Female,45-55,65,63.192322,
IRL,2020,Female,45-55,67.5,65.442863,
IRL,2020,Female,45-55,70,68.613037,
IRL,2020,Female,45-55,72.5,70.617554,
IRL,2020,Female,45-55,75,73.236588,
IRL,2020,Female,45-55,77.5,75.387573,
IRL,2020,Female,45-55,80,78.498947,
IRL,2020,Female,45-55,82.5,80.850563,
IRL,2020,Female,45-55,85,83.238777,
IRL,2020,Female,45-55,87.5,85.430946,
IRL,2020,Female,45-55,90,88.079521,
IRL,2020,Female,45-55,92.5,90.631317,
IRL,2020,Female,45-55,95,93.016373,
IRL,2020,Female,45-55,97.5,95.615997,
IRL,2020,Female,45-55,99,97.879936,
IRL,2020,Female,45-55,99.90000000000001,99.357071,
IRL,2020,Female,45-55,100,99.935692,
IRL,2020,Male,25-34,2.5,7.7668219,
IRL,2020,Male,25-34,5,9.8390598,
IRL,2020,Male,25-34,7.5,11.99101,
IRL,2020,Male,25-34,10,13.46328,
IRL,2020,Male,25-34,12.5,15.98459,
IRL,2020,Male,25-34,15,16.349701,
IRL,2020,Male,25-34,17.5,19.250151,
IRL,2020,Male,25-34,20,21.409309,
IRL,2020,Male,25-34,22.5,23.14098,
IRL,2020,Male,25-34,25,25.5285,
IRL,2020,Male,25-34,27.5,28.66592,
IRL,2020,Male,25-34,30,30.12674,
IRL,2020,Male,25-34,32.5,31.767509,
IRL,2020,Male,25-34,35,34.598511,
IRL,2020,Male,25-34,37.5,36.88316,
IRL,2020,Male,25-34,40,39.618069,
IRL,2020,Male,25-34,42.5,40.371658,
IRL,2020,Male,25-34,45,42.344688,
IRL,2020,Male,25-34,47.5,45.701981,
IRL,2020,Male,25-34,50,47.00996,
IRL,2020,Male,25-34,52.5,49.665089,
IRL,2020,Male,25-34,55,53.044701,
IRL,2020,Male,25-34,57.5,54.525768,
IRL,2020,Male,25-34,60,56.817329,
IRL,2020,Male,25-34,62.5,58.93256,
IRL,2020,Male,25-34,65,60.755482,
IRL,2020,Male,25-34,67.5,64.287697,
IRL,2020,Male,25-34,70,66.699043,
IRL,2020,Male,25-34,72.5,69.040962,
IRL,2020,Male,25-34,75,71.712753,
IRL,2020,Male,25-34,77.5,73.804077,
IRL,2020,Male,25-34,80,76.226112,
IRL,2020,Male,25-34,82.5,78.92939,
IRL,2020,Male,25-34,85,81.136963,
IRL,2020,Male,25-34,87.5,83.897591,
IRL,2020,Male,25-34,90,85.670067,
IRL,2020,Male,25-34,92.5,89.097931,
IRL,2020,Male,25-34,95,92.045937,
IRL,2020,Male,25-34,97.5,94.68103,
IRL,2020,Male,25-34,99,97.123863,
IRL,2020,Male,25-34,99.90000000000001,98.875633,
IRL,2020,Male,25-34,100,99.689537,
IRL,2020,Male,25-55,2.5,5.763772,
IRL,2020,Male,25-55,5,7.8939419,
IRL,2020,Male,25-55,7.5,10.21159,
IRL,2020,Male,25-55,10,11.93806,
IRL,2020,Male,25-55,12.5,13.8434,
IRL,2020,Male,25-55,15,15.43181,
IRL,2020,Male,25-55,17.5,18.212521,
IRL,2020,Male,25-55,20,20.815861,
IRL,2020,Male,25-55,22.5,22.72444,
IRL,2020,Male,25-55,25,25.06146,
IRL,2020,Male,25-55,27.5,27.410721,
IRL,2020,Male,25-55,30,29.642929,
IRL,2020,Male,25-55,32.5,31.7421,
IRL,2020,Male,25-55,35,33.768539,
IRL,2020,Male,25-55,37.5,36.264099,
IRL,2020,Male,25-55,40,38.635059,
IRL,2020,Male,25-55,42.5,40.380791,
IRL,2020,Male,25-55,45,43.134571,
IRL,2020,Male,25-55,47.5,45.54184,
IRL,2020,Male,25-55,50,47.772881,
IRL,2020,Male,25-55,52.5,49.86433,
IRL,2020,Male,25-55,55,52.81522,
IRL,2020,Male,25-55,57.5,54.936069,
IRL,2020,Male,25-55,60,57.462029,
IRL,2020,Male,25-55,62.5,59.99931,
IRL,2020,Male,25-55,65,61.878422,
IRL,2020,Male,25-55,67.5,64.940773,
IRL,2020,Male,25-55,70,67.512123,
IRL,2020,Male,25-55,72.5,69.728104,
IRL,2020,Male,25-55,75,72.616814,
IRL,2020,Male,25-55,77.5,74.91787,
IRL,2020,Male,25-55,80,77.053108,
IRL,2020,Male,25-55,82.5,80.13208,
IRL,2020,Male,25-55,85,82.39415,
IRL,2020,Male,25-55,87.5,84.960899,
IRL,2020,Male,25-55,90,87.265442,
IRL,2020,Male,25-55,92.5,90.048553,
IRL,2020,Male,25-55,95,92.618309,
IRL,2020,Male,25-55,97.5,95.211433,
IRL,2020,Male,25-55,99,97.403999,
IRL,2020,Male,25-55,99.90000000000001,99.093513,
IRL,2020,Male,25-55,100,99.506271,
IRL,2020,Male,35-44,2.5,5.1501918,
IRL,2020,Male,35-44,5,7.7582731,
IRL,2020,Male,35-44,7.5,10.13862,
IRL,2020,Male,35-44,10,11.77853,
IRL,2020,Male,35-44,12.5,13.03929,
IRL,2020,Male,35-44,15,15.26994,
IRL,2020,Male,35-44,17.5,17.872169,
IRL,2020,Male,35-44,20,20.97616,
IRL,2020,Male,35-44,22.5,22.993259,
IRL,2020,Male,35-44,25,24.827869,
IRL,2020,Male,35-44,27.5,26.929041,
IRL,2020,Male,35-44,30,29.79693,
IRL,2020,Male,35-44,32.5,32.098221,
IRL,2020,Male,35-44,35,33.521801,
IRL,2020,Male,35-44,37.5,35.839619,
IRL,2020,Male,35-44,40,38.11174,
IRL,2020,Male,35-44,42.5,40.33313,
IRL,2020,Male,35-44,45,43.76741,
IRL,2020,Male,35-44,47.5,45.581551,
IRL,2020,Male,35-44,50,47.718651,
IRL,2020,Male,35-44,52.5,49.820469,
IRL,2020,Male,35-44,55,52.39957,
IRL,2020,Male,35-44,57.5,55.15115,
IRL,2020,Male,35-44,60,57.450291,
IRL,2020,Male,35-44,62.5,60.18988,
IRL,2020,Male,35-44,65,61.89201,
IRL,2020,Male,35-44,67.5,65.322433,
IRL,2020,Male,35-44,70,67.835487,
IRL,2020,Male,35-44,72.5,69.429947,
IRL,2020,Male,35-44,75,72.686943,
IRL,2020,Male,35-44,77.5,74.899307,
IRL,2020,Male,35-44,80,76.940048,
IRL,2020,Male,35-44,82.5,80.641113,
IRL,2020,Male,35-44,85,82.760727,
IRL,2020,Male,35-44,87.5,85.292282,
IRL,2020,Male,35-44,90,87.754829,
IRL,2020,Male,35-44,92.5,90.232803,
IRL,2020,Male,35-44,95,92.724121,
IRL,2020,Male,35-44,97.5,95.469513,
IRL,2020,Male,35-44,99,97.611748,
IRL,2020,Male,35-44,99.90000000000001,99.070236,
IRL,2020,Male,35-44,100,99.030746,
IRL,2020,Male,45-55,2.5,4.6061821,
IRL,2020,Male,45-55,5,6.190414,
IRL,2020,Male,45-55,7.5,8.5990047,
IRL,2020,Male,45-55,10,10.66782,
IRL,2020,Male,45-55,12.5,12.79828,
IRL,2020,Male,45-55,15,14.75411,
IRL,2020,Male,45-55,17.5,17.64299,
IRL,2020,Male,45-55,20,20.039101,
IRL,2020,Male,45-55,22.5,21.982401,
IRL,2020,Male,45-55,25,24.90764,
IRL,2020,Male,45-55,27.5,26.813,
IRL,2020,Male,45-55,30,28.982559,
IRL,2020,Male,45-55,32.5,31.26569,
IRL,2020,Male,45-55,35,33.279369,
IRL,2020,Male,45-55,37.5,36.206791,
IRL,2020,Male,45-55,40,38.34972,
IRL,2020,Male,45-55,42.5,40.44994,
IRL,2020,Male,45-55,45,43.0923,
IRL,2020,Male,45-55,47.5,45.337879,
IRL,2020,Male,45-55,50,48.5797,
IRL,2020,Male,45-55,52.5,50.11216,
IRL,2020,Male,45-55,55,53.12038,
IRL,2020,Male,45-55,57.5,55.058041,
IRL,2020,Male,45-55,60,58.098518,
IRL,2020,Male,45-55,62.5,60.784771,
IRL,2020,Male,45-55,65,62.942139,
IRL,2020,Male,45-55,67.5,65.087448,
IRL,2020,Male,45-55,70,67.883957,
IRL,2020,Male,45-55,72.5,70.767326,
IRL,2020,Male,45-55,75,73.399269,
IRL,2020,Male,45-55,77.5,76.010269,
IRL,2020,Male,45-55,80,77.999199,
IRL,2020,Male,45-55,82.5,80.639214,
IRL,2020,Male,45-55,85,83.146111,
IRL,2020,Male,45-55,87.5,85.561363,
IRL,2020,Male,45-55,90,88.184914,
IRL,2020,Male,45-55,92.5,90.731361,
IRL,2020,Male,45-55,95,93.033524,
IRL,2020,Male,45-55,97.5,95.396873,
IRL,2020,Male,45-55,99,97.408928,
IRL,2020,Male,45-55,99.90000000000001,99.330803,
IRL,2020,Male,45-55,100,99.930656,
IRL,2021,All genders,25-34,2.5,9.4358206,
IRL,2021,All genders,25-34,5,10.73596,
IRL,2021,All genders,25-34,7.5,12.15824,
IRL,2021,All genders,25-34,10,13.89874,
IRL,2021,All genders,25-34,12.5,15.14144,
IRL,2021,All genders,25-34,15,16.71657,
IRL,2021,All genders,25-34,17.5,19.23279,
IRL,2021,All genders,25-34,20,21.32073,
IRL,2021,All genders,25-34,22.5,22.622101,
IRL,2021,All genders,25-34,25,25.770029,
IRL,2021,All genders,25-34,27.5,27.052059,
IRL,2021,All genders,25-34,30,28.9242,
IRL,2021,All genders,25-34,32.5,31.711201,
IRL,2021,All genders,25-34,35,34.065769,
IRL,2021,All genders,25-34,37.5,35.58654,
IRL,2021,All genders,25-34,40,38.29879,
IRL,2021,All genders,25-34,42.5,40.60738,
IRL,2021,All genders,25-34,45,42.376919,
IRL,2021,All genders,25-34,47.5,44.919479,
IRL,2021,All genders,25-34,50,47.57547,
IRL,2021,All genders,25-34,52.5,49.671989,
IRL,2021,All genders,25-34,55,52.04377,
IRL,2021,All genders,25-34,57.5,55.16917,
IRL,2021,All genders,25-34,60,56.433899,
IRL,2021,All genders,25-34,62.5,59.280529,
IRL,2021,All genders,25-34,65,62.351059,
IRL,2021,All genders,25-34,67.5,63.58923,
IRL,2021,All genders,25-34,70,67.073822,
IRL,2021,All genders,25-34,72.5,69.508957,
IRL,2021,All genders,25-34,75,71.901756,
IRL,2021,All genders,25-34,77.5,74.179466,
IRL,2021,All genders,25-34,80,76.68486,
IRL,2021,All genders,25-34,82.5,79.149033,
IRL,2021,All genders,25-34,85,81.341499,
IRL,2021,All genders,25-34,87.5,84.052513,
IRL,2021,All genders,25-34,90,86.234009,
IRL,2021,All genders,25-34,92.5,89.354568,
IRL,2021,All genders,25-34,95,91.78698,
IRL,2021,All genders,25-34,97.5,94.738052,
IRL,2021,All genders,25-34,99,97.324471,
IRL,2021,All genders,25-34,99.90000000000001,98.779358,
IRL,2021,All genders,25-34,100,99.886299,
IRL,2021,All genders,25-55,2.5,6.8567948,
IRL,2021,All genders,25-55,5,8.6971712,
IRL,2021,All genders,25-55,7.5,10.24825,
IRL,2021,All genders,25-55,10,11.8299,
IRL,2021,All genders,25-55,12.5,13.57548,
IRL,2021,All genders,25-55,15,15.3868,
IRL,2021,All genders,25-55,17.5,17.619141,
IRL,2021,All genders,25-55,20,19.90707,
IRL,2021,All genders,25-55,22.5,21.94441,
IRL,2021,All genders,25-55,25,24.834591,
IRL,2021,All genders,25-55,27.5,26.74581,
IRL,2021,All genders,25-55,30,28.68508,
IRL,2021,All genders,25-55,32.5,31.43553,
IRL,2021,All genders,25-55,35,33.696972,
IRL,2021,All genders,25-55,37.5,35.808979,
IRL,2021,All genders,25-55,40,38.239109,
IRL,2021,All genders,25-55,42.5,40.68697,
IRL,2021,All genders,25-55,45,42.945431,
IRL,2021,All genders,25-55,47.5,45.53326,
IRL,2021,All genders,25-55,50,48.137489,
IRL,2021,All genders,25-55,52.5,50.38649,
IRL,2021,All genders,25-55,55,52.635761,
IRL,2021,All genders,25-55,57.5,55.369259,
IRL,2021,All genders,25-55,60,57.246841,
IRL,2021,All genders,25-55,62.5,60.060848,
IRL,2021,All genders,25-55,65,62.740551,
IRL,2021,All genders,25-55,67.5,64.828163,
IRL,2021,All genders,25-55,70,67.7752,
IRL,2021,All genders,25-55,72.5,70.240692,
IRL,2021,All genders,25-55,75,72.607697,
IRL,2021,All genders,25-55,77.5,75.072647,
IRL,2021,All genders,25-55,80,77.651627,
IRL,2021,All genders,25-55,82.5,80.115173,
IRL,2021,All genders,25-55,85,82.584557,
IRL,2021,All genders,25-55,87.5,85.010452,
IRL,2021,All genders,25-55,90,87.372368,
IRL,2021,All genders,25-55,92.5,89.918983,
IRL,2021,All genders,25-55,95,92.603157,
IRL,2021,All genders,25-55,97.5,95.347343,
IRL,2021,All genders,25-55,99,97.691177,
IRL,2021,All genders,25-55,99.90000000000001,99.118599,
IRL,2021,All genders,25-55,100,99.53347,
IRL,2021,All genders,35-44,2.5,6.2010589,
IRL,2021,All genders,35-44,5,8.3964052,
IRL,2021,All genders,35-44,7.5,10.11962,
IRL,2021,All genders,35-44,10,11.38731,
IRL,2021,All genders,35-44,12.5,13.43221,
IRL,2021,All genders,35-44,15,15.25109,
IRL,2021,All genders,35-44,17.5,17.04635,
IRL,2021,All genders,35-44,20,19.5093,
IRL,2021,All genders,35-44,22.5,21.73538,
IRL,2021,All genders,35-44,25,24.75174,
IRL,2021,All genders,35-44,27.5,26.726,
IRL,2021,All genders,35-44,30,28.59292,
IRL,2021,All genders,35-44,32.5,31.135839,
IRL,2021,All genders,35-44,35,33.7248,
IRL,2021,All genders,35-44,37.5,35.82547,
IRL,2021,All genders,35-44,40,38.27599,
IRL,2021,All genders,35-44,42.5,40.63781,
IRL,2021,All genders,35-44,45,43.239189,
IRL,2021,All genders,35-44,47.5,45.82497,
IRL,2021,All genders,35-44,50,48.220451,
IRL,2021,All genders,35-44,52.5,50.36409,
IRL,2021,All genders,35-44,55,52.707031,
IRL,2021,All genders,35-44,57.5,55.103741,
IRL,2021,All genders,35-44,60,57.46212,
IRL,2021,All genders,35-44,62.5,60.125721,
IRL,2021,All genders,35-44,65,62.893291,
IRL,2021,All genders,35-44,67.5,65.424713,
IRL,2021,All genders,35-44,70,67.939339,
IRL,2021,All genders,35-44,72.5,70.460274,
IRL,2021,All genders,35-44,75,72.658157,
IRL,2021,All genders,35-44,77.5,75.348297,
IRL,2021,All genders,35-44,80,77.835854,
IRL,2021,All genders,35-44,82.5,80.183273,
IRL,2021,All genders,35-44,85,82.936531,
IRL,2021,All genders,35-44,87.5,85.135033,
IRL,2021,All genders,35-44,90,87.672523,
IRL,2021,All genders,35-44,92.5,89.879921,
IRL,2021,All genders,35-44,95,92.621353,
IRL,2021,All genders,35-44,97.5,95.459877,
IRL,2021,All genders,35-44,99,97.690781,
IRL,2021,All genders,35-44,99.90000000000001,99.265533,
IRL,2021,All genders,35-44,100,99.880928,
IRL,2021,All genders,45-55,2.5,5.292686,
IRL,2021,All genders,45-55,5,7.1951132,
IRL,2021,All genders,45-55,7.5,8.6571922,
IRL,2021,All genders,45-55,10,10.47769,
IRL,2021,All genders,45-55,12.5,12.31547,
IRL,2021,All genders,45-55,15,14.33442,
IRL,2021,All genders,45-55,17.5,16.845301,
IRL,2021,All genders,45-55,20,19.09688,
IRL,2021,All genders,45-55,22.5,21.58045,
IRL,2021,All genders,45-55,25,24.079081,
IRL,2021,All genders,45-55,27.5,26.4891,
IRL,2021,All genders,45-55,30,28.578819,
IRL,2021,All genders,45-55,32.5,31.54937,
IRL,2021,All genders,45-55,35,33.325081,
IRL,2021,All genders,45-55,37.5,35.992512,
IRL,2021,All genders,45-55,40,38.13929,
IRL,2021,All genders,45-55,42.5,40.820049,
IRL,2021,All genders,45-55,45,43.107311,
IRL,2021,All genders,45-55,47.5,45.738441,
IRL,2021,All genders,45-55,50,48.55101,
IRL,2021,All genders,45-55,52.5,51.068909,
IRL,2021,All genders,45-55,55,53.091122,
IRL,2021,All genders,45-55,57.5,55.877979,
IRL,2021,All genders,45-55,60,57.726631,
IRL,2021,All genders,45-55,62.5,60.697491,
IRL,2021,All genders,45-55,65,62.910049,
IRL,2021,All genders,45-55,67.5,65.231583,
IRL,2021,All genders,45-55,70,68.21698,
IRL,2021,All genders,45-55,72.5,70.642677,
IRL,2021,All genders,45-55,75,73.193176,
IRL,2021,All genders,45-55,77.5,75.553436,
IRL,2021,All genders,45-55,80,78.309982,
IRL,2021,All genders,45-55,82.5,80.918869,
IRL,2021,All genders,45-55,85,83.290207,
IRL,2021,All genders,45-55,87.5,85.736618,
IRL,2021,All genders,45-55,90,88.047752,
IRL,2021,All genders,45-55,92.5,90.485069,
IRL,2021,All genders,45-55,95,93.327377,
IRL,2021,All genders,45-55,97.5,95.769211,
IRL,2021,All genders,45-55,99,98.027878,
IRL,2021,All genders,45-55,99.90000000000001,99.248322,
IRL,2021,All genders,45-55,100,98.761742,
IRL,2021,Female,25-34,2.5,10.28588,
IRL,2021,Female,25-34,5,10.66169,
IRL,2021,Female,25-34,7.5,12.46364,
IRL,2021,Female,25-34,10,13.78609,
IRL,2021,Female,25-34,12.5,14.99976,
IRL,2021,Female,25-34,15,16.525351,
IRL,2021,Female,25-34,17.5,19.15164,
IRL,2021,Female,25-34,20,21.87973,
IRL,2021,Female,25-34,22.5,22.804991,
IRL,2021,Female,25-34,25,26.04285,
IRL,2021,Female,25-34,27.5,26.124701,
IRL,2021,Female,25-34,30,28.39155,
IRL,2021,Female,25-34,32.5,31.44799,
IRL,2021,Female,25-34,35,33.97411,
IRL,2021,Female,25-34,37.5,34.082111,
IRL,2021,Female,25-34,40,37.863609,
IRL,2021,Female,25-34,42.5,40.691212,
IRL,2021,Female,25-34,45,42.475681,
IRL,2021,Female,25-34,47.5,44.19643,
IRL,2021,Female,25-34,50,47.858009,
IRL,2021,Female,25-34,52.5,50.23032,
IRL,2021,Female,25-34,55,51.676498,
IRL,2021,Female,25-34,57.5,54.66592,
IRL,2021,Female,25-34,60,56.56971,
IRL,2021,Female,25-34,62.5,59.537621,
IRL,2021,Female,25-34,65,62.504131,
IRL,2021,Female,25-34,67.5,64.199173,
IRL,2021,Female,25-34,70,67.760521,
IRL,2021,Female,25-34,72.5,69.412323,
IRL,2021,Female,25-34,75,72.527443,
IRL,2021,Female,25-34,77.5,74.829002,
IRL,2021,Female,25-34,80,77.108818,
IRL,2021,Female,25-34,82.5,79.590622,
IRL,2021,Female,25-34,85,81.474991,
IRL,2021,Female,25-34,87.5,83.678322,
IRL,2021,Female,25-34,90,86.054237,
IRL,2021,Female,25-34,92.5,88.808723,
IRL,2021,Female,25-34,95,91.784714,
IRL,2021,Female,25-34,97.5,94.522888,
IRL,2021,Female,25-34,99,97.304222,
IRL,2021,Female,25-34,99.90000000000001,99.071877,
IRL,2021,Female,25-34,100,99.864418,
IRL,2021,Female,25-55,2.5,7.225965,
IRL,2021,Female,25-55,5,8.6822624,
IRL,2021,Female,25-55,7.5,10.55455,
IRL,2021,Female,25-55,10,11.79581,
IRL,2021,Female,25-55,12.5,13.37933,
IRL,2021,Female,25-55,15,15.54429,
IRL,2021,Female,25-55,17.5,17.354179,
IRL,2021,Female,25-55,20,20.142269,
IRL,2021,Female,25-55,22.5,21.71454,
IRL,2021,Female,25-55,25,24.818911,
IRL,2021,Female,25-55,27.5,26.08877,
IRL,2021,Female,25-55,30,28.323931,
IRL,2021,Female,25-55,32.5,31.262421,
IRL,2021,Female,25-55,35,33.509281,
IRL,2021,Female,25-55,37.5,35.270649,
IRL,2021,Female,25-55,40,38.13303,
IRL,2021,Female,25-55,42.5,40.525101,
IRL,2021,Female,25-55,45,43.23399,
IRL,2021,Female,25-55,47.5,45.183338,
IRL,2021,Female,25-55,50,48.450401,
IRL,2021,Female,25-55,52.5,50.669651,
IRL,2021,Female,25-55,55,52.689831,
IRL,2021,Female,25-55,57.5,55.332901,
IRL,2021,Female,25-55,60,57.53236,
IRL,2021,Female,25-55,62.5,60.245979,
IRL,2021,Female,25-55,65,62.859032,
IRL,2021,Female,25-55,67.5,65.299744,
IRL,2021,Female,25-55,70,68.054047,
IRL,2021,Female,25-55,72.5,70.089813,
IRL,2021,Female,25-55,75,72.746803,
IRL,2021,Female,25-55,77.5,75.215187,
IRL,2021,Female,25-55,80,77.812241,
IRL,2021,Female,25-55,82.5,80.258072,
IRL,2021,Female,25-55,85,82.695328,
IRL,2021,Female,25-55,87.5,84.895126,
IRL,2021,Female,25-55,90,87.24279,
IRL,2021,Female,25-55,92.5,89.735207,
IRL,2021,Female,25-55,95,92.546158,
IRL,2021,Female,25-55,97.5,95.240013,
IRL,2021,Female,25-55,99,97.683273,
IRL,2021,Female,25-55,99.90000000000001,99.241188,
IRL,2021,Female,25-55,100,99.89164,
IRL,2021,Female,35-44,2.5,6.5143919,
IRL,2021,Female,35-44,5,8.4997301,
IRL,2021,Female,35-44,7.5,10.37711,
IRL,2021,Female,35-44,10,11.52764,
IRL,2021,Female,35-44,12.5,13.15152,
IRL,2021,Female,35-44,15,15.45378,
IRL,2021,Female,35-44,17.5,16.86035,
IRL,2021,Female,35-44,20,19.69474,
IRL,2021,Female,35-44,22.5,21.253559,
IRL,2021,Female,35-44,25,24.844721,
IRL,2021,Female,35-44,27.5,25.929951,
IRL,2021,Female,35-44,30,28.202829,
IRL,2021,Female,35-44,32.5,30.6936,
IRL,2021,Female,35-44,35,33.266541,
IRL,2021,Female,35-44,37.5,35.62973,
IRL,2021,Female,35-44,40,38.346001,
IRL,2021,Female,35-44,42.5,40.011391,
IRL,2021,Female,35-44,45,43.7897,
IRL,2021,Female,35-44,47.5,45.798969,
IRL,2021,Female,35-44,50,48.365822,
IRL,2021,Female,35-44,52.5,50.590939,
IRL,2021,Female,35-44,55,52.994781,
IRL,2021,Female,35-44,57.5,55.61607,
IRL,2021,Female,35-44,60,57.907471,
IRL,2021,Female,35-44,62.5,60.23222,
IRL,2021,Female,35-44,65,62.79496,
IRL,2021,Female,35-44,67.5,66.112572,
IRL,2021,Female,35-44,70,67.924026,
IRL,2021,Female,35-44,72.5,70.437637,
IRL,2021,Female,35-44,75,72.58506,
IRL,2021,Female,35-44,77.5,75.388481,
IRL,2021,Female,35-44,80,77.934593,
IRL,2021,Female,35-44,82.5,80.378647,
IRL,2021,Female,35-44,85,82.986191,
IRL,2021,Female,35-44,87.5,85.067093,
IRL,2021,Female,35-44,90,87.465607,
IRL,2021,Female,35-44,92.5,89.789909,
IRL,2021,Female,35-44,95,92.454071,
IRL,2021,Female,35-44,97.5,95.390747,
IRL,2021,Female,35-44,99,97.702713,
IRL,2021,Female,35-44,99.90000000000001,99.27346,
IRL,2021,Female,35-44,100,99.881233,
IRL,2021,Female,45-55,2.5,5.3173862,
IRL,2021,Female,45-55,5,7.1127911,
IRL,2021,Female,45-55,7.5,9.0441761,
IRL,2021,Female,45-55,10,10.32042,
IRL,2021,Female,45-55,12.5,12.19092,
IRL,2021,Female,45-55,15,14.76747,
IRL,2021,Female,45-55,17.5,16.338909,
IRL,2021,Female,45-55,20,19.110649,
IRL,2021,Female,45-55,22.5,21.293751,
IRL,2021,Female,45-55,25,23.677401,
IRL,2021,Female,45-55,27.5,26.25103,
IRL,2021,Female,45-55,30,28.410431,
IRL,2021,Female,45-55,32.5,31.790609,
IRL,2021,Female,45-55,35,33.385681,
IRL,2021,Female,45-55,37.5,35.909851,
IRL,2021,Female,45-55,40,38.117039,
IRL,2021,Female,45-55,42.5,41.00354,
IRL,2021,Female,45-55,45,43.2444,
IRL,2021,Female,45-55,47.5,45.324162,
IRL,2021,Female,45-55,50,49.088188,
IRL,2021,Female,45-55,52.5,51.164478,
IRL,2021,Female,45-55,55,53.233879,
IRL,2021,Female,45-55,57.5,55.594349,
IRL,2021,Female,45-55,60,57.940041,
IRL,2021,Female,45-55,62.5,60.905312,
IRL,2021,Female,45-55,65,63.26022,
IRL,2021,Female,45-55,67.5,65.302094,
IRL,2021,Female,45-55,70,68.478981,
IRL,2021,Female,45-55,72.5,70.281181,
IRL,2021,Female,45-55,75,73.144218,
IRL,2021,Female,45-55,77.5,75.352676,
IRL,2021,Female,45-55,80,78.299744,
IRL,2021,Female,45-55,82.5,80.71434,
IRL,2021,Female,45-55,85,83.439034,
IRL,2021,Female,45-55,87.5,85.788307,
IRL,2021,Female,45-55,90,88.047432,
IRL,2021,Female,45-55,92.5,90.509293,
IRL,2021,Female,45-55,95,93.348106,
IRL,2021,Female,45-55,97.5,95.704987,
IRL,2021,Female,45-55,99,98.003578,
IRL,2021,Female,45-55,99.90000000000001,99.354988,
IRL,2021,Female,45-55,100,99.929321,
IRL,2021,Male,25-34,2.5,8.6434097,
IRL,2021,Male,25-34,5,10.80499,
IRL,2021,Male,25-34,7.5,11.87249,
IRL,2021,Male,25-34,10,14.00346,
IRL,2021,Male,25-34,12.5,15.27335,
IRL,2021,Male,25-34,15,16.89463,
IRL,2021,Male,25-34,17.5,19.308081,
IRL,2021,Male,25-34,20,20.798519,
IRL,2021,Male,25-34,22.5,22.45211,
IRL,2021,Male,25-34,25,25.516041,
IRL,2021,Male,25-34,27.5,27.917009,
IRL,2021,Male,25-34,30,29.420111,
IRL,2021,Male,25-34,32.5,31.95587,
IRL,2021,Male,25-34,35,34.15097,
IRL,2021,Male,25-34,37.5,36.996361,
IRL,2021,Male,25-34,40,38.704651,
IRL,2021,Male,25-34,42.5,40.53009,
IRL,2021,Male,25-34,45,42.284519,
IRL,2021,Male,25-34,47.5,45.5938,
IRL,2021,Male,25-34,50,47.313271,
IRL,2021,Male,25-34,52.5,49.150471,
IRL,2021,Male,25-34,55,52.38575,
IRL,2021,Male,25-34,57.5,55.640041,
IRL,2021,Male,25-34,60,56.30827,
IRL,2021,Male,25-34,62.5,59.041149,
IRL,2021,Male,25-34,65,62.208321,
IRL,2021,Male,25-34,67.5,63.022301,
IRL,2021,Male,25-34,70,66.435493,
IRL,2021,Male,25-34,72.5,69.599533,
IRL,2021,Male,25-34,75,71.318192,
IRL,2021,Male,25-34,77.5,73.576714,
IRL,2021,Male,25-34,80,76.288239,
IRL,2021,Male,25-34,82.5,78.740509,
IRL,2021,Male,25-34,85,81.217422,
IRL,2021,Male,25-34,87.5,84.400879,
IRL,2021,Male,25-34,90,86.401939,
IRL,2021,Male,25-34,92.5,89.86113,
IRL,2021,Male,25-34,95,91.789124,
IRL,2021,Male,25-34,97.5,94.937561,
IRL,2021,Male,25-34,99,97.3433,
IRL,2021,Male,25-34,99.90000000000001,98.503593,
IRL,2021,Male,25-34,100,99.905441,
IRL,2021,Male,25-55,2.5,6.507659,
IRL,2021,Male,25-55,5,8.7112484,
IRL,2021,Male,25-55,7.5,9.9576292,
IRL,2021,Male,25-55,10,11.86206,
IRL,2021,Male,25-55,12.5,13.76114,
IRL,2021,Male,25-55,15,15.23779,
IRL,2021,Male,25-55,17.5,17.869579,
IRL,2021,Male,25-55,20,19.68434,
IRL,2021,Male,25-55,22.5,22.16169,
IRL,2021,Male,25-55,25,24.8494,
IRL,2021,Male,25-55,27.5,27.368959,
IRL,2021,Male,25-55,30,29.02643,
IRL,2021,Male,25-55,32.5,31.599001,
IRL,2021,Male,25-55,35,33.87429,
IRL,2021,Male,25-55,37.5,36.319729,
IRL,2021,Male,25-55,40,38.33942,
IRL,2021,Male,25-55,42.5,40.839748,
IRL,2021,Male,25-55,45,42.672428,
IRL,2021,Male,25-55,47.5,45.86417,
IRL,2021,Male,25-55,50,47.841461,
IRL,2021,Male,25-55,52.5,50.118469,
IRL,2021,Male,25-55,55,52.584579,
IRL,2021,Male,25-55,57.5,55.403599,
IRL,2021,Male,25-55,60,56.977081,
IRL,2021,Male,25-55,62.5,59.8857,
IRL,2021,Male,25-55,65,62.628471,
IRL,2021,Male,25-55,67.5,64.382423,
IRL,2021,Male,25-55,70,67.511627,
IRL,2021,Male,25-55,72.5,70.38343,
IRL,2021,Male,25-55,75,72.475769,
IRL,2021,Male,25-55,77.5,74.938187,
IRL,2021,Male,25-55,80,77.499687,
IRL,2021,Male,25-55,82.5,79.980087,
IRL,2021,Male,25-55,85,82.479713,
IRL,2021,Male,25-55,87.5,85.119392,
IRL,2021,Male,25-55,90,87.495087,
IRL,2021,Male,25-55,92.5,90.092346,
IRL,2021,Male,25-55,95,92.657249,
IRL,2021,Male,25-55,97.5,95.448662,
IRL,2021,Male,25-55,99,97.698647,
IRL,2021,Male,25-55,99.90000000000001,99.002296,
IRL,2021,Male,25-55,100,99.195961,
IRL,2021,Male,35-44,2.5,5.9026828,
IRL,2021,Male,35-44,5,8.298461,
IRL,2021,Male,35-44,7.5,9.8746357,
IRL,2021,Male,35-44,10,11.25395,
IRL,2021,Male,35-44,12.5,13.69959,
IRL,2021,Male,35-44,15,15.05848,
IRL,2021,Male,35-44,17.5,17.22267,
IRL,2021,Male,35-44,20,19.33223,
IRL,2021,Male,35-44,22.5,22.192699,
IRL,2021,Male,35-44,25,24.6635,
IRL,2021,Male,35-44,27.5,27.48711,
IRL,2021,Male,35-44,30,28.9627,
IRL,2021,Male,35-44,32.5,31.556561,
IRL,2021,Male,35-44,35,34.15868,
IRL,2021,Male,35-44,37.5,36.012379,
IRL,2021,Male,35-44,40,38.209549,
IRL,2021,Male,35-44,42.5,41.23381,
IRL,2021,Male,35-44,45,42.71674,
IRL,2021,Male,35-44,47.5,45.849689,
IRL,2021,Male,35-44,50,48.081989,
IRL,2021,Male,35-44,52.5,50.148521,
IRL,2021,Male,35-44,55,52.432892,
IRL,2021,Male,35-44,57.5,54.618118,
IRL,2021,Male,35-44,60,57.038891,
IRL,2021,Male,35-44,62.5,60.024281,
IRL,2021,Male,35-44,65,62.986969,
IRL,2021,Male,35-44,67.5,64.773407,
IRL,2021,Male,35-44,70,67.953918,
IRL,2021,Male,35-44,72.5,70.481697,
IRL,2021,Male,35-44,75,72.728142,
IRL,2021,Male,35-44,77.5,75.310226,
IRL,2021,Male,35-44,80,77.742249,
IRL,2021,Male,35-44,82.5,79.996498,
IRL,2021,Male,35-44,85,82.889397,
IRL,2021,Male,35-44,87.5,85.199509,
IRL,2021,Male,35-44,90,87.86937,
IRL,2021,Male,35-44,92.5,89.965561,
IRL,2021,Male,35-44,95,92.780296,
IRL,2021,Male,35-44,97.5,95.525459,
IRL,2021,Male,35-44,99,97.679398,
IRL,2021,Male,35-44,99.90000000000001,99.258003,
IRL,2021,Male,35-44,100,99.880638,
IRL,2021,Male,45-55,2.5,5.2692151,
IRL,2021,Male,45-55,5,7.2736058,
IRL,2021,Male,45-55,7.5,8.286521,
IRL,2021,Male,45-55,10,10.62675,
IRL,2021,Male,45-55,12.5,12.43423,
IRL,2021,Male,45-55,15,13.92085,
IRL,2021,Male,45-55,17.5,17.33032,
IRL,2021,Male,45-55,20,19.083799,
IRL,2021,Male,45-55,22.5,21.854231,
IRL,2021,Male,45-55,25,24.460381,
IRL,2021,Male,45-55,27.5,26.71612,
IRL,2021,Male,45-55,30,28.73962,
IRL,2021,Male,45-55,32.5,31.32036,
IRL,2021,Male,45-55,35,33.267139,
IRL,2021,Male,45-55,37.5,36.071209,
IRL,2021,Male,45-55,40,38.1605,
IRL,2021,Male,45-55,42.5,40.64484,
IRL,2021,Male,45-55,45,42.976791,
IRL,2021,Male,45-55,47.5,46.132271,
IRL,2021,Male,45-55,50,48.038021,
IRL,2021,Male,45-55,52.5,50.977791,
IRL,2021,Male,45-55,55,52.955002,
IRL,2021,Male,45-55,57.5,56.147202,
IRL,2021,Male,45-55,60,57.522518,
IRL,2021,Male,45-55,62.5,60.49963,
IRL,2021,Male,45-55,65,62.577179,
IRL,2021,Male,45-55,67.5,65.164047,
IRL,2021,Male,45-55,70,67.967888,
IRL,2021,Male,45-55,72.5,70.987381,
IRL,2021,Male,45-55,75,73.239807,
IRL,2021,Male,45-55,77.5,75.744591,
IRL,2021,Male,45-55,80,78.319763,
IRL,2021,Male,45-55,82.5,81.113312,
IRL,2021,Male,45-55,85,83.147461,
IRL,2021,Male,45-55,87.5,85.687408,
IRL,2021,Male,45-55,90,88.04805,
IRL,2021,Male,45-55,92.5,90.46212,
IRL,2021,Male,45-55,95,93.307541,
IRL,2021,Male,45-55,97.5,95.830513,
IRL,2021,Male,45-55,99,98.05088,
IRL,2021,Male,45-55,99.90000000000001,99.146393,
IRL,2021,Male,45-55,100,97.630653,
